Sample_ID,Sample_Longitude_avg,Sample_Latitude_avg,Normalized_Respiration_Rate_mg_DO_per_H_per_L_sediment_avg,mean.error_avg,predict.error_avg,pca.dist_avg,mean.error.scaled_avg,pca.dist.scaled_avg,combined.metric_avg,Sample_Longitude_std,Sample_Latitude_std,Normalized_Respiration_Rate_mg_DO_per_H_per_L_sediment_std,mean.error_std,predict.error_std,pca.dist_std,mean.error.scaled_std,pca.dist.scaled_std,combined.metric_std,best_worst_metric
CM_108-3,-78.63541,37.41459,-62.582298875483886,75.60663891608087,934.7188449493606,0.0487907546645696,0.1773185184879936,0.003444449309932,0.0006107646486441,0.0,0.0,25.3650831218305,17.503984711717873,210.3527502644808,0.0,0.0567202254727583,0.0,0.0001953699414888,3.254646345991674e-05
CM_108-1,-78.63541,37.41459,-62.94651691775312,75.5994890728666,934.71827919491,0.0487907546645696,0.1773044172336492,0.003444449309932,0.0006107160775883,0.0,0.0,25.85247832525208,17.49543284629997,210.35197686109817,0.0,0.0567001623650131,0.0,0.0001953008351312,3.3171850339293714e-05
CM_108-2,-78.63541,37.41459,-62.665715340135456,75.61202270605384,934.7192919541168,0.0487907546645696,0.1773259124844291,0.003444449309932,0.00061079011689,0.0,0.0,26.630356443140904,17.500899103227596,210.35243669452893,0.0,0.0566623442065588,0.0,0.0001951705724014,3.416996186207237e-05
CM_063-2,-71.035868,43.079493,-45.66545636179086,76.1069765795688,934.759548019982,0.1690329900688827,0.1786058885595217,0.0119331125333322,0.0021313241672965,0.0,0.0,22.5299818866673,17.584706628439502,210.35899288298103,0.0,0.057701934322117,0.0,0.0006885636756567,0.00010015261551921109
CM_063-1,-71.035868,43.079493,-45.59758816021037,76.10917005437906,934.7597263519368,0.1690329900688827,0.1786103684514261,0.0119331125333322,0.0021313776263507,0.0,0.0,22.559294334996032,17.585540610156826,210.3590638871584,0.0,0.0577006880433152,0.0,0.0006885488036715,0.00010028291825900742
CM_063-3,-71.035868,43.079493,-44.05865055731775,76.16322442395882,934.7641424236136,0.1690329900688827,0.1787166266972042,0.0119331125333322,0.0021326456179552,0.0,0.0,23.18637193364853,17.617088557073185,210.36163764660063,0.0,0.0576724862132758,0.0,0.00068821226806,0.00010307046873083977
CM_101-1,-80.9569115,33.9959631,-64.06680412412608,75.54956643701271,934.7143786579314,0.1573081335638103,0.1771323952659998,0.0111053804317159,0.0019671226362099,0.0,0.0,26.67849286801188,17.67423697407322,210.3662531509969,0.0,0.0568111113713978,0.0,0.0006309090045279,0.00011036781607015776
CM_101-3,-80.9569115,33.9959631,-63.63415697905957,75.56388197692999,934.715561686315,0.1573081335638103,0.1771658560424518,0.0111053804317159,0.001967494230862,0.0,0.0,26.97233964727503,17.67785914707881,210.36642990136187,0.0,0.0568169803176,0.0,0.0006309741814082,0.00011158344798186179
CM_101-2,-80.9569115,33.9959631,-63.50576539320163,75.5692024948685,934.7160051605566,0.1573081335638103,0.1771758698530278,0.0111053804317159,0.001967605438038,0.0,0.0,27.156842265406677,17.68538771709844,210.36699682869812,0.0,0.0568233311215961,0.0,0.0006310447095026,0.00011234672764399115
CM_066-2,-68.445497,44.640715,-57.25629585515152,75.7100372456233,934.7271300627544,0.2697478892771515,0.1776893643425388,0.0190432170492951,0.0033837771325262,0.0,0.0,24.20969152502781,17.567850630299965,210.35848981781984,0.0,0.0574734711502528,0.0,0.0010944797856906,0.00017174230601822463
CM_066-1,-68.445497,44.640715,-56.32823786588263,75.74289394921092,934.729848218724,0.2697478892771515,0.1777715900824962,0.0190432170492951,0.0033853429751392,0.0,0.0,24.313256536792085,17.58995165155228,210.36005879870365,0.0,0.0575416628869411,0.0,0.0010957783757333,0.00017247699088295383
CM_066-3,-68.445497,44.640715,-56.05840905512629,75.75356710067757,934.73073428596,0.2697478892771515,0.1777966561825549,0.0190432170492951,0.0033858203143232,0.0,0.0,24.315292405763323,17.600083999803783,210.36080191171348,0.0,0.0575584661780099,0.0,0.0010960983644523,0.0001724914332326843
S19S_0073-M,-70.9167967,42.7694593,-86.78017474105744,74.81416812374195,934.6546978597092,0.3260212329682209,0.175676863600686,0.0230159098509711,0.0040433628555347,0.0,0.0,23.194638462198583,17.290995405869904,210.33701133275324,0.0,0.0567190892344795,0.0,0.0013054414446499,0.000198867343364148
S19S_0073-D,-70.9164986,42.7688065,-127.60329426117812,73.7482347025937,934.5700496669084,0.3260212329682209,0.1732161220177727,0.0230159098509711,0.0039867266490958,0.0,0.0,26.94393360470044,16.924972270435486,210.30689193831623,0.0,0.056138934451207,0.0,0.0012920886544585,0.0002310132362907659
CM_002-1,-77.388447,38.7819267,-137.20190640174374,73.47517943765033,934.5484116587222,0.1986212483351948,0.1725124219844752,0.0140219356406636,0.0024189580782812,0.0,0.0,44.965782238689954,16.62211353514677,210.2833796045255,0.0,0.0551255484229682,0.0,0.0007729668921431,0.0002348755657022459
CM_002-2,-77.388447,38.7819267,-137.20190640174374,73.47517943765033,934.5484116587222,0.1986212483351948,0.1725124219844752,0.0140219356406636,0.0024189580782812,0.0,0.0,44.965782238689954,16.62211353514677,210.2833796045255,0.0,0.0551255484229682,0.0,0.0007729668921431,0.0002348755657022459
CM_011-2,-73.506215,42.505483,-142.87081217098643,73.38849655298137,934.541617390971,0.4335405888053988,0.1722139153856717,0.030606384184967,0.0052708452562912,0.0,0.0,23.356675499347265,16.950462621646444,210.30950595986036,0.0,0.0554128602500446,0.0,0.0016959872896007,0.0002662997564125332
CM_011-1,-73.506215,42.505483,-142.87081217098643,73.38849655298137,934.541617390971,0.4335405888053988,0.1722139153856717,0.030606384184967,0.0052708452562912,0.0,0.0,23.356675499347265,16.950462621646444,210.30950595986036,0.0,0.0554128602500446,0.0,0.0016959872896007,0.0002662997564125332
CM_011-3,-73.506215,42.505483,-142.87081217098643,73.38849655298137,934.541617390971,0.4335405888053988,0.1722139153856717,0.030606384184967,0.0052708452562912,0.0,0.0,23.356675499347265,16.950462621646444,210.30950595986036,0.0,0.0554128602500446,0.0,0.0016959872896007,0.0002662997564125332
CM_113-2,-119.97538,39.52207,-127.4713827317146,73.80322250268897,934.5746161780572,0.3331685458037553,0.1729427548288443,0.0235204840665879,0.0040676973093836,0.0,0.0,31.122951105334543,17.278371936145415,210.3345131570829,0.0,0.0552686599064782,0.0,0.0012999456347119,0.0002726934727971034
CM_113-1,-119.97538,39.52207,-127.49400383766404,73.80578006018305,934.5748826453712,0.3331685458037553,0.1729633980323637,0.0235204840665879,0.004068182847523,0.0,0.0,31.2732299309952,17.28885744269151,210.33505636697257,0.0,0.0553791568253781,0.0,0.0013025445757323,0.00027401018774224405
CM_113-3,-119.97538,39.52207,-127.65295333262006,73.79924066841048,934.5743010193296,0.3331685458037553,0.1729299036317356,0.0235204840665879,0.0040673950430067,0.0,0.0,31.360958091627356,17.278656217763658,210.3345400760596,0.0,0.055251092256215,0.0,0.0012995324350738,0.00027477884546701827
CM_094-2,-70.8911464,43.1798044,-87.3719512168856,74.85486676093271,934.6581864619804,0.5581913670231977,0.175668832231445,0.0394062744503777,0.0069224542152896,0.0,0.0,19.34724737902882,17.3682826690418,210.3422433083809,0.0,0.0566541720057148,0.0,0.0022325298508161,0.0002840091154251669
CM_094-1,-70.8911464,43.1798044,-90.15286736557243,74.77221508407965,934.651505032876,0.5581913670231977,0.1754470497246563,0.0394062744503777,0.0069137145929588,0.0,0.0,19.47210005618493,17.340995515796255,210.3403160840633,0.0,0.0564884599475535,0.0,0.0022259997559724,0.0002858418980274097
CM_094-3,-70.8911464,43.1798044,-92.92494162553292,74.70576011265095,934.646182867788,0.5581913670231977,0.1752297451180954,0.0394062744503777,0.0069051514279933,0.0,0.0,21.68836825671081,17.359822402598315,210.3419090886856,0.0,0.0562211111956419,0.0,0.0022154645376806,0.00031837574425602386
S19S_0082-M,-76.5464751,38.8748139,-114.55450952972556,74.06098627676504,934.5945084702852,0.4277838080675115,0.1736077391595589,0.0301999764633327,0.005242949636471,0.0,0.0,30.290903750329512,17.075332938480155,210.32039324420043,0.0,0.0552919699823708,0.0,0.0016698161920788,0.00034077407864261755
S19S_0082-U,-76.5464942,38.8749661,-108.76593665737153,74.20620463505456,934.606032585806,0.4277838080675115,0.1739703019546291,0.0301999764633327,0.0052538990243486,0.0,0.0,33.095170212951714,17.078388262510455,210.32061552585716,0.0,0.0554063232695945,0.0,0.0016732696586615,0.0003723222070162412
S19S_0082-D,-76.5465418,38.8748619,-108.10543135812304,74.23308286135594,934.6082720798802,0.4277838080675115,0.1740440471239483,0.0301999764633327,0.0052561261267263,0.0,0.0,33.135798782176416,17.10788178753993,210.32249396346657,0.0,0.0555116219974162,0.0,0.0016764496777634,0.00037277928031317
CM_037-1,-72.8972,41.3825,-56.895215212867775,75.75844157177262,934.7311689981844,0.6222462414386035,0.1777168196478908,0.0439283149372437,0.0078068004231378,0.0,0.0,22.899133363863484,17.537096881684977,210.35534558620824,0.0,0.0571542032643668,0.0,0.0025106878409843,0.00037472382589024685
CM_037-2,-72.8972,41.3825,-55.06195110908442,75.81945291452635,934.7361015276796,0.6222462414386035,0.1778464177313506,0.0439283149372437,0.0078124934485633,0.0,0.0,23.883158173302785,17.548186062378974,210.3563410654098,0.0,0.0571023292257759,0.0,0.00250840910188,0.00039082651132837405
CM_037-3,-72.8972,41.3825,-54.93698742326767,75.82432681678027,934.736504871517,0.6222462414386035,0.1778577191243662,0.0439283149372437,0.0078129898997149,0.0,0.0,23.91892649199979,17.549031373490596,210.3563721184439,0.0,0.0571044209280411,0.0,0.0025085009868359,0.0003914118278560709
CM_095-6,-84.575253,36.08252,-98.42985208873792,74.54967897142562,934.6337511605371,0.5052180454781823,0.1747807009846645,0.0356665511750369,0.0062338248160783,0.0,0.0,29.693386729098908,17.303570893597435,210.33712185559827,0.0,0.0556608106948215,0.0,0.0019852291530908,0.00039451958540551586
S19S_0072-D,-71.1848201,42.5235645,-58.71963953477109,75.68570650623884,934.725360295278,0.6261022095221987,0.1775933974192874,0.0442005322188982,0.0078497226844947,0.0,0.0,24.18071514808696,17.610272210313685,210.3610463011389,0.0,0.0574341381237074,0.0,0.0025386194726015,0.0003981478331786394
CM_093-1,-90.64121,46.37655,-70.78392041051488,75.33892692535635,934.6973315063228,0.6953867793068278,0.1770658232046473,0.0490917701229699,0.0086924746893969,0.0,0.0,21.94571134842643,17.436447911101965,210.346633075088,0.0,0.0574835384303928,0.0,0.0028219686544797,0.0004013341087724754
CM_004-2,-73.19778,42.72306,-63.079000677338925,75.57535427449815,934.7162724146444,0.6306796380736654,0.1772708325249612,0.0445236819779818,0.0078927501713134,0.0,0.0,24.198764962966266,17.484584217122347,210.35134678735335,0.0,0.0568117463387432,0.0,0.0025294681265999,0.0004013580612463673
CM_004-1,-73.19778,42.72306,-63.079000677338925,75.57535427449815,934.7162724146444,0.6306796380736654,0.1772708325249612,0.0445236819779818,0.0078927501713134,0.0,0.0,24.198764962966266,17.484584217122347,210.35134678735335,0.0,0.0568117463387432,0.0,0.0025294681265999,0.0004013580612463673
CM_004-3,-73.19778,42.72306,-63.079000677338925,75.57535427449815,934.7162724146444,0.6306796380736654,0.1772708325249612,0.0445236819779818,0.0078927501713134,0.0,0.0,24.198764962966266,17.484584217122347,210.35134678735335,0.0,0.0568117463387432,0.0,0.0025294681265999,0.0004013580612463673
CM_100-2,-81.60461,34.42521,-49.66123444424002,75.99748237525884,934.7506443395891,0.5857872122721489,0.178192511647477,0.0413544404662186,0.0073690516144515,0.0,0.0,26.090860142224663,17.665875127140634,210.3657697538737,0.0,0.057085147163417,0.0,0.0023607243198748,0.00040193725544346916
CM_100-3,-81.60461,34.42521,-49.37866157839862,76.01178246510622,934.7518109025648,0.5857872122721489,0.1782192432910052,0.0413544404662186,0.0073701570866123,0.0,0.0,26.165860164549752,17.66990702114343,210.3660895059928,0.0,0.057047692205054,0.0,0.002359175391029,0.00040309265250463227
S19S_0072-U,-71.1854501,42.5233858,-58.48835219762407,75.69461495990541,934.7261010898764,0.6261022095221987,0.1776099884102189,0.0442005322188982,0.0078504560151239,0.0,0.0,24.500547088350583,17.625259957357986,210.3622056173401,0.0,0.0574428547647833,0.0,0.0025390047527762,0.00040341402953459607
CM_100-1,-81.60461,34.42521,-49.41781262090072,76.0113008075337,934.7517647473416,0.5857872122721489,0.1782154883637601,0.0413544404662186,0.0073700018036971,0.0,0.0,26.2142652482082,17.66714907562011,210.3658923690831,0.0,0.0570300951390892,0.0,0.0023584476742122,0.0004038383468347208
CM_070-2,-72.41875,43.71559,-50.03095520615865,75.96058427764265,934.747526239378,0.7121312623525458,0.1782806807886652,0.0502738695487423,0.0089628596890302,0.0,0.0,21.770594603253876,17.509292304999853,210.35326543302412,0.0,0.0575564164230913,0.0,0.0028935837709475,0.00040771840953829835
S19S_0072-M,-71.18851406,42.5235479,-58.62482437462823,75.68888761731769,934.7256462678675,0.6261022095221987,0.177592454297676,0.0442005322188982,0.0078496809980175,0.0,0.0,24.97935725843093,17.625202470240563,210.3621565453988,0.0,0.0574410398750486,0.0,0.0025389245336841,0.00041129788369498343
CM_093-2,-90.64121,46.37655,-68.46308973079248,75.39883680718194,934.7021061760456,0.6953867793068278,0.177165637122142,0.0490917701229699,0.0086973747312896,0.0,0.0,22.753757543342957,17.483906529356076,210.3508495155804,0.0,0.057431272490025,0.0,0.0028194028269499,0.0004161113239802689
CM_095-5,-84.575253,36.08252,-108.95640043758284,74.26658086919458,934.6111165771432,0.5052180454781823,0.1740641861782273,0.0356665511750369,0.0062082692040668,0.0,0.0,31.484913602288657,17.233990718621506,210.3318845933333,0.0,0.0552580593902543,0.0,0.0019708644030757,0.0004183226108300633
CM_093-3,-90.64121,46.37655,-70.19308801480014,75.34124715284827,934.6974158052255,0.6953867793068278,0.1770484848288653,0.0490917701229699,0.0086916235178387,0.0,0.0,22.97453926252973,17.46126852563863,210.3491991646022,0.0,0.0574227737541822,0.0,0.0028189856089636,0.0004201488889102129
CM_095-4,-84.575253,36.08252,-102.06992448548034,74.45638677237217,934.6262924907538,0.5052180454781823,0.1745062467364758,0.0356665511750369,0.00622403597959,0.0,0.0,31.97361421005986,17.300180212426305,210.3369514745525,0.0,0.0553974251885219,0.0,0.0019758351004516,0.0004248157051653206
SSS046-3,-120.8346,47.1683,-100.08195385439572,74.46356004761296,934.6267033247462,0.6676969831654999,0.1747672816127752,0.047136971516823,0.0082380003754539,0.0,0.0,25.936019445765066,17.107681914212733,210.32199922375597,0.0,0.0559777096032917,0.0,0.0026386197031473,0.0004554206472372819
CM_085-2,-78.782094,35.8365411,-71.19773577005427,75.27427558133368,934.6921525166478,0.6085201207002826,0.1766816648011021,0.0429593008805809,0.0075901207982724,0.0,0.0,29.068405613639207,17.40566115972766,210.3439359094089,0.0,0.0572153121148179,0.0,0.0024579298081168,0.0004651854617246494
CM_085-1,-78.782094,35.8365411,-71.17549032984259,75.27482331028327,934.6921974305528,0.6085201207002826,0.1766845484883015,0.0429593008805809,0.0075902446794584,0.0,0.0,29.13809982601765,17.40625975654878,210.34398147821875,0.0,0.0572254872375241,0.0,0.0024583669242746,0.0004663007872363311
CM_085-3,-78.782094,35.8365411,-71.30956920703603,75.27516819161352,934.6922803866596,0.6085201207002826,0.1766737699690037,0.0429593008805809,0.0075897816418049,0.0,0.0,29.46707252194897,17.41916579620471,210.3447774150608,0.0,0.0572345576343475,0.0,0.0024587565821808,0.0004715653799176651
SSS046-2,-120.8346,47.1683,-91.5154426785666,74.72839325538472,934.6480302174652,0.6676969831654999,0.1753329477915374,0.047136971516823,0.0082646641660102,0.0,0.0,28.18355129051995,17.276340383132915,210.33484791977872,0.0,0.0560211242352289,0.0,0.0026406661374163,0.0004948859325546787
CM_096-3,-82.593379,35.689577,-60.47154438702579,75.68796276758874,934.7255089379856,0.6722838854600383,0.1774232614444683,0.0474607900876109,0.0084206481680751,0.0,0.0,28.209766047991828,17.599660394045372,210.36032632376663,0.0,0.0565231866827487,0.0,0.0026826350982327,0.0004987491458381306
CM_024-3,-84.41527,33.68401,-68.162393635405,75.41438791496759,934.7034237832952,0.7037199613831671,0.1768394047671614,0.0496800623814052,0.008785392660323,0.0,0.0,27.15591627387404,17.661656340096684,210.3653870943009,0.0,0.0568693551772228,0.0,0.0028252731127947,0.0005025673958858845
CM_003-1,-77.1803039,40.1046605,-65.45709981903522,75.49574018110204,934.7096847883296,0.7922114640672712,0.1770468248746342,0.0559272396888809,0.0099017402109189,0.0,0.0,24.35497211882309,17.467234203852712,210.3506651709411,0.0,0.0565661749032678,0.0,0.0031635900220982,0.0005074096688532082
CM_003-3,-77.1803039,40.1046605,-65.45709981903522,75.49574018110204,934.7096847883296,0.7922114640672712,0.1770468248746342,0.0559272396888809,0.0099017402109189,0.0,0.0,24.35497211882309,17.467234203852712,210.3506651709411,0.0,0.0565661749032678,0.0,0.0031635900220982,0.0005074096688532082
CM_003-2,-77.1803039,40.1046605,-65.45709981903522,75.49574018110204,934.7096847883296,0.7922114640672712,0.1770468248746342,0.0559272396888809,0.0099017402109189,0.0,0.0,24.35497211882309,17.467234203852712,210.3506651709411,0.0,0.0565661749032678,0.0,0.0031635900220982,0.0005074096688532082
CM_096-1,-82.593379,35.689577,-62.10390002318238,75.63431910039446,934.7212387782448,0.6722838854600383,0.1772680081582593,0.0474607900876109,0.008413279724448,0.0,0.0,28.77135731432879,17.582321342440764,210.3585207741837,0.0,0.0564311423704881,0.0,0.0026782666024498,0.000508678089024657
CM_096-2,-82.593379,35.689577,-62.0168355128619,75.63823081490806,934.7215688114628,0.6722838854600383,0.1772763980717566,0.0474607900876109,0.0084136779163713,0.0,0.0,28.95046355326884,17.584187738301193,210.35861011361817,0.0,0.0564291657195974,0.0,0.0026781727890368,0.0005118446903900728
CM_024-1,-84.41527,33.68401,-67.11514125303866,75.44359284330855,934.705787865663,0.7037199613831671,0.1769098261710884,0.0496800623814052,0.0087888912000631,0.0,0.0,27.75024757544305,17.654147555676538,210.36472078770848,0.0,0.0568356762515385,0.0,0.0028235999416657,0.0005135665288744616
CM_024-2,-84.41527,33.68401,-67.11514125303866,75.44359284330855,934.705787865663,0.7037199613831671,0.1769098261710884,0.0496800623814052,0.0087888912000631,0.0,0.0,27.75024757544305,17.654147555676538,210.36472078770848,0.0,0.0568356762515385,0.0,0.0028235999416657,0.0005135665288744616
S19S_0038-M,-75.7840693,39.8595115,-72.34692366847581,75.30622964302032,934.694354533049,0.7302691680169687,0.1764781006676187,0.0515543395287404,0.0090982119212056,0.0,0.0,28.81285191590936,17.517197515946954,210.355030912144,0.0,0.0560640355411858,0.0,0.0028903443236416,0.0005533490788908507
CM_062-3,-71.23459,43.08808,-44.48241255921531,76.14399751143375,934.762565496758,0.944589680039091,0.1787442527757889,0.066684585920993,0.0119194864821107,0.0,0.0,22.34467685645112,17.573463449926273,210.35804073273135,0.0,0.0578942112385877,0.0,0.0038606515036677,0.0005550693588477027
S19S_0038-D,-75.7839486,39.8594333,-74.0988150180655,75.2554323828048,934.6902834441304,0.7302691680169687,0.1763541927692151,0.0515543395287404,0.009091823931341,0.0,0.0,28.915809559445567,17.511386329599603,210.35444753066625,0.0,0.0560316092158775,0.0,0.002888672605857,0.000555326374209683
CM_062-1,-71.23459,43.08808,-44.09907197461396,76.15714386058491,934.763643961854,0.944589680039091,0.1787632439648853,0.066684585920993,0.0119207529016917,0.0,0.0,22.4832711456142,17.586619918872607,210.3591032294024,0.0,0.0578750118117415,0.0,0.0038593711978385,0.000558512212092792
S19S_0038-U,-75.784143,39.8595761,-74.18103127657679,75.25433078097295,934.690196809086,0.7302691680169687,0.1763441150279847,0.0515543395287404,0.0090913043800479,0.0,0.0,29.38236326535388,17.514182465037404,210.35467015648507,0.0,0.056001959922348,0.0,0.0028871440561116,0.0005642865099217237
CM_062-2,-71.23459,43.08808,-43.12263880629383,76.19045182696371,934.7663586792862,0.944589680039091,0.1788264752480085,0.066684585920993,0.0119249694536241,0.0,0.0,22.775162826914134,17.600524255525077,210.3602638642834,0.0,0.0578415287983317,0.0,0.0038571383969539,0.0005657631618126289
CM_064-3,-86.7497169,33.6052817,-88.25016837014194,74.78072909139169,934.652187053818,1.2850780507566997,0.1755609697164629,0.0907218229266711,0.0159272112074515,0.0,0.0,17.173283396978096,17.298317365323737,210.3367976372872,0.0,0.0568236223932921,0.0,0.0051551426088162,0.0005803805126029686
CM_064-1,-86.7497169,33.6052817,-88.79726505761376,74.7655598948289,934.650982824376,1.2850780507566997,0.175523763776796,0.0907218229266711,0.0159238358167812,0.0,0.0,17.213019666377033,17.30374316213284,210.337197900346,0.0,0.0568328278786587,0.0,0.0051559777472296,0.0005817234215778908
S19S_0037-U,-75.7831181,39.8579143,-76.31109193817721,75.202949075351,934.6861126203204,0.7337771633529666,0.1762001583777086,0.0518019912036816,0.0091275190543693,0.0,0.0,31.048655341005183,17.54308911767168,210.356825720736,0.0,0.0558886202414484,0.0,0.0028951418141334,0.0005991519360686884
S19S_0037-M,-75.7830477,39.8578837,-76.48808541428028,75.1980570617105,934.6857179636712,0.7337771633529666,0.1761866483665157,0.0518019912036816,0.0091268192088883,0.0,0.0,31.326621609692523,17.542767644555838,210.35680418327135,0.0,0.0558722356779356,0.0,0.0028942930611184,0.0006045159051751334
S19S_0037-D,-75.7830393,39.8577967,-76.66391653513216,75.19439607491532,934.6854287963812,0.7337771633529666,0.1761716195391147,0.0518019912036816,0.0091260406857035,0.0,0.0,31.778207791052694,17.545183750409095,210.3569792159312,0.0,0.0558469218616651,0.0,0.0028929817550306,0.0006132302514774829
SSS012-1,-120.8178,46.7521,-110.45847101144018,74.25140956718214,934.6099919024632,0.6630281751828695,0.1738648365503337,0.0468073707032152,0.0081381558566653,0.0,0.0,38.29459127331429,17.32780336124184,210.3391934292035,0.0,0.0549813340747361,0.0,0.0025735316857934,0.0006677277134968408
CM_012-1,-73.33724,42.763802,-89.78132153835094,74.77585073629156,934.6518438181472,1.0683314134529762,0.1754503899333285,0.0754203009390835,0.0132325212086511,0.0,0.0,23.810261285398894,17.28311797521617,210.33531579346544,0.0,0.0563822953731587,0.0,0.0042523696846799,0.0006689599826954117
CM_012-3,-73.33724,42.763802,-89.78132153835094,74.77585073629156,934.6518438181472,1.0683314134529762,0.1754503899333285,0.0754203009390835,0.0132325212086511,0.0,0.0,23.810261285398894,17.28311797521617,210.33531579346544,0.0,0.0563822953731587,0.0,0.0042523696846799,0.0006689599826954117
CM_012-2,-73.33724,42.763802,-89.78132153835094,74.77585073629156,934.6518438181472,1.0683314134529762,0.1754503899333285,0.0754203009390835,0.0132325212086511,0.0,0.0,23.810261285398894,17.28311797521617,210.33531579346544,0.0,0.0563822953731587,0.0,0.0042523696846799,0.0006689599826954117
CM_074-3,-116.1946675,43.6042604,-60.40614035093252,75.63546886731267,934.7211373227964,1.1344997467304407,0.1774448828158706,0.0800915439125483,0.0142118346241042,0.0,0.0,22.46517684501385,17.505615369425698,210.35308364031653,0.0,0.0570896734353013,0.0,0.0045724000868964,0.0006702614227020897
SSS012-2,-120.8178,46.7521,-109.93166574852371,74.26373119092685,934.6109601207716,0.6630281751828695,0.1738987854094212,0.0468073707032152,0.0081397449134976,0.0,0.0,38.65427835175561,17.3218542337902,210.33875660000632,0.0,0.0549834620532377,0.0,0.002573631290872,0.0006739994354940239
SSS012-3,-120.8178,46.7521,-109.4071514369118,74.27907874965014,934.6121695757272,0.6630281751828695,0.1739313617340054,0.0468073707032152,0.0081412697255985,0.0,0.0,38.99681297595271,17.32951828816081,210.3394381484824,0.0,0.0549523157429711,0.0,0.0025721734139813,0.0006799720768985559
S19S_0064-U,-78.00688,40.61507,-128.46872782758376,73.73064562455757,934.5682202278484,0.5927248376810891,0.1728360373999691,0.0418442115143746,0.0072321877062706,0.0,0.0,44.02033563753995,16.99005331848331,210.3143199989868,0.0,0.0545361609960129,0.0,0.0022820226558991,0.000686177471148573
S19S_0064-D,-78.00803,40.61043,-128.46872782758376,73.73064562455757,934.5682202278484,0.5927248376810891,0.1728360373999691,0.0418442115143746,0.0072321877062706,0.0,0.0,44.02033563753995,16.99005331848331,210.3143199989868,0.0,0.0545361609960129,0.0,0.0022820226558991,0.000686177471148573
CM_074-1,-116.1946675,43.6042604,-62.17964992816761,75.57330045868932,934.7160782862125,1.1344997467304407,0.1772983967314162,0.0800915439125483,0.0142001023274386,0.0,0.0,23.052365494488008,17.474553956956782,210.35065190157687,0.0,0.0570383117696203,0.0,0.0045682864517941,0.0006877805324917116
CM_074-2,-116.1946675,43.6042604,-62.25473883229031,75.57051326968647,934.715852706463,1.1344997467304407,0.1772918956830021,0.0800915439125483,0.014199581648434,0.0,0.0,23.152022336306366,17.47385293928061,210.35059482783487,0.0,0.0570363072299812,0.0,0.0045681259051196,0.0006907538514662291
CM_038-3,-72.20667,41.52361,-46.210350634658354,76.09299783171755,934.7583716463604,1.1702654445051233,0.178568384635588,0.0826164717163132,0.0147526898986737,0.0,0.0,22.59568143219617,17.579010582670527,210.35870612899956,0.0,0.057624334483955,0.0,0.004760719200065,0.0006954081939522064
CM_038-1,-72.20667,41.52361,-46.19856105716368,76.09170076272375,934.758278604994,1.1702654445051233,0.1785686389558045,0.0826164717163132,0.0147527109097127,0.0,0.0,22.699923425314765,17.588335132619417,210.35942362187365,0.0,0.0576734250232807,0.0,0.0047647748872187,0.0006986163616893073
CM_038-2,-72.20667,41.52361,-46.19856105716368,76.09170076272375,934.758278604994,1.1702654445051233,0.1785686389558045,0.0826164717163132,0.0147527109097127,0.0,0.0,22.699923425314765,17.588335132619417,210.35942362187365,0.0,0.0576734250232807,0.0,0.0047647748872187,0.0006986163616893073
CM_056-1,-87.40916,32.96328,-44.53716921091946,76.16820107777878,934.7645339327926,0.997766373041282,0.1785903468676907,0.0704386664793917,0.0125796658794521,0.0,0.0,27.198377154408448,17.673248289240348,210.36641737543007,0.0,0.0570975809183567,0.0,0.0040218774590882,0.0007136772189107146
CM_056-2,-87.40916,32.96328,-44.3751104609729,76.17572310731559,934.76513834622,0.997766373041282,0.1786084453954826,0.0704386664793917,0.012580940715615,0.0,0.0,27.252628528131645,17.667881763751197,210.3660087586212,0.0,0.0570774471332352,0.0,0.004020459262113,0.0007151007586057872
CM_056-3,-87.40916,32.96328,-44.30413747467991,76.17689517366763,934.765239389318,0.997766373041282,0.1786110439653581,0.0704386664793917,0.0125811237554117,0.0,0.0,27.252677674848336,17.671904368672692,210.36631934520344,0.0,0.057092633055958,0.0,0.0040215289382589,0.0007151020482008202
CM_057-1,-87.40821,32.96176,-41.40248535417,76.26238496805875,934.772223049051,1.0991243929221246,0.1788734518758863,0.0775941729689884,0.0138795375644174,0.0,0.0,25.732611109766022,17.6611411968453,210.36535151574205,0.0,0.0573884919393112,0.0,0.0044530125699683,0.0007438077207548731
CM_057-2,-87.40821,32.96176,-41.2533806240353,76.26616060126051,934.7725369834984,1.0991243929221246,0.1788842119878273,0.0775941729689884,0.0138803724864046,0.0,0.0,25.74287035756248,17.664489885897364,210.3656035702974,0.0,0.0574096215554574,0.0,0.0044546521050583,0.0007441042669424166
CM_057-3,-87.40821,32.96176,-41.20816987637592,76.2672630723812,934.7726282146392,1.0991243929221246,0.1788869899872056,0.0775941729689884,0.0138805880429688,0.0,0.0,25.75417583436714,17.665183978756527,210.3656555243461,0.0,0.0574158537390889,0.0,0.004455135686193,0.000744431054647646
CM_058-3,-87.40832,32.96156,-45.52679942550604,76.14689941001012,934.762799257736,1.0535827202042267,0.1785085205490542,0.0743790969931248,0.0132773025640172,0.0,0.0,28.28402339727988,17.678402798989733,210.36684640194449,0.0,0.0569227900671154,0.0,0.0042338657235212,0.000783681881391588
CM_058-2,-87.40832,32.96156,-45.5313995476417,76.14676921576532,934.7627883449716,1.0535827202042267,0.1785081927770991,0.0743790969931248,0.0132772781846352,0.0,0.0,28.285605142631997,17.6782146161739,210.3668321035773,0.0,0.0569221858800318,0.0,0.0042338207846315,0.00078372570772973
CM_058-1,-87.40832,32.96156,-45.60220538970667,76.14463601249858,934.7626094411838,1.0535827202042267,0.1785031616133711,0.0743790969931248,0.0132769039712203,0.0,0.0,28.29225680552537,17.675125083357404,210.3665978403848,0.0,0.0569145458023117,0.0,0.0042332525225497,0.0007839100092209798
S19S_0022-D,-87.40811,32.96161,-50.32261651082217,75.99517055935888,934.7504182055352,0.9972475059458696,0.1780765685001901,0.0704020363550777,0.0125369530495378,0.0,0.0,30.16183404437886,17.691621188422804,210.36812189637985,0.0,0.0566020345418381,0.0,0.0039848984935858,0.0007910258643773526
S19S_0022-M,-87.40821,32.96156,-49.99127769944373,76.01018320494416,934.7516643147474,0.9972475059458696,0.1781112518613863,0.0704020363550777,0.0125393948287936,0.0,0.0,30.23343206453057,17.699491577491504,210.3686582210942,0.0,0.0566038472187054,0.0,0.0039850261097285,0.0007929035978631507
S19S_0022-U,-87.40828,32.96142,-49.84817917209547,76.02093763697133,934.7525268370568,0.9972475059458696,0.1781370047556827,0.0704020363550777,0.0125412078849941,0.0,0.0,30.841500795376312,17.680922123535744,210.3671561537249,0.0,0.0565386629912055,0.0,0.0039804370073743,0.0008088508407499848
CM_042-3,-80.5627036,37.0421794,-96.8699910492073,74.71505875724338,934.6474630301316,0.8079010451597075,0.1750977869998328,0.0570348668846169,0.0099866789733264,0.0,0.0,39.10242767299971,17.839271525429837,210.37937112685523,0.0,0.0562525743631373,0.0,0.0032083580907185,0.0008307911669599621
CM_042-2,-80.5627036,37.0421794,-96.82054450782836,74.71631909169405,934.647562181716,0.8079010451597075,0.1751002391611722,0.0570348668846169,0.009986818832022,0.0,0.0,39.14252485144368,17.839821384607664,210.37942564893103,0.0,0.0562508919665947,0.0,0.0032082621354557,0.0008316430931357445
CM_041-1,-80.8599379,37.3724372,-111.98986117560904,74.15892911121207,934.602549149484,1.1586661064034776,0.1739852283991059,0.0817976007561373,0.0142315742500553,0.0,0.0,27.930325167663707,17.018999779957877,210.31447332344408,0.0,0.0557140207351576,0.0,0.0045572732246135,0.0008510680245591569
CM_042-1,-80.5627036,37.0421794,-100.11672508967106,74.62589043040201,934.6402881594662,0.8079010451597075,0.1748559312016783,0.0570348668846169,0.0099728847600734,0.0,0.0,40.13705354585116,17.806990527385892,210.3768882643641,0.0,0.0560486479879632,0.0,0.0031967271770562,0.0008527733836003564
CM_059-2,-87.40829,32.96162,-47.133910228385616,76.09591167390455,934.7586604461576,1.122301212894132,0.1783663830176858,0.0792303719191344,0.0141320348643619,0.0,0.0,28.90705971535484,17.687780881237487,210.36756889802496,0.0,0.0568345757939901,0.0,0.004503024578024,0.0008531852347940035
CM_059-3,-87.40829,32.96162,-47.51958846570558,76.08633400242306,934.7578352985802,1.122301212894132,0.1783380839590728,0.0792303719191344,0.0141297927194231,0.0,0.0,29.03452733818837,17.66695921964244,210.36604390422045,0.0,0.0567588381821602,0.0,0.0044970238588705,0.0008569474124345779
CM_059-1,-87.40829,32.96162,-47.07922144436614,76.10068764087598,934.7590240507848,1.122301212894132,0.1783739164012796,0.0792303719191344,0.0141326317371459,0.0,0.0,29.06166163919676,17.675571491842202,210.36666712054048,0.0,0.0567830602081919,0.0,0.0044989429790016,0.0008577482751028941
CM_041-3,-80.8599379,37.3724372,-106.88265439306475,74.27710666556578,934.611786473493,1.1586661064034776,0.1742423248491395,0.0817976007561373,0.014252604122831,0.0,0.0,28.90245846322604,17.06897215484791,210.31925019105068,0.0,0.0556632680896623,0.0,0.00455312177998,0.0008806900056315534
CM_061-2,-87.40826,32.96156,-40.5377758078718,76.28670819958855,934.7742305102648,1.300731015248759,0.1789365955042583,0.0918268651239834,0.0164311866211142,0.0,0.0,25.900964161538877,17.668300964932662,210.36584034850293,0.0,0.0574575828095107,0.0,0.005276149706999,0.0008859993554180199
CM_061-1,-87.40826,32.96156,-40.43410500087235,76.2920629684224,934.7746689232836,1.300731015248759,0.1789468295519139,0.0918268651239834,0.016432126381628,0.0,0.0,25.91950966427307,17.670809869634827,210.36604418823444,0.0,0.0574454279865317,0.0,0.0052750335677087,0.0008866337450633598
CM_061-3,-87.40826,32.96156,-40.52606000522455,76.28986235451664,934.7744860827946,1.300731015248759,0.1789400567732943,0.0918268651239834,0.0164315044585992,0.0,0.0,25.92307660888108,17.668525652623305,210.3658683172948,0.0,0.0574292586817167,0.0,0.0052735487911363,0.0008867557602363779
CM_060-1,-87.40826,32.96156,-49.78283816702084,76.0122866188599,934.7518432326737,1.1881973591003767,0.1781562303439841,0.0838823994782019,0.0149441720832446,0.0,0.0,29.21209865877213,17.67777817937855,210.36679358626407,0.0,0.0567261675702,0.0,0.0047583270489909,0.000912811957561756
CM_060-2,-87.40826,32.96156,-49.91000114742494,76.00809630205308,934.7515028473404,1.1881973591003767,0.1781442442644538,0.0838823994782019,0.0149431666621332,0.0,0.0,29.232652711111065,17.677396423206385,210.366759758053,0.0,0.0567187745584848,0.0,0.0047577069054289,0.0009134542251704781
S19S_0053-M,-72.796633,41.869617,-84.3519377286674,74.96132912382983,934.6668099340034,1.2312428898125864,0.1757610105337638,0.0869212569334033,0.0152773679554798,0.0,0.0,28.28919326493384,17.40533288281457,210.34485609036545,0.0,0.0562232189079808,0.0,0.0048869928563235,0.0009159974766472069
CM_060-3,-87.40826,32.96156,-49.51455849237239,76.02385561148171,934.7527712133306,1.1881973591003767,0.1781839836281424,0.0838823994782019,0.0149465000953132,0.0,0.0,29.433889981010147,17.665025203554354,210.365785787388,0.0,0.0566904849234789,0.0,0.0047553339029642,0.0009197424343271251
CM_041-2,-80.8599379,37.3724372,-117.39560488156444,74.01483675042297,934.5910761870032,1.1586661064034776,0.1736659087923235,0.0817976007561373,0.0142054546723461,0.0,0.0,30.343515345457416,16.919070198743704,210.3066600244635,0.0,0.0556683102212342,0.0,0.0045535342142453,0.000924600609130647
S19S_0012-U,-72.33105,42.47178,-57.02232817022366,75.75574636842673,934.7308900585298,1.635671212797271,0.1776798173742371,0.1154724213414659,0.0205171187357125,0.0,0.0,22.48829151746015,17.59352220498003,210.3603559278011,0.0,0.0571649857271644,0.0,0.0066009793178659,0.0009673473623913328
CM_065-1,-87.661434,32.845656,-59.326300303219206,75.67627171820587,934.7244865392306,1.4661149081357625,0.177486121272561,0.1035023647067389,0.0183702332543371,0.0,0.0,25.26980602255232,17.516614658209203,210.35376891569516,0.0,0.0569253579680933,0.0,0.0058919091614752,0.0009743161405170925
CM_065-2,-87.661434,32.845656,-65.38937299461153,75.49742633206675,934.7101544867916,1.4661149081357625,0.1770179865336732,0.1035023647067389,0.0183217802018608,0.0,0.0,25.627907823672874,17.468057082603607,210.34908686509004,0.0,0.0566807168772758,0.0,0.0058665882300712,0.0009881233048644805
CM_065-3,-87.661434,32.845656,-58.35195639310185,75.72959247465802,934.7288832031304,1.4661149081357625,0.1775758885772146,0.1035023647067389,0.018379524382642,0.0,0.0,25.68507882535898,17.605976574271146,210.3608427975474,0.0,0.0569413043181089,0.0,0.0058935596464103,0.0009903276205471014
S19S_0012-M,-72.33038,42.47157,-53.61179518874394,75.8768871577923,934.7408461434828,1.635671212797271,0.1779659583564302,0.1154724213414659,0.0205501601277714,0.0,0.0,23.0952775206122,17.625512814099107,210.3623902261804,0.0,0.0571745980024388,0.0,0.0066020892705665,0.0009934572297728415
S19S_0012-D,-72.33027,42.47179,-53.55548671902011,75.88043778315406,934.7411471040366,1.635671212797271,0.1779729755403361,0.1154724213414659,0.020550970418988,0.0,0.0,23.139273949312148,17.626447447192845,210.36240566502596,0.0,0.0571663713221614,0.0,0.0066011393158753,0.0009953497625703862
S19S_0053-U,-72.796767,41.869583,-81.19546639485394,75.07462576104082,934.6759126004616,1.2312428898125864,0.1759448537663321,0.0869212569334033,0.0152933478403333,0.0,0.0,30.82221102844362,17.49070078761224,210.35189115783612,0.0,0.0560210378696098,0.0,0.0048694190263402,0.0009980160007510236
CM_048-2,-72.3301,42.4715,-47.87660914145428,76.05315787929374,934.7551804990684,1.6695004321613989,0.1784166331948414,0.1178606408329534,0.0210282987236019,0.0,0.0,22.982271556533476,17.63362782897389,210.3630248798892,0.0,0.0574199768740609,0.0,0.0067675552709901,0.001009042518778553
CM_048-3,-72.3301,42.4715,-47.55319556066621,76.06448946849088,934.7561081294474,1.6695004321613989,0.1784456150229671,0.1178606408329534,0.0210317145404373,0.0,0.0,23.0845952733156,17.64433307805521,210.3638948362308,0.0,0.0574418560889406,0.0,0.0067701339692768,0.0010135350677704417
S19S_0052-M,-74.69546,42.13233,-70.04762379363417,75.33079757490692,934.6963694258424,1.857460052408716,0.1767685290273762,0.1311299044200177,0.0231796403158269,0.0,0.0,20.763710542310573,17.410492729418223,210.3459982684939,0.0,0.0569452628086335,0.0,0.0074672268692689,0.0010142719786329691
CM_048-1,-72.3301,42.4715,-47.15057971506573,76.07886511696871,934.7572801156716,1.6695004321613989,0.1784778140153333,0.1178606408329534,0.0210355095343118,0.0,0.0,23.16154493465801,17.645945314076705,210.3640198103195,0.0,0.0574414479613221,0.0,0.0067700858670941,0.0010169135623595907
CM_097-3,-82.2833293,29.862373,-50.43988718676296,75.98862127153343,934.7501497320442,1.328960574971815,0.1781218331838866,0.0938197690701561,0.016711349255665,0.0,0.0,29.18210482543544,17.790045069021595,210.3751188918665,0.0,0.0571312715290214,0.0,0.0053600427015371,0.0010199025780300022
SSS018-1,-121.1357,47.0171,-52.89571850702917,75.89069003027831,934.7419021988892,1.4475402515627165,0.177926456664441,0.1021910617056867,0.01818249351207,0.0,0.0,27.233102702987548,17.61265161670108,210.36163139319703,0.0,0.056892009236643,0.0,0.0058138548264622,0.0010367111080790959
SSS018-2,-121.1357,47.0171,-52.89571850702917,75.89069003027831,934.7419021988892,1.4475402515627165,0.177926456664441,0.1021910617056867,0.01818249351207,0.0,0.0,27.233102702987548,17.61265161670108,210.36163139319703,0.0,0.056892009236643,0.0,0.0058138548264622,0.0010367111080790959
CM_097-1,-82.2833293,29.862373,-50.24218587952394,75.99680841237664,934.7508611099672,1.328960574971815,0.1781443988924543,0.0938197690701561,0.0167134663652318,0.0,0.0,29.707037335226136,17.801363151795496,210.3758502514453,0.0,0.0571672863720946,0.0,0.0053634216057974,0.0010382487536478983
SSS018-3,-121.1357,47.0171,-52.50618228950326,75.90721360670135,934.7432443823468,1.4475402515627165,0.1779540463765958,0.1021910617056867,0.0181853129340473,0.0,0.0,27.37167424508234,17.620335254501143,210.36227234661683,0.0,0.0568519604469083,0.0,0.0058097621981192,0.001041986256435128
S19S_0052-D,-74.69563,42.13187,-71.36520110331585,75.2733052586997,934.691643824826,1.857460052408716,0.1766257295050724,0.1311299044200177,0.023160915028116,0.0,0.0,21.617449917706928,17.373075005380105,210.34336775393484,0.0,0.0568873812284698,0.0,0.0074596368631943,0.001055975696461034
CM_097-2,-82.2833293,29.862373,-50.52995911213945,75.98859880791117,934.7502465265594,1.328960574971815,0.1781331061272187,0.0938197690701561,0.0167124068806052,0.0,0.0,30.681491816834253,17.80680149908635,210.37604965344423,0.0,0.0572206715272067,0.0,0.0053684301887217,0.001072305537553998
CM_049-3,-72.3302,42.4716,-50.19907075471564,75.9760680733612,934.7488995837704,1.8364291499422165,0.1782524272462212,0.1296451994183018,0.0231095714771326,0.0,0.0,22.376635807773184,17.61391070866073,210.3614318903019,0.0,0.0574354487605458,0.0,0.0074462302082406,0.0010806845693371815
CM_049-1,-72.3302,42.4716,-50.16279367367318,75.97736330749113,934.74900501158,1.8364291499422165,0.1782552898156279,0.1296451994183018,0.0231099425955142,0.0,0.0,22.39402751326644,17.613981448312053,210.36143706924275,0.0,0.057434270627937,0.0,0.0074460774690036,0.0010815245055958076
SSS033-3,-121.26309999999998,46.6382,-58.37615559656397,75.72103465540265,934.728138569779,1.5494337293523672,0.177519777306462,0.1093843695705066,0.019417888926964,0.0,0.0,26.66684691061076,17.60841278291416,210.36130016880568,0.0,0.0568086055632504,0.0,0.0062139735057157,0.0010866123897043663
SSS033-1,-121.26309999999998,46.6382,-59.007841096062734,75.6982746418401,934.7262860910728,1.5494337293523672,0.1774697561452136,0.1093843695705066,0.0194124173937757,0.0,0.0,26.859969252333848,17.601279798195904,210.36074763669205,0.0,0.0568178234420748,0.0,0.0062149817975797,0.0010944816788613654
CM_049-2,-72.3302,42.4716,-49.55567823892196,75.9971099106667,934.7505940429788,1.8364291499422165,0.1783042195688141,0.1296451994183018,0.0231162861031235,0.0,0.0,22.664958384605416,17.615102666748264,210.36161093817816,0.0,0.0574384568936613,0.0,0.0074466201982582,0.001094609171875776
SSS033-2,-121.26309999999998,46.6382,-56.64993377715903,75.7767899795123,934.7326369444376,1.5494337293523672,0.1776438316560702,0.1093843695705066,0.0194314585337884,0.0,0.0,26.91682509967165,17.615886763624847,210.36202435678916,0.0,0.0567845997193912,0.0,0.0062113476416191,0.0010967984232575624
S19S_0052-U,-74.69548,42.13247,-64.18172352219254,75.5197911960429,934.7116658753012,1.857460052408716,0.1771840044573453,0.1311299044200177,0.0232341215692476,0.0,0.0,22.75498835367628,17.443262481817875,210.34848734722823,0.0,0.0569356847597175,0.0,0.00746597090063,0.0011115425161713464
SSS040-3,-120.9404,46.6833,-68.81316669600797,75.395400607805,934.7016461387868,1.6960839265729366,0.1767386243642368,0.1197373385723285,0.0211622125043081,0.0,0.0,25.672656280535445,17.528661438659256,210.35547697731863,0.0,0.0565158176493367,0.0,0.0067670535925706,0.0011451124165990448
SSS046-1,-120.8346,47.1683,-130.2611390328397,73.92789813702424,934.584784267786,0.6676969831654999,0.1732516170944616,0.047136971516823,0.0081665565402251,0.0,0.0,65.25643698948471,17.38416074695763,210.34167862604775,0.0,0.0558494415360086,0.0,0.0026325735349133,0.0011458631434286143
S19S_0077-D,-105.22314099999998,40.66403,-64.92062843537956,75.51406793948306,934.7112859316,1.8835745710474463,0.1771035444875487,0.1329734941804708,0.0235500771422557,0.0,0.0,23.37275659584589,17.520351886592515,210.35448699249716,0.0,0.0568120431900731,0.0,0.0075544958945158,0.001157771178589414
CM_047-1,-72.330175,42.471505,-58.538442021004,75.71881093392143,934.7279062313322,1.9001282088588525,0.1775644379146064,0.1341421206288289,0.0238188702501312,0.0,0.0,23.21717522915248,17.602436406916034,210.3610577194693,0.0,0.0569811489847055,0.0,0.0076435721606756,0.001160171689725506
S19S_0077-U,-105.224786,40.664703,-64.79548827334092,75.5204891727793,934.7118182036186,1.8835745710474463,0.1771058519671108,0.1329734941804708,0.0235503839758759,0.0,0.0,23.58465968853932,17.528810869005778,210.355125117379,0.0,0.0568049464808431,0.0,0.0075535522202923,0.0011682678135228398
CM_047-3,-72.330175,42.471505,-57.5891993125397,75.74859449051819,934.7303094574283,1.9001282088588525,0.1776413302700019,0.1341421206288289,0.0238291847537441,0.0,0.0,23.598946486924618,17.595448147832062,210.360521953512,0.0,0.056985298575151,0.0,0.0076441287955377,0.001179248954760831
CM_047-2,-72.330175,42.471505,-57.24021469075252,75.76044787397304,934.7312719329636,1.9001282088588525,0.1776711032242365,0.1341421206288289,0.0238331785609626,0.0,0.0,23.670585428197462,17.595324089537314,210.36050255454887,0.0,0.0569865443548641,0.0,0.0076442959070702,0.0011828287817951854
SSS040-1,-120.9404,46.6833,-64.82881660912594,75.51589560515482,934.711367417759,1.6960839265729366,0.1770298359412423,0.1197373385723285,0.0211970814035002,0.0,0.0,26.525461129929823,17.520918481454846,210.35486088216825,0.0,0.0565008976836552,0.0,0.0067652671155883,0.0011831512315664619
SSS040-2,-120.9404,46.6833,-64.82881660912594,75.51589560515482,934.711367417759,1.6960839265729366,0.1770298359412423,0.1197373385723285,0.0211970814035002,0.0,0.0,26.525461129929823,17.520918481454846,210.35486088216825,0.0,0.0565008976836552,0.0,0.0067652671155883,0.0011831512315664619
SSS031-1,-121.094,46.6674,-60.32736973553843,75.6802087253077,934.7247724334732,1.7416545454497048,0.1773778001325858,0.1229544580414243,0.0218093912838821,0.0,0.0,26.402847729732887,17.65324858895979,210.3653530067409,0.0,0.0566879436366736,0.0,0.00697003538733,0.0012093242667995214
SSS031-2,-121.094,46.6674,-59.40631399983086,75.70507693474097,934.7267843408506,1.7416545454497048,0.1774497751807007,0.1229544580414243,0.0218182409369155,0.0,0.0,26.45021484100902,17.637007328709693,210.36399999970453,0.0,0.0566903846154345,0.0,0.0069703355165506,0.0012114938129674491
S19S_0028-U,-111.508141,33.750837,-117.29481408306384,74.20450729443374,934.6068972859867,0.7657532155056728,0.1735744481564155,0.0540593838496641,0.0093833277193812,0.0,0.0,60.28540528738244,17.606367760390455,210.3592126906098,0.0,0.0541709664087398,0.0,0.0029284490665973,0.0012140344010899123
CM_046-3,-72.33038,42.47168,-51.67592072502829,75.91610859120895,934.7439808824722,2.1920526243607914,0.1782078715940792,0.1547509195383925,0.0275778319981635,0.0,0.0,21.214806208022384,17.53696858681068,210.3552360495949,0.0,0.0576900034877712,0.0,0.0089275810879056,0.001222981884361733
CM_046-2,-72.33038,42.47168,-49.47957583688797,75.98144851539818,934.7492880034832,2.1920526243607914,0.178376397186925,0.1547509195383925,0.0276039114886221,0.0,0.0,21.24258629968774,17.513593699775964,210.3532974554693,0.0,0.0577578454036169,0.0,0.008938079686766,0.0012245833389552606
CM_020-1,-79.04489,33.82767,-87.26751930627557,74.79231111274123,934.652752976684,1.8240004878251248,0.175388430118279,0.1287677812076816,0.0225843789958292,0.0,0.0,25.637781506562693,17.231612409487052,210.3331037672204,0.0,0.0560423400476076,0.0,0.0072164477816168,0.0012298024990744158
CM_020-2,-79.04489,33.82767,-87.26751930627557,74.79231111274123,934.652752976684,1.8240004878251248,0.175388430118279,0.1287677812076816,0.0225843789958292,0.0,0.0,25.637781506562693,17.231612409487052,210.3331037672204,0.0,0.0560423400476076,0.0,0.0072164477816168,0.0012298024990744158
CM_020-3,-79.04489,33.82767,-87.26751930627557,74.79231111274123,934.652752976684,1.8240004878251248,0.175388430118279,0.1287677812076816,0.0225843789958292,0.0,0.0,25.637781506562693,17.231612409487052,210.3331037672204,0.0,0.0560423400476076,0.0,0.0072164477816168,0.0012298024990744158
S19S_0028-M,-111.508001,33.750788,-117.2640620375024,74.2155690402386,934.607797255286,0.7657532155056728,0.1735771866638253,0.0540593838496641,0.0093834757614045,0.0,0.0,61.227827887478696,17.627903304176627,210.36090940999,0.0,0.0541233503252198,0.0,0.0029258749704609,0.0012330130154233044
S19S_0028-D,-111.507871,33.750675,-117.2482415658006,74.21620316643644,934.6078481008068,0.7657532155056728,0.1735785549851648,0.0540593838496641,0.009383549732013,0.0,0.0,61.267329229119056,17.62803790564637,210.36091826826743,0.0,0.0541230504728296,0.0,0.0029258587606254,0.0012338084979685736
SSS031-3,-121.094,46.6674,-56.33251501503169,75.80248030485988,934.7346986904284,1.7416545454497048,0.1776881841990433,0.1229544580414243,0.0218475543885581,0.0,0.0,27.406366505661666,17.625231518127293,210.36291208808709,0.0,0.0566750834244601,0.0,0.0069684541669069,0.001255288233275493
CM_044-3,-72.33026,42.47158,-52.23586778842999,75.90086862743615,934.7427322427816,2.337335381107203,0.1781611361814654,0.1650073522306213,0.0293978973517027,0.0,0.0,20.69507306417607,17.558465250058763,210.35708376594465,0.0,0.0576729637002533,0.0,0.0095164630354715,0.0012720904032793073
CM_046-1,-72.33038,42.47168,-48.75282921688311,76.00444382640168,934.7511492328956,2.1920526243607914,0.1784202650739683,0.1547509195383925,0.0276107000844803,0.0,0.0,22.14994668886721,17.526412342778514,210.3544057532118,0.0,0.0577377300118243,0.0,0.0089349668113892,0.0012768904544515258
S19S_0077-M,-105.223622,40.664282,-69.9278502680269,75.38322035834568,934.7008270804392,1.8835745710474463,0.1768979850375255,0.1329734941804708,0.0235227431839243,0.0,0.0,25.83836651344508,17.414988137774216,210.34522869007304,0.0,0.0569753634820745,0.0,0.0075762131644138,0.0012799053431469623
CM_044-2,-72.33026,42.47158,-50.84283807622747,75.9360914317325,934.7455500594672,2.337335381107203,0.1782567444624777,0.1650073522306213,0.0294136734210038,0.0,0.0,21.3886023608056,17.519624071100576,210.35405720093303,0.0,0.0576890641338379,0.0,0.0095191197253871,0.0013147204514989798
CM_044-1,-72.33026,42.47158,-50.83806634371437,75.93625997492475,934.7455638037392,2.337335381107203,0.1782570972241918,0.1650073522306213,0.0294137316292803,0.0,0.0,21.390690632814188,17.519720271004328,210.35406495495087,0.0,0.0576890176600713,0.0,0.0095191120568739,0.0013148488139731458
S19S_0064-M,-78.00808,40.64061,-111.37197762182716,74.14311416599867,934.600953053028,1.500898230198825,0.1737574693773131,0.1059579403685817,0.018410983578877,0.0,0.0,34.09555359389626,17.038423498525862,210.317731408686,0.0,0.0551980037933991,0.0,0.0058486667944057,0.0013457951871902012
CM_045-2,-72.3303,42.47173,-45.71110600651129,76.09925436975797,934.7588522139008,2.348236478227806,0.1786847041948633,0.1657769299244426,0.0296218016858815,0.0,0.0,22.07102550820918,17.524117167341586,210.354267974682,0.0,0.0579508235871766,0.0,0.0096069096208751,0.001362995186177336
CM_045-1,-72.3303,42.47173,-45.661762096542176,76.10104168961497,934.758998667246,2.348236478227806,0.1786871395104655,0.1657769299244426,0.0296222054050255,0.0,0.0,22.084829978032623,17.526829435175877,210.35448927918392,0.0,0.0579495240967873,0.0,0.0096066941953479,0.0013638476805895275
CM_045-3,-72.3303,42.47173,-45.682976897917406,76.10071452634487,934.7589751707368,2.348236478227806,0.1786854517822156,0.1657769299244426,0.0296219256186177,0.0,0.0,22.090447767255668,17.527969872864162,210.35456880723663,0.0,0.0579476916862545,0.0,0.0096063904239554,0.0013641946069099708
S19S_0084-U,-71.722778,43.954722,-49.85797337627469,75.97248272634562,934.7485002582812,2.541720095502059,0.1782993396767446,0.179436167552251,0.031993350188692,0.0,0.0,22.39298865212168,17.536685147400483,210.3555125704009,0.0,0.057541807765039,0.0,0.0103250814593869,0.0014968206350265613
S19S_0084-D,-71.722778,43.954722,-49.00270140061467,76.00364851127658,934.7510589522312,2.541720095502059,0.1783678377421574,0.179436167552251,0.0320056412190344,0.0,0.0,22.616571763002288,17.541949609819596,210.3558273318722,0.0,0.0575308036485725,0.0,0.0103231069229009,0.001511765661758302
S19S_0084-M,-71.722778,43.954722,-48.68361505949957,76.01677176532681,934.7521378858994,2.541720095502059,0.1783904619845429,0.179436167552251,0.0320097008263818,0.0,0.0,22.78556472240525,17.54668949607115,210.3561643721461,0.0,0.0575072203260866,0.0,0.0103188752218958,0.0015230617041373793
SSS041-1,-120.8135,46.7239,-122.99445732066474,73.995638022259,934.5899739353767,1.057187154680466,0.173173611527535,0.0746335569195951,0.012924562592912,0.0,0.0,55.23532258982879,17.33882322915525,210.3387814658533,0.0,0.0541802208870991,0.0,0.0040436625994935,0.0015356730099343563
SSS029-2,-120.7891,46.3111,-178.4480277703434,72.7747048699292,934.4938328957372,1.1990967536677364,0.1707394379255906,0.0846518569779746,0.0144534104797768,0.0,0.0,51.17986869571758,16.996033943474625,210.3121196739768,0.0,0.0545560355951137,0.0,0.0046182697224828,0.0016139250917426512
SSS029-3,-120.7891,46.3111,-179.03104932696448,72.76804080643868,934.4933121846674,1.1990967536677364,0.1707036653772914,0.0846518569779746,0.0144503822671344,0.0,0.0,51.41997590214818,17.004678646025123,210.3128271652728,0.0,0.0545129638257959,0.0,0.0046146236172267,0.0016214967220543758
CM_014-2,-77.4402867,35.3667814,-122.6532071735424,73.9153343994972,934.5835609119638,2.993174263659772,0.1735539552866504,0.211307185097835,0.0366731977542175,0.0,0.0,21.13246912289788,17.23672564065366,210.3306784942113,0.0,0.0565904818125509,0.0,0.0119579754151403,0.0016634594727616898
CM_014-1,-77.4402867,35.3667814,-122.6532071735424,73.9153343994972,934.5835609119638,2.993174263659772,0.1735539552866504,0.211307185097835,0.0366731977542175,0.0,0.0,21.13246912289788,17.23672564065366,210.3306784942113,0.0,0.0565904818125509,0.0,0.0119579754151403,0.0016634594727616898
CM_014-3,-77.4402867,35.3667814,-122.6532071735424,73.9153343994972,934.5835609119638,2.993174263659772,0.1735539552866504,0.211307185097835,0.0366731977542175,0.0,0.0,21.13246912289788,17.23672564065366,210.3306784942113,0.0,0.0565904818125509,0.0,0.0119579754151403,0.0016634594727616898
SSS041-2,-120.8135,46.7239,-123.83344515631524,74.06831106325316,934.596134112108,1.057187154680466,0.1731765032152596,0.0746335569195951,0.0129247784098524,0.0,0.0,60.613183014216645,17.62911578630937,210.3609180790392,0.0,0.054019443466793,0.0,0.0040316632087437,0.0016851902883298175
SSS041-3,-120.8135,46.7239,-123.83344515631524,74.06831106325316,934.596134112108,1.057187154680466,0.1731765032152596,0.0746335569195951,0.0129247784098524,0.0,0.0,60.613183014216645,17.62911578630937,210.3609180790392,0.0,0.054019443466793,0.0,0.0040316632087437,0.0016851902883298175
CM_107-2,-95.55825,29.762400000000003,-112.49531283360064,74.16971471016494,934.6036849694372,2.1985783999720443,0.1738554924137878,0.1552116154930971,0.0269843918398918,0.0,0.0,29.30966461289162,17.3955855576469,210.34390013329963,0.0,0.0557469583705446,0.0,0.0086525754675186,0.001694660804556901
CM_107-3,-95.55825,29.762400000000003,-112.68204950219209,74.16499888173067,934.6033141906056,2.1985783999720443,0.1738468748993108,0.1552116154930971,0.0269830543015483,0.0,0.0,29.388551730646324,17.396172200961537,210.3439315914205,0.0,0.0557502135720125,0.0,0.0086530807125972,0.0016992219931003059
SSS047-1,-120.9213,47.1857,-151.82845717827357,73.25757299499311,934.5314384462154,2.254709620133876,0.1716833504273947,0.1591742748920193,0.0273275728153129,0.0,0.0,29.049602204442827,17.190175905056105,210.32850179782204,0.0,0.0550933616958982,0.0,0.0087694458993083,0.0017225061714749028
SSS047-2,-120.9213,47.1857,-151.82845717827357,73.25757299499311,934.5314384462154,2.254709620133876,0.1716833504273947,0.1591742748920193,0.0273275728153129,0.0,0.0,29.049602204442827,17.190175905056105,210.32850179782204,0.0,0.0550933616958982,0.0,0.0087694458993083,0.0017225061714749028
SSS039-2,-120.6115,46.0284,-80.70498785243146,75.037985636124,934.672941091351,2.7938157601797493,0.1761021647594366,0.1972332019331619,0.0347331938228648,0.0,0.0,23.646918327138216,17.35832364001776,210.3410697246577,0.0,0.0569852102058734,0.0,0.0112393754717387,0.0017374099060979858
SSS039-1,-120.6115,46.0284,-80.70498785243146,75.037985636124,934.672941091351,2.7938157601797493,0.1761021647594366,0.1972332019331619,0.0347331938228648,0.0,0.0,23.646918327138216,17.35832364001776,210.3410697246577,0.0,0.0569852102058734,0.0,0.0112393754717387,0.0017374099060979858
SSS029-1,-120.7891,46.3111,-173.6354433535992,72.87558106928626,934.5017593824334,1.1990967536677364,0.1709536375554743,0.0846518569779746,0.0144715428762104,0.0,0.0,55.21877386521569,17.040724296931316,210.31541391033772,0.0,0.0544966823330851,0.0,0.0046132453586344,0.0017412894356212344
S19S_0099-M,-84.7121004,39.2386399,-82.53159689646925,75.09747688134264,934.6778850986268,1.629539525095001,0.1758608309744535,0.1150395465556586,0.0202309502522024,0.0,0.0,40.69000193904187,17.67072653650305,210.3662614801348,0.0,0.0555710645545693,0.0,0.0063928700679728,0.0017437434469575676
CM_010-2,-79.8466751,33.666607,-82.52160364892708,75.01556823519141,934.6715292658308,3.1062137589602195,0.1761391296331434,0.219287361142651,0.0386250849312153,0.0,0.0,21.573633684409373,17.549159971217737,210.35499065380523,0.0,0.0574947929342477,0.0,0.0126078814219943,0.0017623193850824668
CM_010-3,-79.8466751,33.666607,-82.52160364892708,75.01556823519141,934.6715292658308,3.1062137589602195,0.1761391296331434,0.219287361142651,0.0386250849312153,0.0,0.0,21.573633684409373,17.549159971217737,210.35499065380523,0.0,0.0574947929342477,0.0,0.0126078814219943,0.0017623193850824668
CM_010-1,-79.8466751,33.666607,-82.52160364892708,75.01556823519141,934.6715292658308,3.1062137589602195,0.1761391296331434,0.219287361142651,0.0386250849312153,0.0,0.0,21.573633684409373,17.549159971217737,210.35499065380523,0.0,0.0574947929342477,0.0,0.0126078814219943,0.0017623193850824668
SSS009-2,-121.1511,46.6168,-61.90725427544338,75.61968268880968,934.720136718376,1.7674441165980717,0.1772051471411758,0.1247751076943377,0.0221107913185311,0.0,0.0,38.03969302217519,17.648121437970673,210.36362514680607,0.0,0.0566225360409893,0.0,0.0070650830324409,0.0017681238148603768
SSS011-2,-121.0672,46.8099,-67.56649699115096,75.42656604861483,934.70420173176,2.7084745662538663,0.1768567399015969,0.1912084249329355,0.0338164986753581,0.0,0.0,25.01017559108581,17.51876129685017,210.3544488622743,0.0,0.0566124397445322,0.0,0.0108247754351627,0.0017814411567682676
SSS011-1,-121.0672,46.8099,-66.22634325733497,75.4669190334969,934.7074400643012,2.7084745662538663,0.1769576014544347,0.1912084249329355,0.0338357842540125,0.0,0.0,25.03668278914087,17.515254903812455,210.35424990498237,0.0,0.0566227208875454,0.0,0.0108267412763248,0.0017833292288209372
SSS011-3,-121.0672,46.8099,-66.33835764047618,75.46304709178834,934.7071276640536,2.7084745662538663,0.1769486708524249,0.1912084249329355,0.0338340766476685,0.0,0.0,25.06752924609985,17.515766146309325,210.3542914538168,0.0,0.0566247481065305,0.0,0.0108271288976739,0.0017855263804469653
CM_107-1,-95.55825,29.762400000000003,-114.15448270694648,74.13232736293716,934.6007942853964,2.1985783999720443,0.1737793673694272,0.1552116154930971,0.0269725763487771,0.0,0.0,30.899299564658715,17.342051538253873,210.3391062857266,0.0,0.0556962097695638,0.0,0.0086446986951764,0.0017865721956251057
S19S_0099-U,-84.7123967,39.2386771,-76.81446574282747,75.23515240552425,934.6888711151958,1.629539525095001,0.1761693192440247,0.1150395465556586,0.0202664386028516,0.0,0.0,41.83230437412718,17.531692258823426,210.35505142236252,0.0,0.0553235878687487,0.0,0.0063644004622529,0.0017926960714525911
SSS039-3,-120.6115,46.0284,-81.55544025612419,75.01514867103383,934.6711201881142,2.7938157601797493,0.1760352293369132,0.1972332019331619,0.0347199919351578,0.0,0.0,24.427191005060244,17.360682570059193,210.34120402025152,0.0,0.0569297758014564,0.0,0.0112284419666582,0.0017947388764663374
CM_082-1,-81.606667,31.426667,-144.12482238150344,73.37806929918324,934.540984293368,3.6673065745037583,0.1723115617162916,0.2588984672752276,0.0446111992221486,0.0,0.0,19.0264680432638,16.96728672114321,210.30994581777227,0.0,0.0558183891812062,0.0,0.0144512954047864,0.001834997057248934
SSS028-1,-120.8717,46.2902,-78.40491376471294,75.01027398719454,934.6703636744188,2.6201606682613363,0.1761342124025275,0.1849737858688533,0.0325802120891242,0.0,0.0,26.87377636245746,17.137056684468952,210.3246686673,0.0,0.0570522922482099,0.0,0.0105531784896476,0.0018517681109197746
CM_082-3,-81.606667,31.426667,-146.72668384500153,73.32181732349369,934.536535113518,3.6673065745037583,0.172128126221803,0.2588984672752276,0.0445637080537816,0.0,0.0,19.240274431478053,16.96019771894318,210.3095422933063,0.0,0.0556294964430322,0.0,0.0144023913643937,0.001855617494647092
