,target,predicted
0,-41.53,-345.1618466529121
1,-47.82,-345.1618466529121
2,-42.31,-345.1618466529121
3,-83.28,-427.42009387232827
4,-173.76,-427.42009387232827
5,-7.22,-187.5243287280719
6,-17.87,-187.5243287280719
7,-9.84,-187.5243287280719
8,-3657.26,-1264.1716154879573
9,-2199.18,-1264.1716154879573
10,-2196.81,-1264.1716154879573
11,-2.13,-506.4033931547367
12,-1.78,-506.4033931547367
13,-6.94,-506.4033931547367
14,-6.64,-592.0894952082726
15,-4.16,-592.0894952082726
16,-5.69,-592.0894952082726
17,-38.07,-596.1017075060871
18,-35.25,-596.1017075060871
19,-39.92,-596.1017075060871
20,-46.59,-626.3166374885141
21,-56.28,-626.3166374885141
22,-32.54,-626.3166374885141
23,-3860.77,-1594.8581859717942
24,-3462.55,-1594.8581859717942
25,-3840.88,-1594.8581859717942
26,-18.49,-601.7913112579784
27,-21.45,-601.7913112579784
28,-15.72,-601.7913112579784
29,-3293.85,-1350.0556508921127
30,-2717.18,-1350.0556508921127
31,-1941.4,-1350.0556508921127
32,-42.78,-737.2286072652071
33,-30.01,-737.2286072652071
34,-41.12,-737.2286072652071
35,-10.36,-75.04914477987732
36,-16.41,-75.04914477987732
37,-37.43,-463.65070889426033
38,-35.0,-463.65070889426033
39,-22.83,-463.65070889426033
40,-1.72,-564.0071149991467
41,-3.09,-564.0071149991467
42,-21.96,-564.0071149991467
43,-240.66,-691.5786833549253
44,-2420.08,-691.5786833549253
45,-17.53,-691.5786833549253
46,-2.7,-160.09746661900536
47,-5.86,-160.09746661900536
48,-2.46,-160.09746661900536
49,-1482.57,-722.574427533422
50,-2738.74,-722.574427533422
51,-41.92,-722.574427533422
52,-12.16,-564.633865764911
53,-1.38,-564.633865764911
54,-9.4,-564.633865764911
55,-9.12,-438.896850697861
56,-1752.9,-438.896850697861
57,-20.06,-438.896850697861
58,-42.8,-394.78207404851827
59,-3.18,-394.78207404851827
60,-13.09,-394.78207404851827
61,-4.62,-87.7624609552842
62,-1.45,-87.7624609552842
63,-8.99,-87.7624609552842
64,-4.6,-263.03197100280613
65,-36.16,-263.03197100280613
66,-11.18,-263.03197100280613
67,-2505.5,-784.733491733804
68,-23.78,-784.733491733804
69,-35.1,-784.733491733804
70,-33.5,-294.19235793015025
71,-22.89,-294.19235793015025
72,-79.59,-294.19235793015025
73,-1918.37,-1099.3121920128647
74,-1739.12,-1099.3121920128647
75,-1841.16,-1099.3121920128647
76,-17.98,-40.39320601070323
77,-3.11,-40.39320601070323
78,-5.64,-40.39320601070323
79,-1.25,-62.848934811403076
80,-2.74,-62.848934811403076
81,-6.06,-62.848934811403076
82,-79.25,-118.62200149373979
83,-110.45,-118.62200149373979
84,-10.71,-118.62200149373979
85,-1.84,-60.90247317514574
86,-1.15,-60.90247317514574
87,-1.29,-60.90247317514574
88,-15.13,-157.95804476178782
89,-3.73,-85.70463242645155
90,-46.77,-85.70463242645155
91,-2.08,-99.05796976484918
92,-1.77,-99.05796976484918
93,-3.94,-99.05796976484918
94,-115.73,-106.30013917669854
95,-8.0,-106.30013917669854
96,-27.46,-106.30013917669854
97,-12.66,-63.36441154426703
98,-7.65,-63.36441154426703
99,-11.52,-60.687227734252545
100,-41.22,-315.96144663377737
101,-4.84,-315.96144663377737
102,-16.74,-315.96144663377737
103,-7.06,-266.1041308997183
104,-3.59,-266.1041308997183
105,-10.78,-266.1041308997183
106,-1671.03,-596.0732202093975
107,-11.12,-596.0732202093975
108,-1694.52,-596.0732202093975
109,-26.93,-496.9596022523558
110,-60.88,-496.9596022523558
111,-1890.34,-496.9596022523558
112,-19.4,-406.47050329664745
113,-29.33,-406.47050329664745
114,-1011.81,-1025.3242455656998
115,-2785.54,-1025.3242455656998
116,-1906.69,-1025.3242455656998
117,-3.14,-89.50540762789176
118,-47.19,-89.50540762789176
119,-2.21,-250.0795958669715
120,-15.34,-69.72325079202473
121,-50.95,-69.72325079202473
122,-15.94,-69.72325079202473
123,-18.6,-128.82991212028148
124,-43.06,-386.8323564783177
125,-15.66,-386.8323564783177
126,-2448.32,-1221.6867816622866
127,-2675.86,-1221.6867816622866
128,-2907.84,-1221.6867816622866
129,-1515.51,-557.1118608773495
130,-97.9,-557.1118608773495
131,-33.71,-557.1118608773495
132,-16.99,-273.00579334453414
133,-5.77,-273.00579334453414
134,-3.65,-273.00579334453414
135,-2.37,-320.5724561013053
136,-21.63,-320.5724561013053
137,-1.68,-320.5724561013053
138,-1.29,-524.6212777531891
139,-2.02,-524.6212777531891
140,-1.67,-524.6212777531891
141,-74.17,-257.51601894044205
142,-64.33,-185.54228447782637
143,-24.54,-257.51601894044205
144,-2.71,-939.8493456195225
145,-2086.43,-939.8493456195225
146,-2610.28,-939.8493456195225
147,-988.01,-932.2808566436565
148,-1821.88,-932.2808566436565
149,-2260.74,-932.2808566436565
150,-0.99,-43.99934589447884
151,-1.09,-43.99934589447884
152,-1.4,-43.99934589447884
153,-48.59,-103.59244913306759
154,-82.62,-103.59244913306759
155,-17.66,-103.59244913306759
156,-3.46,-250.82421904754796
157,-3.65,-250.82421904754796
158,-21.22,-250.82421904754796
159,-82.36,-429.31096185796093
160,-77.62,-429.31096185796093
161,-5.14,-279.0313165600761
162,-2.89,-279.0313165600761
163,-5.0,-279.0313165600761
164,-5.17,-67.76622276588786
165,-3.91,-67.76622276588786
166,-4.97,-67.76622276588786
167,-19.2,-483.1074361821944
168,-34.83,-438.4415070610261
169,-37.03,-438.4415070610261
170,-81.84,-438.4415070610261
171,-14.63,-515.9001936984528
172,-23.85,-515.9001936984528
173,-73.45,-515.9001936984528
174,-3.47,-105.34037711381964
175,-4.24,-105.34037711381964
176,-2.41,-105.34037711381964
177,-4.55,-142.78786142853642
178,-7.48,-142.78786142853642
179,-8.6,-142.78786142853642
180,-14.92,-115.73973485166994
181,-3.07,-115.73973485166994
182,-52.27,-115.73973485166994
183,-991.01,-174.76810115802033
184,-38.08,-174.76810115802033
185,-35.52,-174.76810115802033
186,-1185.05,-538.9775176323999
187,-1138.3,-538.9775176323999
188,-47.16,-538.9775176323999
189,-43.22,-375.6955810295194
190,-3.79,-375.6955810295194
191,-3.97,-375.6955810295194
192,-58.67,-664.2074077949676
193,-29.12,-664.2074077949676
194,-1531.16,-664.2074077949676
195,-24.5,-80.26245491942788
196,-17.33,-80.26245491942788
197,-29.51,-80.26245491942788
198,-5.57,-331.3470510557297
199,-8.93,-331.3470510557297
200,-4.29,-331.3470510557297
201,-40.96,-68.60547040400026
202,-8.65,-68.60547040400026
203,-4.28,-68.60547040400026
