,RA_SO,RA_dm,run_mm_cyr,dor_pc_pva,gwt_cm_cav,ele_mt_cav,slp_dg_cav,sgr_dk_rav,tmp_dc_cyr,tmp_dc_cdi,pre_mm_cyr,pre_mm_cdi,for_pc_cse,crp_pc_cse,pst_pc_cse,ire_pc_cse,gla_pc_cse,prm_pc_cse,ppd_pk_cav,Temp_water,pH,DO_mgL,DOSAT,RA_ms_av,RA_ms_di,rate.mg.per.L.per.h
0,5.0,1.36914,139.0,268.0,733.0,563.0,71.0,56.0,83.0,218.0,324.0,47.0,27.0,25.0,64.0,27.0,0.0,0.0,61.592,16.28,,9.48,96.65,0.7900338926080501,1.4329430548163915,-32.76
1,1.0,0.181828,168.0,0.0,603.0,3323.0,179.0,260.0,-11.0,214.0,708.0,31.0,100.0,0.0,13.0,0.0,0.0,13.0,0.028,7.1,6.5,9.57,109.6,0.3295690040808128,0.9850552781251992,-1.95136655
2,2.0,0.33367,260.0,0.0,494.0,2007.0,112.0,273.0,79.0,155.0,877.0,158.0,99.0,0.0,5.0,0.0,0.0,0.0,0.147,11.2,6.5,8.101208791208792,88.44313725490196,0.4556993556469722,1.1103092821269878,-5.276923075
3,2.0,0.275159,429.0,0.0,134.0,97.0,26.0,38.0,127.0,243.0,1005.0,31.0,100.0,1.0,0.0,3.0,0.0,0.0,146.491,19.95,6.5,9.42,103.51,0.6029664567514101,0.8370694793583332,-22.52
4,5.0,1.50454,487.0,0.0,14.0,14.0,5.0,0.0,173.0,196.0,1234.0,87.0,4.0,21.0,1.0,0.0,0.0,0.0,127.834,25.62,6.5,6.36,77.85,1.0284795551796615,0.9266532126378548,-1.79
5,5.0,1.25247,112.0,48.0,150.0,1525.0,10.0,12.0,73.0,301.0,212.0,38.0,0.0,8.0,71.0,13.0,0.0,0.0,28.397,25.6,8.0,8.101208791208792,88.44313725490196,0.5354326376407584,1.3367934563327584,-11.23076923
6,4.0,0.871958,1036.0,0.0,329.0,1013.0,154.0,94.0,51.0,184.0,1570.0,241.0,90.0,0.0,0.0,0.0,0.0,0.0,0.021,15.09,,9.35,92.88,0.8489558147119354,1.2179350209736737,-1.161
7,5.0,1.55837,371.0,122.0,32.0,11.0,3.0,12.0,210.0,170.0,1062.0,103.0,69.0,48.0,38.0,3.0,0.0,0.0,27.287,33.25,8.0,8.1,113.29,1.187652188992536,1.3126187706380916,-8.204
8,3.0,0.694932,625.0,0.0,351.0,939.0,79.0,28.0,60.0,183.0,1183.0,195.0,100.0,0.0,0.0,0.0,0.0,0.0,0.081,12.1,,10.11,94.02,0.6844977789481274,1.141717843338255,-1.883
9,2.0,0.279864,129.0,0.0,415.0,3195.0,105.0,201.0,0.0,218.0,556.0,28.0,91.0,0.0,1.0,1.0,0.0,6.0,141.195,11.05,6.5,7.86,71.4,0.2761422398056384,0.9671616427808054,-6.185
10,1.0,0.0896727,76.0,0.0,651.0,462.0,65.0,24.0,92.0,226.0,218.0,28.0,28.0,7.0,74.0,9.0,0.0,0.0,237.74,17.54,,9.41,98.43,0.111013708278943,0.3139008303059767,-1.248
11,1.0,0.1690289999999999,590.0,0.0,178.0,133.0,24.0,74.0,113.0,249.0,1137.0,40.0,81.0,47.0,20.0,0.0,0.0,0.0,34.917,19.4,6.5,8.97,98.6,0.246313049944231,0.4918515305490148,-4.521541839
12,2.0,0.276592,481.0,0.0,613.0,1152.0,151.0,605.0,50.0,185.0,1199.0,188.0,91.0,0.0,59.0,0.0,0.0,0.0,0.19,13.61,,9.23,88.83,0.4801446893413621,0.91363854937452,-1.5319999999999998
13,1.0,0.181828,168.0,0.0,603.0,3323.0,179.0,260.0,-11.0,214.0,708.0,31.0,100.0,0.0,13.0,0.0,0.0,13.0,0.028,7.1,6.5,9.57,109.6,0.3295690040808128,0.9850552781251992,-0.8436688309999999
14,1.0,0.120973,106.0,0.0,829.0,1868.0,104.0,653.0,45.0,219.0,448.0,40.0,99.0,2.0,94.0,0.0,0.0,0.0,0.002,17.1,7.25,8.101208791208792,88.44313725490196,0.0634455326576168,0.3508926398002889,-10.92815178
15,2.0,0.343469,752.0,0.0,251.0,278.0,49.0,33.0,138.0,226.0,1359.0,64.0,100.0,8.0,2.0,0.0,0.0,0.0,106.758,22.8,7.5,6.13,71.0,0.614838092635606,0.962426561005602,-32.71428572
16,1.0,0.165972,281.0,0.0,624.0,866.0,119.0,371.0,69.0,199.0,629.0,103.0,94.0,0.0,60.0,0.0,0.0,0.0,0.106,15.5,,8.03,80.53,0.3543639440843797,0.8674391527007596,-4.377
17,5.0,1.36914,139.0,268.0,733.0,563.0,71.0,56.0,83.0,218.0,324.0,47.0,27.0,25.0,64.0,27.0,0.0,0.0,61.592,17.45,,9.98,104.25,0.7900338926080501,1.4329430548163915,-1.4069999999999998
18,2.0,0.458276,1159.0,0.0,10.0,73.0,8.0,18.0,112.0,146.0,1108.0,184.0,100.0,54.0,36.0,9.0,0.0,0.0,1928.633,19.14,6.25,8.31,89.78,0.5485605390321922,1.0607091812427687,-36.64
19,2.0,0.21507,81.0,0.0,794.0,2441.0,130.0,335.0,20.0,233.0,518.0,21.0,100.0,8.0,16.0,0.0,0.0,0.0,0.0,10.34,8.31,8.101208791208792,102.1,0.2030257384242583,0.9589925432482248,-7.5541108989999985
20,1.0,0.1459369999999999,495.0,0.0,576.0,817.0,93.0,113.0,64.0,203.0,828.0,129.0,67.0,2.0,1.0,5.0,0.0,0.0,12.595999999999998,13.78,,9.39,90.71,0.2805934937521182,0.4929642556899959,-15.44
21,2.0,0.329494,207.0,0.0,489.0,3083.0,157.0,123.0,-2.0,239.0,571.0,26.0,97.0,1.0,23.0,1.0,0.0,7.0,2.72,14.2,7.24,7.6,71.5,0.3329487522406174,1.2910746579690129,-1.433267909
22,1.0,0.120339,457.0,0.0,15.0,9.0,6.0,0.0,147.0,220.0,1058.0,36.0,40.0,100.0,0.0,10.0,0.0,0.0,25.496,22.9,6.5,5.8,65.0,0.0649228487850943,0.0833668399172233,-1.507242467
23,4.0,0.893509,218.0,741.0,730.0,675.0,130.0,94.0,75.0,209.0,407.0,60.0,32.0,16.0,86.0,19.0,0.0,0.0,1.952,13.86,,10.01,96.8,0.7866741953698476,1.238019951063429,-2.73
24,1.0,0.15438,757.0,0.0,299.0,294.0,49.0,46.0,138.0,226.0,1360.0,65.0,95.0,8.0,4.0,0.0,0.0,0.0,1.882,18.3,8.0,11.46,121.9,0.2178880579416749,0.3392434319851395,-3.743043221
25,5.0,0.706993,15.0,0.0,31.0,654.0,6.0,20.0,206.0,204.0,309.0,50.0,0.0,1.0,57.0,7.0,0.0,0.0,251.05,32.44,7.0,4.87,67.11,0.4507088691064952,1.2091988130563798,-1.548
26,4.0,0.871958,1036.0,0.0,329.0,1013.0,154.0,94.0,51.0,184.0,1570.0,241.0,90.0,0.0,0.0,0.0,0.0,0.0,0.021,19.35,,8.33,90.49,0.8489558147119354,1.2179350209736737,-1.46
27,3.0,0.169118,14.0,0.0,383.0,1221.0,16.0,34.0,101.0,262.0,428.0,70.0,0.0,15.0,60.0,6.0,0.0,0.0,0.121,24.7,7.5,3.83,52.7,0.0320717380637008,0.8723512753326642,-26.58571428
28,6.0,4.56186,589.0,91.0,18.0,24.0,14.0,5.0,181.0,191.0,1497.0,93.0,100.0,3.0,1.0,0.0,0.0,0.0,1.041,30.5,7.5,6.61,93.4,1.1564818588007784,1.9512139545089568,-1.477723835
29,4.0,0.893509,218.0,741.0,730.0,675.0,130.0,94.0,75.0,209.0,407.0,60.0,32.0,16.0,86.0,19.0,0.0,0.0,1.952,15.94,,9.93,100.42,0.7866741953698476,1.238019951063429,-1.57
30,1.0,0.207804,1348.0,0.0,561.0,1053.0,151.0,710.0,68.0,166.0,1892.0,298.0,100.0,0.0,0.0,0.0,0.0,0.0,0.001,12.4,6.0,9.56,96.6,0.6718942765276232,0.9953568927613607,-0.335735139
31,3.0,0.169118,14.0,0.0,383.0,1221.0,16.0,34.0,101.0,262.0,428.0,70.0,0.0,15.0,60.0,6.0,0.0,0.0,0.121,24.7,7.5,3.83,52.7,0.0320717380637008,0.8723512753326642,-11.29333334
32,5.0,3.01622,278.0,1152.0,15.0,13.0,0.0,2.0,165.0,183.0,499.0,99.0,88.0,55.0,10.0,77.0,0.0,0.0,7.791,13.15,6.5,10.53,100.23,0.8116245049166295,1.945217205221485,-0.5479999999999999
33,4.0,0.93274,136.0,0.0,37.0,1354.0,3.0,22.0,89.0,272.0,464.0,33.0,26.0,38.0,3.0,51.0,0.0,0.0,299.058,16.9,8.49,8.101208791208792,126.0,0.3480398903890188,1.374016191393786,-18.49333333
34,5.0,3.18825,546.0,230.0,21.0,32.0,7.0,6.0,175.0,202.0,1384.0,80.0,70.0,19.0,20.0,0.0,0.0,0.0,3.87,33.4,7.5,6.55,90.5,0.9745864734066886,1.7589055690655626,-10.9
35,5.0,2.73729,496.0,37.0,48.0,52.0,9.0,10.0,193.0,173.0,1336.0,92.0,10.0,27.0,4.0,23.0,0.0,0.0,1.525,28.2,7.0,6.87,88.3,0.8985593654495028,1.6962875616089883,-4.226550709
36,4.0,0.805897,323.0,778.0,759.0,1026.0,183.0,100.0,57.0,194.0,815.0,127.0,83.0,0.0,75.0,0.0,0.0,0.0,0.314,11.9,,10.21,94.49,0.7819250043200277,1.2104717470191806,-1.474
37,4.0,1.05476,296.0,142.0,1.0,1429.0,2.0,10.0,98.0,201.0,284.0,40.0,20.0,100.0,0.0,93.0,0.0,0.0,1.683,17.8,7.5,7.63,80.23,0.7277055889432572,1.3360581911649292,-134.6
38,2.0,0.275159,429.0,0.0,134.0,97.0,26.0,38.0,127.0,243.0,1005.0,31.0,100.0,1.0,0.0,3.0,0.0,0.0,146.491,19.95,6.5,9.42,103.51,0.6029664567514101,0.8370694793583332,-29.4
39,1.0,0.171086,503.0,0.0,96.0,31.0,16.0,35.0,131.0,239.0,1072.0,40.0,100.0,13.0,1.0,0.0,0.0,0.0,57.396,31.4,7.0,8.101208791208792,88.44313725490196,0.5067368153762882,0.6336994460419955,-11.47407407
40,4.0,0.8774639999999999,628.0,115.0,744.0,984.0,124.0,97.0,57.0,187.0,1177.0,183.0,89.0,0.0,0.0,0.0,0.0,0.0,0.003,18.79,,8.56,91.92,0.8165726650349402,1.2240076620197935,-23.28
41,3.0,0.561562,664.0,0.0,345.0,326.0,107.0,108.0,73.0,271.0,1073.0,41.0,100.0,5.0,2.0,0.0,0.0,0.0,32.56,18.68,6.5,9.45,101.19,0.4535803898861223,0.988313944306996,-10.648
42,5.0,1.55837,371.0,122.0,32.0,11.0,3.0,12.0,210.0,170.0,1062.0,103.0,69.0,48.0,38.0,3.0,0.0,0.0,27.287,33.25,8.0,8.1,113.29,1.187652188992536,1.3126187706380916,-11.74
43,1.0,0.162056,426.0,0.0,610.0,1275.0,135.0,461.0,45.0,184.0,1211.0,187.0,95.0,0.0,13.0,0.0,0.0,0.0,0.048,13.16,,8.95,85.27,0.4002287712493062,0.819803948359606,-2.8
44,2.0,0.260894,92.0,0.0,559.0,2529.0,98.0,267.0,38.0,208.0,487.0,33.0,100.0,0.0,7.0,0.0,0.0,0.0,20.428,11.5,7.0,8.101208791208792,88.44313725490196,0.3379294318137805,1.0041055036988265,-5.261666668
45,3.0,0.8416969999999999,662.0,0.0,265.0,904.0,86.0,0.0,60.0,187.0,1156.0,180.0,100.0,0.0,0.0,0.0,0.0,0.0,0.0,13.46,,8.5,81.53,0.7015777930537825,1.2434940587253265,-0.3879999999999999
46,4.0,0.893509,218.0,741.0,730.0,675.0,130.0,94.0,75.0,209.0,407.0,60.0,32.0,16.0,86.0,19.0,0.0,0.0,1.952,13.86,,10.01,96.8,0.7866741953698476,1.238019951063429,-5.704
47,5.0,1.25247,112.0,48.0,150.0,1525.0,10.0,12.0,73.0,301.0,212.0,38.0,0.0,8.0,71.0,13.0,0.0,0.0,28.397,25.6,8.0,8.101208791208792,88.44313725490196,0.5354326376407584,1.3367934563327584,-7.333333332
48,2.0,0.343469,752.0,0.0,251.0,278.0,49.0,33.0,138.0,226.0,1359.0,64.0,100.0,8.0,2.0,0.0,0.0,0.0,106.758,22.8,7.5,6.13,71.0,0.614838092635606,0.962426561005602,-3.698377544
49,2.0,0.409759,687.0,0.0,918.0,1125.0,159.0,128.0,53.0,179.0,1446.0,227.0,100.0,0.0,0.0,0.0,0.0,0.0,0.162,5.82,,10.71,85.64,0.6099075118823052,1.0229020270711804,-1.094
50,4.0,0.893509,218.0,741.0,730.0,675.0,130.0,94.0,75.0,209.0,407.0,60.0,32.0,16.0,86.0,19.0,0.0,0.0,1.952,15.94,,9.93,100.42,0.7866741953698476,1.238019951063429,-1.065
51,7.0,7.808219999999999,23.0,627.0,385.0,146.0,28.0,3.0,118.0,229.0,189.0,24.0,30.0,43.0,12.0,6.0,0.0,0.0,3.373,11.0,7.0,8.101208791208792,88.44313725490196,1.0334337650721166,2.420443645436732,-5.74676525
52,2.0,0.454634,460.0,0.0,2.0,2.0,2.0,12.0,174.0,196.0,1287.0,95.0,100.0,8.0,1.0,1.0,0.0,0.0,367.817,30.16,6.5,4.36,57.87,0.7669969014436773,0.6471536355931025,-5.432
53,2.0,0.443779,163.0,0.0,28.0,187.0,6.0,53.0,181.0,122.0,284.0,47.0,1.0,37.0,8.0,48.0,0.0,0.0,560.795,29.98,9.5,18.88,249.65,0.3064108168873345,1.1862197102173369,-30.84
54,1.0,0.0979786,84.0,0.0,1231.0,953.0,107.0,248.0,70.0,202.0,523.0,80.0,88.0,1.0,34.0,0.0,0.0,0.0,0.0,15.2,,5.21,51.85,0.1194175409440454,0.3582526228321362,-3.112
55,5.0,0.706993,15.0,0.0,31.0,654.0,6.0,20.0,206.0,204.0,309.0,50.0,0.0,1.0,57.0,7.0,0.0,0.0,251.05,32.44,7.0,4.87,67.11,0.4507088691064952,1.2091988130563798,-1.881
56,3.0,0.826142,157.0,0.0,718.0,1196.0,153.0,62.0,78.0,240.0,511.0,66.0,42.0,1.0,27.0,0.0,0.0,0.0,24.197,18.70203389830508,7.0,8.101208791208792,88.44313725490196,0.5237606727142015,1.28290669402328,-1.338343393
57,1.0,0.127298,173.0,0.0,326.0,379.0,30.0,60.0,121.0,291.0,866.0,117.0,0.0,33.0,14.0,2.0,0.0,0.0,1.287,21.7,7.5,8.62,98.2,0.3110610104963151,0.5184350174938586,-20.8
58,1.0,0.1459369999999999,495.0,0.0,576.0,817.0,93.0,113.0,64.0,203.0,828.0,129.0,67.0,2.0,1.0,5.0,0.0,0.0,12.595999999999998,13.78,,9.39,90.71,0.2805934937521182,0.4929642556899959,-38.28
59,1.0,0.1690289999999999,590.0,0.0,178.0,133.0,24.0,74.0,113.0,249.0,1137.0,40.0,81.0,47.0,20.0,0.0,0.0,0.0,34.917,19.5,6.5,8.62,95.1,0.246313049944231,0.4918515305490148,-3.303906694
60,4.0,0.871958,1036.0,0.0,329.0,1013.0,154.0,94.0,51.0,184.0,1570.0,241.0,90.0,0.0,0.0,0.0,0.0,0.0,0.021,19.35,,8.33,90.49,0.8489558147119354,1.2179350209736737,-1.362
61,1.0,0.196017,220.0,0.0,541.0,1815.0,143.0,424.0,74.0,246.0,618.0,43.0,60.0,12.0,8.0,1.0,0.0,0.0,754.7280000000002,11.5,8.0,8.101208791208792,88.44313725490196,0.3498044997578832,0.9843672079963576,-0.923582423
62,2.0,0.162217,24.0,0.0,1021.0,263.0,73.0,62.0,111.0,220.0,209.0,27.0,53.0,45.0,9.0,34.0,0.0,0.0,17.348,22.45,,7.99,92.23,0.2514621306142977,0.9287875469463572,-3.4360000000000004
63,5.0,3.01622,278.0,1152.0,15.0,13.0,0.0,2.0,165.0,183.0,499.0,99.0,88.0,55.0,10.0,77.0,0.0,0.0,7.791,13.15,6.5,10.53,100.23,0.8116245049166295,1.945217205221485,-0.6459999999999999
64,2.0,0.600553,681.0,0.0,594.0,509.0,116.0,108.0,65.0,259.0,1088.0,47.0,100.0,4.0,4.0,0.0,0.0,0.0,11.976,20.3,6.5,8.101208791208792,88.44313725490196,0.356950299208339,1.1178274075906212,-5.147927462
65,7.0,7.808219999999999,23.0,627.0,385.0,146.0,28.0,3.0,118.0,229.0,189.0,24.0,30.0,43.0,12.0,6.0,0.0,0.0,3.373,11.0,7.0,8.101208791208792,88.44313725490196,1.0334337650721166,2.420443645436732,-1.54768994
66,1.0,0.141786,887.0,0.0,620.0,260.0,51.0,0.0,82.0,262.0,1243.0,24.0,100.0,1.0,1.0,0.0,0.0,0.0,86.677,22.78,6.5,8.101208791208792,88.44313725490196,0.1099203077768617,0.1533887931249843,-6.044378699
67,1.0,0.15764,516.0,0.0,142.0,299.0,18.0,21.0,160.0,206.0,1285.0,67.0,15.0,0.0,0.0,0.0,0.0,0.0,984.224,23.66,6.0,7.27,85.82,0.2531757927630053,0.483152210093544,-1.592
68,3.0,0.969993,692.0,0.0,298.0,317.0,78.0,31.0,72.0,270.0,1119.0,35.0,100.0,8.0,0.0,0.0,0.0,0.0,262.081,14.89,6.5,11.31,111.85,0.562337338796453,1.1537748000360435,-1.998
69,6.0,2.22074,21.0,1900.0,107.0,1014.0,15.0,0.0,92.0,284.0,426.0,69.0,0.0,35.0,39.0,4.0,0.0,0.0,3.976,20.47,8.0,8.26,91.71,0.5607933267972806,1.7104100033751748,-0.247
70,3.0,0.675531,668.0,205.0,600.0,1120.0,155.0,114.0,50.0,181.0,1422.0,218.0,100.0,0.0,0.0,0.0,0.0,0.0,0.016,14.91,,9.46,93.66,0.7604603152857367,1.1269315621146916,-1.905
71,1.0,0.196017,220.0,0.0,541.0,1815.0,143.0,424.0,74.0,246.0,618.0,43.0,60.0,12.0,8.0,1.0,0.0,0.0,754.7280000000002,11.5,8.0,8.101208791208792,88.44313725490196,0.3498044997578832,0.9843672079963576,-16.92
72,3.0,0.516599,483.0,0.0,123.0,31.0,20.0,36.0,129.0,244.0,1057.0,35.0,0.0,0.0,0.0,0.0,0.0,0.0,2600.23,27.0,6.5,8.101208791208792,88.44313725490196,0.6610729190442188,0.875916382756404,-6.411750307
73,1.0,0.186982,690.0,0.0,548.0,279.0,54.0,176.0,72.0,269.0,1178.0,24.0,83.0,4.0,1.0,0.0,0.0,0.0,14.043,18.2,6.5,9.63,105.1,0.4971656560962752,0.7669842031233995,-0.825883838
74,4.0,1.35167,477.0,0.0,17.0,11.0,6.0,5.0,160.0,204.0,1279.0,79.0,8.0,34.0,2.0,1.0,0.0,0.0,99.739,27.92,6.5,5.15,65.74,1.013842986061942,1.033357768509646,-12.8
75,2.0,0.409759,687.0,0.0,918.0,1125.0,159.0,128.0,53.0,179.0,1446.0,227.0,100.0,0.0,0.0,0.0,0.0,0.0,0.162,5.82,,10.71,85.64,0.6099075118823052,1.0229020270711804,-1.023
76,5.0,0.6728270000000001,14.0,0.0,17.0,594.0,1.0,24.0,208.0,206.0,312.0,48.0,0.0,7.0,46.0,31.0,0.0,0.0,46.27,28.8,7.5,6.33,82.03,0.4718321972063044,1.0968378552094369,-0.578
77,5.0,1.50454,487.0,0.0,14.0,14.0,5.0,0.0,173.0,196.0,1234.0,87.0,4.0,21.0,1.0,0.0,0.0,0.0,127.834,25.62,6.5,6.36,77.85,1.0284795551796615,0.9266532126378548,-1.108
78,3.0,0.5607840000000001,119.0,0.0,571.0,490.0,52.0,111.0,87.0,219.0,268.0,38.0,26.0,31.0,40.0,35.0,0.0,0.0,60.808,19.43,,9.74,105.93,0.5032255481429952,1.131819569493171,-24.04
79,3.0,0.561562,664.0,0.0,345.0,326.0,107.0,108.0,73.0,271.0,1073.0,41.0,100.0,5.0,2.0,0.0,0.0,0.0,32.56,18.68,6.5,9.45,101.19,0.4535803898861223,0.988313944306996,-9.33
80,2.0,0.518305,442.0,0.0,456.0,244.0,76.0,59.0,106.0,254.0,1047.0,30.0,100.0,26.0,4.0,1.0,0.0,0.0,180.212,14.93,6.5,9.42,93.22,0.4337158606359989,1.098662793483167,-1.856
81,3.0,0.5607840000000001,119.0,0.0,571.0,490.0,52.0,111.0,87.0,219.0,268.0,38.0,26.0,31.0,40.0,35.0,0.0,0.0,60.808,19.43,,9.74,105.93,0.5032255481429952,1.131819569493171,-14.96
82,2.0,0.354995,232.0,0.0,570.0,887.0,90.0,194.0,65.0,202.0,552.0,87.0,36.0,6.0,94.0,3.0,0.0,0.0,0.564,17.86,,8.63,90.92,0.5238578839435206,1.1441746297508932,-23.64
83,2.0,0.260894,92.0,0.0,559.0,2529.0,98.0,267.0,38.0,208.0,487.0,33.0,100.0,0.0,7.0,0.0,0.0,0.0,20.428,11.5,7.0,8.101208791208792,88.44313725490196,0.3379294318137805,1.0041055036988265,-14.40223325
84,1.0,0.120339,457.0,0.0,15.0,9.0,6.0,0.0,147.0,220.0,1058.0,36.0,40.0,100.0,0.0,10.0,0.0,0.0,25.496,22.9,6.5,5.8,65.0,0.0649228487850943,0.0833668399172233,-13.31764706
85,2.0,0.412787,69.0,0.0,903.0,622.0,120.0,131.0,88.0,211.0,339.0,52.0,0.0,4.0,91.0,0.0,0.0,0.0,0.0,20.57,,9.73,108.23,0.3497700448003334,1.0994190344362256,-1.602
86,6.0,0.162217,24.0,0.0,1021.0,263.0,73.0,62.0,111.0,220.0,209.0,27.0,53.0,45.0,9.0,34.0,0.0,0.0,17.348,25.6,8.0,13.31,161.9,0.2514621306142977,0.9287875469463576,-1.842685324
87,5.0,0.6728270000000001,14.0,0.0,17.0,594.0,1.0,24.0,208.0,206.0,312.0,48.0,0.0,7.0,46.0,31.0,0.0,0.0,46.27,28.8,7.5,6.33,82.03,0.4718321972063044,1.0968378552094369,-0.948
88,2.0,0.394221,68.0,0.0,877.0,717.0,168.0,172.0,85.0,208.0,372.0,58.0,73.0,2.0,33.0,0.0,0.0,0.0,0.0,15.84,,9.31,93.99,0.3536436894892457,1.076390901888032,-12.533
89,4.0,0.838932,48.0,0.0,9.0,204.0,1.0,7.0,114.0,227.0,184.0,24.0,0.0,75.0,26.0,24.0,0.0,0.0,8.243,18.24,,6.36,67.47,0.443944429921201,1.3427568435597714,-0.28
90,1.0,0.0979786,84.0,0.0,1231.0,953.0,107.0,248.0,70.0,202.0,523.0,80.0,88.0,1.0,34.0,0.0,0.0,0.0,0.0,15.2,,5.21,51.85,0.1194175409440454,0.3582526228321362,-2.625
91,1.0,0.138754,301.0,0.0,63.0,276.0,14.0,4.0,77.0,307.0,801.0,74.0,0.0,45.0,3.0,1.0,0.0,0.0,31.533,15.7,7.5,8.101208791208792,88.44313725490196,0.2117318105249392,0.4374752849816757,-10.08
92,4.0,1.163,269.0,49.0,598.0,956.0,154.0,71.0,60.0,200.0,679.0,103.0,70.0,1.0,81.0,1.0,0.0,0.0,3.175,19.15,,9.42,101.88,0.8294085246226304,1.3710011820843055,-14.386
93,6.0,3.09366,1136.0,168.0,11.0,68.0,6.0,41.0,112.0,146.0,1094.0,179.0,64.0,68.0,32.0,11.0,0.0,0.0,420.967,15.67,6.25,9.42,94.79,1.2448682052386553,1.7416557597044349,-1.269
94,3.0,0.8004720000000001,697.0,0.0,328.0,242.0,53.0,29.0,78.0,267.0,1032.0,36.0,100.0,5.0,5.0,0.0,0.0,0.0,31.026,15.88,6.5,9.66,97.68,0.5496860114387434,1.086268563234494,-25.72
95,1.0,0.19709,878.0,0.0,420.0,204.0,125.0,132.0,112.0,82.0,1167.0,209.0,100.0,0.0,0.0,0.0,0.0,0.0,0.357,15.0,6.5,8.101208791208792,88.44313725490196,0.3111901563201814,0.8258120653156917,-0.324899981
96,2.0,0.264653,1190.0,0.0,487.0,1297.0,211.0,1522.0,36.0,179.0,1871.0,283.0,100.0,0.0,0.0,0.0,0.0,0.0,0.002,14.6,,9.12,89.7,0.611084481861695,0.8666495532722551,-0.884
97,1.0,0.1681089999999999,863.0,0.0,435.0,179.0,85.0,43.0,111.0,79.0,1162.0,208.0,100.0,0.0,2.0,0.0,0.0,0.0,9.99,16.0,6.5,8.101208791208792,88.44313725490196,0.1654951508141294,0.4413204021710117,-0.532004016
98,2.0,0.443779,163.0,0.0,28.0,187.0,6.0,53.0,181.0,122.0,284.0,47.0,1.0,37.0,8.0,48.0,0.0,0.0,560.795,29.98,9.5,18.88,249.65,0.3064108168873345,1.1862197102173369,-3.64
99,1.0,0.2526469999999999,787.0,0.0,405.0,582.0,111.0,361.0,44.0,275.0,1206.0,38.0,100.0,0.0,1.0,0.0,0.0,0.0,2.8160000000000003,17.2,6.0,8.101208791208792,88.44313725490196,0.5470102947848703,1.0141417497939127,-1.323874159
100,2.0,0.485342,495.0,0.0,354.0,289.0,64.0,13.0,98.0,252.0,975.0,40.0,85.0,26.0,2.0,0.0,0.0,0.0,11.970999999999998,23.5,7.7,8.101208791208792,80.7,0.4120079618672038,1.1652630453632982,-21.2
101,6.0,2.01581,14.0,1554.0,258.0,1527.0,10.0,6.0,132.0,237.0,221.0,31.0,35.0,13.0,49.0,19.0,0.0,0.0,60.092,22.7,8.11,6.66,76.9,0.6965204770204494,1.616277327158099,-6.4000000020000005
102,2.0,0.518305,442.0,0.0,456.0,244.0,76.0,59.0,106.0,254.0,1047.0,30.0,100.0,26.0,4.0,1.0,0.0,0.0,180.212,14.93,6.5,9.42,93.22,0.4337158606359989,1.098662793483167,-2.291
103,1.0,0.129239,344.0,0.0,458.0,2186.0,118.0,2539.0,69.0,153.0,832.0,149.0,100.0,1.0,1.0,0.0,0.0,0.0,0.0,12.6,6.5,4.62,41.1,0.0862056369719904,0.1965196300463172,-2.393037105
104,2.0,0.21507,81.0,0.0,794.0,2441.0,130.0,335.0,20.0,233.0,518.0,21.0,100.0,8.0,16.0,0.0,0.0,0.0,0.0,10.34,8.31,8.101208791208792,102.1,0.2030257384242583,0.9589925432482248,-9.361904763
105,2.0,0.265042,253.0,0.0,475.0,1369.0,128.0,503.0,116.0,174.0,833.0,155.0,100.0,0.0,5.0,0.0,0.0,0.0,0.03,16.6,7.0,9.46,97.3,0.448790542443362,1.1756035304057086,-0.67573355
106,1.0,0.165972,281.0,0.0,624.0,866.0,119.0,371.0,69.0,199.0,629.0,103.0,94.0,0.0,60.0,0.0,0.0,0.0,0.106,15.5,,8.03,80.53,0.3543639440843797,0.8674391527007596,-4.374
107,2.0,0.615987,250.0,0.0,347.0,593.0,34.0,132.0,77.0,220.0,407.0,61.0,20.0,17.0,8.0,12.0,0.0,0.0,8.839,21.68,,8.56,97.34,0.6035256769237265,1.1396665277351905,-2.569
108,7.0,7.7904399999999985,49.0,627.0,166.0,130.0,12.0,3.0,117.0,239.0,178.0,23.0,25.0,2.0,28.0,0.0,0.0,0.0,0.003,14.0,6.5,8.101208791208792,88.44313725490196,1.0333346081318415,2.4189501740099963,-7.061538462000001
109,2.0,0.2997329999999999,71.0,0.0,1223.0,812.0,135.0,168.0,77.0,205.0,442.0,68.0,79.0,1.0,37.0,0.0,0.0,0.0,0.0,18.3,,8.88,94.38,0.3421647033454026,1.0176924456414709,-1.91
110,1.0,0.1459369999999999,495.0,0.0,576.0,817.0,93.0,113.0,64.0,203.0,828.0,129.0,67.0,2.0,1.0,5.0,0.0,0.0,12.595999999999998,13.78,,9.39,90.71,0.2805934937521182,0.4929642556899959,-15.28
111,2.0,0.162217,24.0,0.0,1021.0,263.0,73.0,62.0,111.0,220.0,209.0,27.0,53.0,45.0,9.0,34.0,0.0,0.0,17.348,22.45,,7.99,92.23,0.2514621306142977,0.9287875469463572,-4.624
112,1.0,0.131399,186.0,0.0,182.0,421.0,16.0,63.0,120.0,288.0,880.0,115.0,0.0,28.0,53.0,0.0,0.0,0.0,0.863,20.7,7.5,7.3,85.4,0.3103324587600404,0.4896804381733106,-15.03076923
113,3.0,0.6430819999999999,175.0,0.0,622.0,492.0,69.0,111.0,90.0,213.0,367.0,59.0,38.0,12.0,78.0,3.0,0.0,0.0,4.873,18.19,,8.75,92.78,0.4966731283072247,1.2741656624927962,-8.064
114,4.0,0.871958,1036.0,0.0,329.0,1013.0,154.0,94.0,51.0,184.0,1570.0,241.0,90.0,0.0,0.0,0.0,0.0,0.0,0.021,15.09,,9.35,92.88,0.8489558147119354,1.2179350209736737,-1.153
115,1.0,0.1690289999999999,590.0,0.0,178.0,133.0,24.0,74.0,113.0,249.0,1137.0,40.0,81.0,47.0,20.0,0.0,0.0,0.0,34.917,19.5,6.5,8.62,95.1,0.246313049944231,0.4918515305490148,-1.118101978
116,4.0,1.37035,231.0,0.0,7.0,200.0,1.0,9.0,98.0,271.0,881.0,51.0,0.0,71.0,1.0,0.0,0.0,0.0,24.683000000000003,24.56,7.0,8.56,102.8,0.5659472313543772,1.35340421343675,-9.787
117,3.0,0.6430819999999999,175.0,0.0,622.0,492.0,69.0,111.0,90.0,213.0,367.0,59.0,38.0,12.0,78.0,3.0,0.0,0.0,4.873,18.19,,8.75,92.78,0.4966731283072247,1.2741656624927962,-13.396
118,1.0,0.0896727,76.0,0.0,651.0,462.0,65.0,24.0,92.0,226.0,218.0,28.0,28.0,7.0,74.0,9.0,0.0,0.0,237.74,17.54,,9.41,98.43,0.111013708278943,0.3139008303059767,-1.088
119,2.0,0.2997329999999999,71.0,0.0,1223.0,812.0,135.0,168.0,77.0,205.0,442.0,68.0,79.0,1.0,37.0,0.0,0.0,0.0,0.0,18.3,,8.88,94.38,0.3421647033454026,1.0176924456414709,-2.8680000000000003
120,4.0,0.893509,218.0,741.0,730.0,675.0,130.0,94.0,75.0,209.0,407.0,60.0,32.0,16.0,86.0,19.0,0.0,0.0,1.952,15.94,,9.93,100.42,0.7866741953698476,1.238019951063429,-1.372
121,1.0,0.179513,559.0,0.0,158.0,124.0,43.0,40.0,171.0,204.0,1428.0,75.0,100.0,0.0,0.0,0.0,0.0,0.0,0.033,22.3,7.0,7.45,84.9,0.4579661083323725,0.9137566056987956,-0.255760216
122,1.0,0.2526469999999999,787.0,0.0,405.0,582.0,111.0,361.0,44.0,275.0,1206.0,38.0,100.0,0.0,1.0,0.0,0.0,0.0,2.8160000000000003,17.2,6.0,8.101208791208792,88.44313725490196,0.5470102947848703,1.0141417497939127,-0.750090785
123,5.0,2.73729,496.0,37.0,48.0,52.0,9.0,10.0,193.0,173.0,1336.0,92.0,10.0,27.0,4.0,23.0,0.0,0.0,1.525,28.2,7.0,6.87,88.3,0.8985593654495028,1.6962875616089883,-3.183271572
124,3.0,0.675531,668.0,205.0,600.0,1120.0,155.0,114.0,50.0,181.0,1422.0,218.0,100.0,0.0,0.0,0.0,0.0,0.0,0.016,17.03,,8.87,91.89,0.7604603152857367,1.1269315621146916,-1.993
125,2.0,0.333333,649.0,0.0,474.0,1015.0,125.0,310.0,54.0,186.0,1245.0,193.0,100.0,0.0,0.0,0.0,0.0,0.0,0.0,12.24,,9.45,88.18,0.5236024844720496,0.9521739130434784,-2.874
126,4.0,1.05476,296.0,142.0,1.0,1429.0,2.0,10.0,98.0,201.0,284.0,40.0,20.0,100.0,0.0,93.0,0.0,0.0,1.683,17.8,7.5,7.63,80.23,0.7277055889432572,1.3360581911649292,-11.467
127,1.0,0.151134,796.0,0.0,128.0,49.0,20.0,0.0,92.0,257.0,1114.0,28.0,40.0,0.0,0.0,0.0,0.0,0.0,671.113,18.5,6.0,8.19,87.4,0.0926558585419384,0.1397602335548792,-6.599453551
128,4.0,1.03188,54.0,0.0,229.0,238.0,26.0,9.0,112.0,229.0,187.0,25.0,39.0,47.0,50.0,22.0,0.0,0.0,5.125,20.46,,12.46,138.28,0.4985180423367713,1.395031317377874,-14.88
129,3.0,0.630185,61.0,0.0,416.0,346.0,50.0,51.0,104.0,226.0,224.0,33.0,5.0,10.0,87.0,0.0,0.0,0.0,0.0,23.53,,8.96,105.54,0.4012639140999414,1.236446057951806,-5.351
130,1.0,0.127298,173.0,0.0,326.0,379.0,30.0,60.0,121.0,291.0,866.0,117.0,0.0,33.0,14.0,2.0,0.0,0.0,1.287,21.7,7.5,8.62,98.2,0.3110610104963151,0.5184350174938586,-9.153846154
131,1.0,0.0669013999999999,16.0,0.0,792.0,2177.0,176.0,1918.0,115.0,168.0,691.0,109.0,100.0,0.0,16.0,0.0,0.0,0.0,0.6729999999999999,18.4,6.5,5.88,63.1,0.1536836038805109,0.4322351359139372,-3.808505646
132,3.0,0.6430819999999999,175.0,0.0,622.0,492.0,69.0,111.0,90.0,213.0,367.0,59.0,38.0,12.0,78.0,3.0,0.0,0.0,4.873,18.19,,8.75,92.78,0.4966731283072247,1.2741656624927962,-11.816
133,1.0,0.19709,878.0,0.0,420.0,204.0,125.0,132.0,112.0,82.0,1167.0,209.0,100.0,0.0,0.0,0.0,0.0,0.0,0.357,15.0,6.5,8.101208791208792,88.44313725490196,0.3111901563201814,0.8258120653156917,-0.297715947
134,1.0,0.1690289999999999,590.0,0.0,178.0,133.0,24.0,74.0,113.0,249.0,1137.0,40.0,81.0,47.0,20.0,0.0,0.0,0.0,34.917,19.4,6.5,8.97,98.6,0.246313049944231,0.4918515305490148,-2.370917372
135,1.0,0.119861,236.0,0.0,310.0,493.0,111.0,281.0,-49.0,396.0,303.0,45.0,90.0,0.0,0.0,0.0,0.0,50.0,1.156,4.5,6.5,12.9,101.0,0.3651799416617498,0.51457173597792,-0.677314201
136,1.0,0.0901205,39.0,0.0,605.0,296.0,29.0,65.0,109.0,217.0,204.0,26.0,0.0,60.0,36.0,39.0,0.0,0.0,11.219,22.19,,10.54,121.0,0.1614702601139099,0.6165228113440198,-18.88
137,4.0,0.715861,74.0,362.0,773.0,1766.0,130.0,83.0,79.0,231.0,375.0,53.0,100.0,11.0,28.0,1.0,0.0,0.0,3.873,18.0,6.5,8.101208791208792,88.44313725490196,0.3601229573828461,1.2422028692659923,-1.6814820540000002
138,4.0,0.980312,950.0,0.0,414.0,870.0,145.0,40.0,60.0,187.0,1390.0,215.0,84.0,0.0,0.0,0.0,0.0,0.0,0.139,14.94,,9.05,89.67,0.860062531840294,1.277707299044042,-3.749
139,5.0,1.29027,446.0,793.0,449.0,710.0,60.0,25.0,70.0,210.0,655.0,103.0,72.0,3.0,1.0,11.0,0.0,0.0,15.66,17.61,,8.71,91.29,0.8471247673015158,1.4976167583822595,-5.709
140,6.0,1.98533,79.0,486.0,632.0,341.0,47.0,26.0,101.0,231.0,203.0,28.0,28.0,36.0,64.0,32.0,0.0,0.0,19.92,19.08,,9.8,105.77,0.8893643788153771,1.600530028048177,-3.863
141,3.0,0.675531,668.0,205.0,600.0,1120.0,155.0,114.0,50.0,181.0,1422.0,218.0,100.0,0.0,0.0,0.0,0.0,0.0,0.016,17.03,,8.87,91.89,0.7604603152857367,1.1269315621146916,-1.696
142,3.0,0.508092,432.0,0.0,2.0,4.0,0.0,1.0,237.0,92.0,1313.0,195.0,0.0,0.0,0.0,0.0,0.0,0.0,0.0,29.1,7.5,3.9,49.1,0.5779931711499584,0.9573011897171184,-9.886587436
143,2.0,0.343469,752.0,0.0,251.0,278.0,49.0,33.0,138.0,226.0,1359.0,64.0,100.0,8.0,2.0,0.0,0.0,0.0,106.758,22.8,7.5,6.13,71.0,0.614838092635606,0.962426561005602,-41.80000001
144,6.0,1.98533,79.0,486.0,632.0,341.0,47.0,26.0,101.0,231.0,203.0,28.0,28.0,36.0,64.0,32.0,0.0,0.0,19.92,19.08,,9.8,105.77,0.8893643788153771,1.600530028048177,-7.1770000000000005
145,6.0,3.09366,1136.0,168.0,11.0,68.0,6.0,41.0,112.0,146.0,1094.0,179.0,64.0,68.0,32.0,11.0,0.0,0.0,420.967,15.67,6.25,9.42,94.79,1.2448682052386553,1.7416557597044349,-1.57
146,2.0,0.412787,69.0,0.0,903.0,622.0,120.0,131.0,88.0,211.0,339.0,52.0,0.0,4.0,91.0,0.0,0.0,0.0,0.0,20.57,,9.73,108.23,0.3497700448003334,1.0994190344362256,-1.505
147,1.0,0.170736,112.0,0.0,1043.0,1273.0,131.0,473.0,52.0,193.0,809.0,120.0,60.0,0.0,39.0,0.0,0.0,0.0,0.023,14.2,,9.33,90.88,0.3966401275859077,1.121747860828895,-3.764
148,1.0,0.120973,106.0,0.0,829.0,1868.0,104.0,653.0,45.0,219.0,448.0,40.0,99.0,2.0,94.0,0.0,0.0,0.0,0.002,17.1,7.25,8.101208791208792,88.44313725490196,0.0634455326576168,0.3508926398002889,-11.54666667
149,3.0,0.169118,14.0,0.0,383.0,1221.0,16.0,34.0,101.0,262.0,428.0,70.0,0.0,15.0,60.0,6.0,0.0,0.0,0.121,24.7,7.5,3.83,52.7,0.0320717380637008,0.8723512753326642,-7.23622975
150,1.0,0.134025,115.0,0.0,109.0,856.0,81.0,126.0,-118.0,394.0,225.0,36.0,0.0,0.0,0.0,0.0,0.0,99.0,0.005,9.6,6.5,12.44,108.2,0.7213444252135558,0.5717157054324158,-2.540598097
151,1.0,0.141786,887.0,0.0,620.0,260.0,51.0,0.0,82.0,262.0,1243.0,24.0,100.0,1.0,1.0,0.0,0.0,0.0,86.677,22.78,6.5,8.101208791208792,88.44313725490196,0.1099203077768617,0.1533887931249843,-13.52
152,2.0,0.21507,81.0,0.0,794.0,2441.0,130.0,335.0,20.0,233.0,518.0,21.0,100.0,8.0,16.0,0.0,0.0,0.0,0.0,10.34,8.31,8.101208791208792,102.1,0.2030257384242583,0.9589925432482248,-5.299361022
153,6.0,0.162217,24.0,0.0,1021.0,263.0,73.0,62.0,111.0,220.0,209.0,27.0,53.0,45.0,9.0,34.0,0.0,0.0,17.348,25.6,8.0,13.31,161.9,0.2514621306142977,0.9287875469463576,-1.121584817
154,1.0,0.186982,690.0,0.0,548.0,279.0,54.0,176.0,72.0,269.0,1178.0,24.0,83.0,4.0,1.0,0.0,0.0,0.0,14.043,18.2,6.5,9.63,105.1,0.4971656560962752,0.7669842031233995,-1.923330054
155,2.0,0.412787,69.0,0.0,903.0,622.0,120.0,131.0,88.0,211.0,339.0,52.0,0.0,4.0,91.0,0.0,0.0,0.0,0.0,20.57,,9.73,108.23,0.3497700448003334,1.0994190344362256,-2.019
156,1.0,0.196017,220.0,0.0,541.0,1815.0,143.0,424.0,74.0,246.0,618.0,43.0,60.0,12.0,8.0,1.0,0.0,0.0,754.7280000000002,12.0,7.5,9.72,90.0,0.3498044997578832,0.9843672079963576,-3.586986463
157,6.0,1.98533,79.0,486.0,632.0,341.0,47.0,26.0,101.0,231.0,203.0,28.0,28.0,36.0,64.0,32.0,0.0,0.0,19.92,19.08,,9.8,105.77,0.8893643788153771,1.600530028048177,-6.8660000000000005
158,1.0,0.1751579999999999,557.0,0.0,168.0,128.0,20.0,96.0,124.0,247.0,1119.0,31.0,0.0,0.0,0.0,0.0,0.0,0.0,1529.11,25.7,7.5,8.101208791208792,88.44313725490196,0.3978522701674677,0.5805281012584461,-1.0452531040000002
159,4.0,1.03364,338.0,0.0,2.0,217.0,3.0,5.0,106.0,284.0,932.0,64.0,0.0,92.0,1.0,1.0,0.0,0.0,10.092,25.4,7.5,8.101208791208792,88.44313725490196,0.4101237126386113,1.3413175023900985,-4.749486888
160,4.0,0.8756950000000001,451.0,806.0,740.0,959.0,155.0,100.0,62.0,191.0,846.0,142.0,100.0,0.0,60.0,0.0,0.0,0.0,0.493,9.51,,9.85,86.3,0.7601224421998465,1.2153258402081837,-1.351
161,2.0,0.198648,132.0,0.0,101.0,274.0,14.0,35.0,178.0,233.0,837.0,86.0,0.0,39.0,53.0,1.0,0.0,0.0,2.443,26.0,7.0,5.04,62.2,0.609165796730726,0.765880649001701,-14.83076923
162,1.0,0.1690289999999999,590.0,0.0,178.0,133.0,24.0,74.0,113.0,249.0,1137.0,40.0,81.0,47.0,20.0,0.0,0.0,0.0,34.917,19.4,6.5,8.97,98.6,0.246313049944231,0.4918515305490148,-4.55274056
163,2.0,0.394221,68.0,0.0,877.0,717.0,168.0,172.0,85.0,208.0,372.0,58.0,73.0,2.0,33.0,0.0,0.0,0.0,0.0,15.84,,9.31,93.99,0.3536436894892457,1.076390901888032,-1.16
164,5.0,1.55837,371.0,122.0,32.0,11.0,3.0,12.0,210.0,170.0,1062.0,103.0,69.0,48.0,38.0,3.0,0.0,0.0,27.287,33.25,8.0,8.1,113.29,1.187652188992536,1.3126187706380916,-11.376
165,4.0,1.03364,338.0,0.0,2.0,217.0,3.0,5.0,106.0,284.0,932.0,64.0,0.0,92.0,1.0,1.0,0.0,0.0,10.092,25.4,7.5,8.101208791208792,88.44313725490196,0.4101237126386113,1.3413175023900985,-7.289983022
166,6.0,3.48063,342.0,130.0,55.0,26.0,6.0,5.0,191.0,174.0,1258.0,104.0,69.0,6.0,0.0,1.0,0.0,0.0,63.86,30.0,6.7,8.101208791208792,88.44313725490196,0.9537728303674672,1.7309611095083628,-0.994415999
167,1.0,0.15438,757.0,0.0,299.0,294.0,49.0,46.0,138.0,226.0,1360.0,65.0,95.0,8.0,4.0,0.0,0.0,0.0,1.882,18.3,8.0,11.46,121.9,0.2178880579416749,0.3392434319851395,-1.4318115880000002
168,4.0,0.8756950000000001,451.0,806.0,740.0,959.0,155.0,100.0,62.0,191.0,846.0,142.0,100.0,0.0,60.0,0.0,0.0,0.0,0.493,9.51,,9.85,86.3,0.7601224421998465,1.2153258402081837,-0.64
169,1.0,0.15438,757.0,0.0,299.0,294.0,49.0,46.0,138.0,226.0,1360.0,65.0,95.0,8.0,4.0,0.0,0.0,0.0,1.882,18.3,8.0,11.46,121.9,0.2178880579416749,0.3392434319851395,-11.46902834
170,3.0,0.464302,233.0,0.0,267.0,731.0,44.0,112.0,71.0,210.0,430.0,64.0,52.0,1.0,89.0,0.0,0.0,0.0,0.922,16.69,,8.23,84.59,0.5307354219022106,1.0560625344779722,-12.36
171,1.0,0.165972,281.0,0.0,624.0,866.0,119.0,371.0,69.0,199.0,629.0,103.0,94.0,0.0,60.0,0.0,0.0,0.0,0.106,15.5,,8.03,80.53,0.3543639440843797,0.8674391527007596,-6.192
172,2.0,0.394221,68.0,0.0,877.0,717.0,168.0,172.0,85.0,208.0,372.0,58.0,73.0,2.0,33.0,0.0,0.0,0.0,0.0,15.84,,9.31,93.99,0.3536436894892457,1.076390901888032,-0.52
173,3.0,0.8416969999999999,662.0,0.0,265.0,904.0,86.0,0.0,60.0,187.0,1156.0,180.0,100.0,0.0,0.0,0.0,0.0,0.0,0.0,13.46,,8.5,81.53,0.7015777930537825,1.2434940587253265,-0.506
174,2.0,0.0981287,29.0,0.0,1262.0,1526.0,35.0,83.0,94.0,231.0,174.0,11.0,5.0,0.0,76.0,0.0,0.0,0.0,0.0,13.1,7.0,9.35,87.5,0.2174829967838878,0.9028839563452312,-4.609615385
175,2.0,0.0981287,29.0,0.0,1262.0,1526.0,35.0,83.0,94.0,231.0,174.0,11.0,5.0,0.0,76.0,0.0,0.0,0.0,0.0,13.1,7.0,9.35,87.5,0.2174829967838878,0.9028839563452312,-1.143157208
176,5.0,1.56466,131.0,495.0,452.0,915.0,47.0,14.0,83.0,184.0,252.0,22.0,37.0,10.0,49.0,27.0,0.0,0.0,523.931,20.0,6.5,8.101208791208792,88.44313725490196,0.305808438223822,1.647494180300974,-28.35
177,1.0,0.20639,161.0,0.0,679.0,871.0,79.0,224.0,64.0,213.0,464.0,68.0,49.0,4.0,51.0,5.0,0.0,0.0,0.235,13.77,,6.05,58.37,0.5584602824436764,1.2645694731539543,-23.16
178,2.0,0.600553,681.0,0.0,594.0,509.0,116.0,108.0,65.0,259.0,1088.0,47.0,100.0,4.0,4.0,0.0,0.0,0.0,11.976,20.3,6.5,8.101208791208792,88.44313725490196,0.356950299208339,1.1178274075906212,-16.52380952
179,3.0,0.675531,668.0,205.0,600.0,1120.0,155.0,114.0,50.0,181.0,1422.0,218.0,100.0,0.0,0.0,0.0,0.0,0.0,0.016,17.03,,8.87,91.89,0.7604603152857367,1.1269315621146916,-2.289
180,1.0,0.134025,115.0,0.0,109.0,856.0,81.0,126.0,-118.0,394.0,225.0,36.0,0.0,0.0,0.0,0.0,0.0,99.0,0.005,9.6,6.5,12.44,108.2,0.7213444252135558,0.5717157054324158,-0.877562794
181,2.0,0.333333,649.0,0.0,474.0,1015.0,125.0,310.0,54.0,186.0,1245.0,193.0,100.0,0.0,0.0,0.0,0.0,0.0,0.0,12.24,,9.45,88.18,0.5236024844720496,0.9521739130434784,-6.888999999999999
182,5.0,1.56466,131.0,495.0,452.0,915.0,47.0,14.0,83.0,184.0,252.0,22.0,37.0,10.0,49.0,27.0,0.0,0.0,523.931,20.0,6.5,8.101208791208792,88.44313725490196,0.305808438223822,1.647494180300974,-15.62
183,1.0,0.0896727,76.0,0.0,651.0,462.0,65.0,24.0,92.0,226.0,218.0,28.0,28.0,7.0,74.0,9.0,0.0,0.0,237.74,17.54,,9.41,98.43,0.111013708278943,0.3139008303059767,-1.0759999999999998
184,1.0,0.131399,186.0,0.0,182.0,421.0,16.0,63.0,120.0,288.0,880.0,115.0,0.0,28.0,53.0,0.0,0.0,0.0,0.863,20.7,7.5,7.3,85.4,0.3103324587600404,0.4896804381733106,-0.961824988
185,6.0,3.48063,342.0,130.0,55.0,26.0,6.0,5.0,191.0,174.0,1258.0,104.0,69.0,6.0,0.0,1.0,0.0,0.0,63.86,30.0,6.7,8.101208791208792,88.44313725490196,0.9537728303674672,1.7309611095083628,-7.04
186,6.0,1.89367,193.0,3746.0,157.0,165.0,13.0,11.0,201.0,196.0,813.0,73.0,51.0,11.0,10.0,0.0,0.0,0.0,1911.477,24.0,7.5,8.101208791208792,88.44313725490196,1.073446573388406,1.1981860426177782,-0.384648387
187,1.0,0.179513,559.0,0.0,158.0,124.0,43.0,40.0,171.0,204.0,1428.0,75.0,100.0,0.0,0.0,0.0,0.0,0.0,0.033,22.3,7.0,7.45,84.9,0.4579661083323725,0.9137566056987956,-0.281150717
188,3.0,0.333955,194.0,0.0,562.0,927.0,104.0,111.0,61.0,207.0,567.0,85.0,35.0,2.0,93.0,0.0,0.0,0.0,0.485,17.71,,8.78,92.2,0.5096863119310523,1.042345112413727,-43.28
189,6.0,1.89367,193.0,3746.0,157.0,165.0,13.0,11.0,201.0,196.0,813.0,73.0,51.0,11.0,10.0,0.0,0.0,0.0,1911.477,24.0,7.5,8.101208791208792,88.44313725490196,1.073446573388406,1.1981860426177782,-0.637124173
190,7.0,5.96785,551.0,168.0,55.0,187.0,8.0,13.0,43.0,281.0,879.0,51.0,0.0,10.0,1.0,0.0,0.0,0.0,823.2689999999999,20.7,6.5,6.22,69.32,1.7771932817601557,1.3134641291878697,-24.92
191,1.0,0.162056,426.0,0.0,610.0,1275.0,135.0,461.0,45.0,184.0,1211.0,187.0,95.0,0.0,13.0,0.0,0.0,0.0,0.048,13.16,,8.95,85.27,0.4002287712493062,0.819803948359606,-6.52
192,5.0,2.62123,429.0,43.0,301.0,195.0,40.0,11.0,117.0,259.0,1054.0,48.0,85.0,14.0,3.0,1.0,0.0,0.0,73.109,27.3,7.5,8.101208791208792,88.44313725490196,0.6067303784041002,1.662459973629685,-1.361022297
193,1.0,0.1751579999999999,557.0,0.0,168.0,128.0,20.0,96.0,124.0,247.0,1119.0,31.0,0.0,0.0,0.0,0.0,0.0,0.0,1529.11,25.7,7.5,8.101208791208792,88.44313725490196,0.3978522701674677,0.5805281012584461,-15.11428572
194,2.0,0.441918,1363.0,0.0,679.0,736.0,178.0,212.0,84.0,165.0,1892.0,295.0,100.0,0.0,2.0,0.0,0.0,0.0,0.237,14.7,6.0,8.101208791208792,88.44313725490196,0.7654460722886001,1.1136648437635346,-0.84774681
195,1.0,0.0680952,34.0,0.0,676.0,2852.0,109.0,67.0,38.0,193.0,667.0,66.0,90.0,1.0,14.0,0.0,0.0,0.0,0.0,13.8,7.0,8.101208791208792,94.0,0.1489513822688274,0.3202454718779791,-37.99999999
196,2.0,0.441065,71.0,0.0,547.0,444.0,66.0,115.0,97.0,220.0,262.0,39.0,0.0,4.0,96.0,0.0,0.0,0.0,0.0,20.46,,8.72,96.75,0.3842982957395669,1.1271586789909662,-17.767
197,6.0,1.89367,193.0,3746.0,157.0,165.0,13.0,11.0,201.0,196.0,813.0,73.0,51.0,11.0,10.0,0.0,0.0,0.0,1911.477,24.0,7.5,8.101208791208792,88.44313725490196,1.073446573388406,1.1981860426177782,-0.513984915
198,2.0,0.322388,496.0,0.0,0.0,1015.0,197.0,0.0,57.0,187.0,1039.0,170.0,100.0,0.0,0.0,0.0,0.0,0.0,0.0,14.2,,8.97,87.47,0.4588886339507588,0.9333328148151028,-0.578
199,1.0,0.120339,457.0,0.0,15.0,9.0,6.0,0.0,147.0,220.0,1058.0,36.0,40.0,100.0,0.0,10.0,0.0,0.0,25.496,22.9,6.5,5.8,65.0,0.0649228487850943,0.0833668399172233,-1.183850181
200,1.0,0.152503,361.0,0.0,371.0,934.0,108.0,196.0,65.0,232.0,630.0,62.0,94.0,0.0,1.0,0.0,0.0,0.0,0.687,11.0,6.5,8.101208791208792,88.44313725490196,0.2890264283831209,0.5840994347658887,-6.904918034
201,4.0,0.93274,136.0,0.0,37.0,1354.0,3.0,22.0,89.0,272.0,464.0,33.0,26.0,38.0,3.0,51.0,0.0,0.0,299.058,16.9,8.49,8.101208791208792,126.0,0.3480398903890188,1.374016191393786,-8.761719833999999
202,3.0,0.569565,711.0,220.0,581.0,1292.0,180.0,99.0,42.0,176.0,1677.0,252.0,100.0,0.0,3.0,0.0,0.0,0.0,0.02,16.25,,8.38,85.33,0.7289613453864006,1.1148035227063084,-2.104
203,2.0,0.276592,481.0,0.0,613.0,1152.0,151.0,605.0,50.0,185.0,1199.0,188.0,91.0,0.0,59.0,0.0,0.0,0.0,0.19,13.61,,9.23,88.83,0.4801446893413621,0.91363854937452,-2.136
204,4.0,0.805897,323.0,778.0,759.0,1026.0,183.0,100.0,57.0,194.0,815.0,127.0,83.0,0.0,75.0,0.0,0.0,0.0,0.314,11.9,,10.21,94.49,0.7819250043200277,1.2104717470191806,-2.494
205,4.0,0.980312,950.0,0.0,414.0,870.0,145.0,40.0,60.0,187.0,1390.0,215.0,84.0,0.0,0.0,0.0,0.0,0.0,0.139,14.94,,9.05,89.67,0.860062531840294,1.277707299044042,-1.293
206,3.0,0.675531,668.0,205.0,600.0,1120.0,155.0,114.0,50.0,181.0,1422.0,218.0,100.0,0.0,0.0,0.0,0.0,0.0,0.016,14.91,,9.46,93.66,0.7604603152857367,1.1269315621146916,-1.764
207,3.0,0.630185,61.0,0.0,416.0,346.0,50.0,51.0,104.0,226.0,224.0,33.0,5.0,10.0,87.0,0.0,0.0,0.0,0.0,23.53,,8.96,105.54,0.4012639140999414,1.236446057951806,-4.6
208,2.0,0.615987,250.0,0.0,347.0,593.0,34.0,132.0,77.0,220.0,407.0,61.0,20.0,17.0,8.0,12.0,0.0,0.0,8.839,21.68,,8.56,97.34,0.6035256769237265,1.1396665277351905,-2.345
209,2.0,0.275159,429.0,0.0,134.0,97.0,26.0,38.0,127.0,243.0,1005.0,31.0,100.0,1.0,0.0,3.0,0.0,0.0,146.491,19.95,6.5,9.42,103.51,0.6029664567514101,0.8370694793583332,-44.82899999999999
210,2.0,0.441065,71.0,0.0,547.0,444.0,66.0,115.0,97.0,220.0,262.0,39.0,0.0,4.0,96.0,0.0,0.0,0.0,0.0,20.46,,8.72,96.75,0.3842982957395669,1.1271586789909662,-9.816
211,3.0,0.333955,194.0,0.0,562.0,927.0,104.0,111.0,61.0,207.0,567.0,85.0,35.0,2.0,93.0,0.0,0.0,0.0,0.485,17.71,,8.78,92.2,0.5096863119310523,1.042345112413727,-32.28
212,2.0,0.329494,207.0,0.0,489.0,3083.0,157.0,123.0,-2.0,239.0,571.0,26.0,97.0,1.0,23.0,1.0,0.0,7.0,2.72,14.2,7.24,7.6,71.5,0.3329487522406174,1.2910746579690129,-12.08
213,2.0,0.322388,496.0,0.0,0.0,1015.0,197.0,0.0,57.0,187.0,1039.0,170.0,100.0,0.0,0.0,0.0,0.0,0.0,0.0,14.2,,8.97,87.47,0.4588886339507588,0.9333328148151028,-0.471
214,2.0,0.173638,121.0,0.0,104.0,897.0,83.0,80.0,-119.0,396.0,228.0,38.0,0.0,0.0,0.0,0.0,0.0,99.0,0.0,8.5,6.5,10.26,97.2,0.6867963403566435,0.5886825774485516,-11.03333333
215,7.0,5.96785,551.0,168.0,55.0,187.0,8.0,13.0,43.0,281.0,879.0,51.0,0.0,10.0,1.0,0.0,0.0,0.0,823.2689999999999,20.7,6.5,6.22,69.32,1.7771932817601557,1.3134641291878697,-33.04
216,3.0,0.8004720000000001,697.0,0.0,328.0,242.0,53.0,29.0,78.0,267.0,1032.0,36.0,100.0,5.0,5.0,0.0,0.0,0.0,31.026,15.88,6.5,9.66,97.68,0.5496860114387434,1.086268563234494,-28.15
217,2.0,0.279864,129.0,0.0,415.0,3195.0,105.0,201.0,0.0,218.0,556.0,28.0,91.0,0.0,1.0,1.0,0.0,6.0,141.195,11.05,6.5,7.86,71.4,0.2761422398056384,0.9671616427808054,-9.134
218,3.0,0.8416969999999999,662.0,0.0,265.0,904.0,86.0,0.0,60.0,187.0,1156.0,180.0,100.0,0.0,0.0,0.0,0.0,0.0,0.0,13.46,,8.5,81.53,0.7015777930537825,1.2434940587253265,-1.596
219,4.0,0.8774639999999999,628.0,115.0,744.0,984.0,124.0,97.0,57.0,187.0,1177.0,183.0,89.0,0.0,0.0,0.0,0.0,0.0,0.003,18.79,,8.56,91.92,0.8165726650349402,1.2240076620197935,-8.84
220,7.0,7.7904399999999985,49.0,627.0,166.0,130.0,12.0,3.0,117.0,239.0,178.0,23.0,25.0,2.0,28.0,0.0,0.0,0.0,0.003,14.0,6.5,8.101208791208792,88.44313725490196,1.0333346081318415,2.4189501740099963,-5.042455775
221,1.0,0.162056,426.0,0.0,610.0,1275.0,135.0,461.0,45.0,184.0,1211.0,187.0,95.0,0.0,13.0,0.0,0.0,0.0,0.048,13.16,,8.95,85.27,0.4002287712493062,0.819803948359606,-0.28
222,1.0,0.129239,344.0,0.0,458.0,2186.0,118.0,2539.0,69.0,153.0,832.0,149.0,100.0,1.0,1.0,0.0,0.0,0.0,0.0,12.6,6.5,4.62,41.1,0.0862056369719904,0.1965196300463172,-3.41442374
223,1.0,0.190027,818.0,0.0,463.0,936.0,163.0,663.0,109.0,205.0,1527.0,61.0,100.0,0.0,0.0,0.0,0.0,0.0,21.214,18.3,6.5,9.8,103.2,0.5123702660463296,0.7415207870419241,-2.90059676
224,4.0,1.37035,231.0,0.0,7.0,200.0,1.0,9.0,98.0,271.0,881.0,51.0,0.0,71.0,1.0,0.0,0.0,0.0,24.683000000000003,24.56,7.0,8.56,102.8,0.5659472313543772,1.35340421343675,-11.124
225,2.0,0.162217,24.0,0.0,1021.0,263.0,73.0,62.0,111.0,220.0,209.0,27.0,53.0,45.0,9.0,34.0,0.0,0.0,17.348,22.45,,7.99,92.23,0.2514621306142977,0.9287875469463572,-3.492
226,5.0,1.36914,139.0,268.0,733.0,563.0,71.0,56.0,83.0,218.0,324.0,47.0,27.0,25.0,64.0,27.0,0.0,0.0,61.592,16.28,,9.48,96.65,0.7900338926080501,1.4329430548163915,-29.4
227,4.0,0.715861,74.0,362.0,773.0,1766.0,130.0,83.0,79.0,231.0,375.0,53.0,100.0,11.0,28.0,1.0,0.0,0.0,3.873,18.0,6.5,8.101208791208792,88.44313725490196,0.3601229573828461,1.2422028692659923,-1.230655845
228,1.0,0.170736,112.0,0.0,1043.0,1273.0,131.0,473.0,52.0,193.0,809.0,120.0,60.0,0.0,39.0,0.0,0.0,0.0,0.023,14.2,,9.33,90.88,0.3966401275859077,1.121747860828895,-5.515
229,4.0,1.163,269.0,49.0,598.0,956.0,154.0,71.0,60.0,200.0,679.0,103.0,70.0,1.0,81.0,1.0,0.0,0.0,3.175,19.15,,9.42,101.88,0.8294085246226304,1.3710011820843055,-3.352
230,6.0,1.97875,207.0,72.0,36.0,184.0,3.0,4.0,86.0,281.0,769.0,64.0,0.0,24.0,1.0,0.0,0.0,0.0,1055.878,26.1,7.2,11.35,140.2,0.981002526955874,1.133999134190418,-10.88
231,3.0,0.630185,61.0,0.0,416.0,346.0,50.0,51.0,104.0,226.0,224.0,33.0,5.0,10.0,87.0,0.0,0.0,0.0,0.0,23.53,,8.96,105.54,0.4012639140999414,1.236446057951806,-4.832
232,3.0,0.969993,692.0,0.0,298.0,317.0,78.0,31.0,72.0,270.0,1119.0,35.0,100.0,8.0,0.0,0.0,0.0,0.0,262.081,14.89,6.5,11.31,111.85,0.562337338796453,1.1537748000360435,-4.957
233,1.0,0.196017,220.0,0.0,541.0,1815.0,143.0,424.0,74.0,246.0,618.0,43.0,60.0,12.0,8.0,1.0,0.0,0.0,754.7280000000002,12.0,7.5,9.72,90.0,0.3498044997578832,0.9843672079963576,-39.8
234,3.0,0.686616,123.0,0.0,184.0,288.0,10.0,52.0,103.0,225.0,268.0,42.0,2.0,44.0,44.0,26.0,0.0,0.0,6.705,19.71,,10.52,115.01,0.4784381061728427,1.2625771814499367,-2.577
235,4.0,1.35167,477.0,0.0,17.0,11.0,6.0,5.0,160.0,204.0,1279.0,79.0,8.0,34.0,2.0,1.0,0.0,0.0,99.739,27.92,6.5,5.15,65.74,1.013842986061942,1.033357768509646,-15.22
236,6.0,2.01581,14.0,1554.0,258.0,1527.0,10.0,6.0,132.0,237.0,221.0,31.0,35.0,13.0,49.0,19.0,0.0,0.0,60.092,22.7,8.11,6.66,76.9,0.6965204770204494,1.616277327158099,-1.018488604
237,5.0,0.6728270000000001,14.0,0.0,17.0,594.0,1.0,24.0,208.0,206.0,312.0,48.0,0.0,7.0,46.0,31.0,0.0,0.0,46.27,28.8,7.5,6.33,82.03,0.4718321972063044,1.0968378552094369,-0.7859999999999999
238,3.0,0.969993,692.0,0.0,298.0,317.0,78.0,31.0,72.0,270.0,1119.0,35.0,100.0,8.0,0.0,0.0,0.0,0.0,262.081,14.89,6.5,11.31,111.85,0.562337338796453,1.1537748000360435,-2.73
239,2.0,0.485342,495.0,0.0,354.0,289.0,64.0,13.0,98.0,252.0,975.0,40.0,85.0,26.0,2.0,0.0,0.0,0.0,11.970999999999998,23.5,7.7,8.101208791208792,80.7,0.4120079618672038,1.1652630453632982,-22.91428572
240,1.0,0.20639,161.0,0.0,679.0,871.0,79.0,224.0,64.0,213.0,464.0,68.0,49.0,4.0,51.0,5.0,0.0,0.0,0.235,13.77,,6.05,58.37,0.5584602824436764,1.2645694731539543,-43.32
241,2.0,0.263146,26.0,0.0,627.0,789.0,91.0,40.0,188.0,210.0,450.0,50.0,22.0,3.0,52.0,0.0,0.0,0.0,0.161,23.8,7.5,8.101208791208792,88.44313725490196,0.2844237214046335,0.9616785662246832,-10.7125
242,3.0,0.569565,711.0,220.0,581.0,1292.0,180.0,99.0,42.0,176.0,1677.0,252.0,100.0,0.0,3.0,0.0,0.0,0.0,0.02,16.25,,8.38,85.33,0.7289613453864006,1.1148035227063084,-1.885
243,2.0,0.705442,187.0,0.0,49.0,743.0,46.0,16.0,87.0,203.0,526.0,50.0,0.0,81.0,1.0,1.0,0.0,0.0,2168.388,8.66,6.5,10.25,87.93,0.4932690453230473,1.1869623915139826,-12.44
244,1.0,0.218843,465.0,0.0,255.0,635.0,33.0,49.0,111.0,220.0,989.0,31.0,59.0,26.0,21.0,0.0,0.0,0.0,861.6289999999998,20.8,7.0,9.95,118.6,0.4334350380437297,0.950339004527435,-16.52494802
245,6.0,1.97875,207.0,72.0,36.0,184.0,3.0,4.0,86.0,281.0,769.0,64.0,0.0,24.0,1.0,0.0,0.0,0.0,1055.878,26.1,7.2,11.35,140.2,0.981002526955874,1.133999134190418,-0.04
246,3.0,0.5581430000000001,460.0,0.0,640.0,1059.0,125.0,449.0,55.0,190.0,1003.0,158.0,88.0,0.0,8.0,0.0,0.0,0.0,0.143,12.59,,9.48,89.11,0.6510899173704159,1.1086081693418888,-3.0610000000000004
247,2.0,0.518305,442.0,0.0,456.0,244.0,76.0,59.0,106.0,254.0,1047.0,30.0,100.0,26.0,4.0,1.0,0.0,0.0,180.212,14.93,6.5,9.42,93.22,0.4337158606359989,1.098662793483167,-2.8160000000000003
