RA_SO,RA_dm,run_mm_cyr,dor_pc_pva,gwt_cm_cav,ele_mt_cav,slp_dg_cav,sgr_dk_rav,tmp_dc_cyr,tmp_dc_cdi,pre_mm_cyr,pre_mm_cdi,for_pc_cse,crp_pc_cse,pst_pc_cse,ire_pc_cse,gla_pc_cse,prm_pc_cse,ppd_pk_cav,Mean_Temp_Deg_C,pH,Mean_DO_mg_per_L,Mean_DO_percent_saturation,RA_ms_av,RA_ms_di,Normalized_Respiration_Rate_mg_DO_per_H_per_L_sediment
1.0,0.175158,557.0,0.0,168.0,128.0,20.0,96.0,124.0,247.0,1119.0,31.0,0.0,0.0,0.0,0.0,0.0,0.0,1529.11,25.7,7.5,8.101209,94.60228,0.39785227,0.5805281,-3.28
1.0,0.175158,557.0,0.0,168.0,128.0,20.0,96.0,124.0,247.0,1119.0,31.0,0.0,0.0,0.0,0.0,0.0,0.0,1529.11,25.7,7.5,8.101209,94.60228,0.39785227,0.5805281,-47.48
1.0,0.129239,344.0,0.0,458.0,2186.0,118.0,2539.0,69.0,153.0,832.0,149.0,100.0,1.0,1.0,0.0,0.0,0.0,0.0,12.6,6.5,4.62,56.52266,0.08620564,0.19651963,-7.46
1.0,0.129239,344.0,0.0,458.0,2186.0,118.0,2539.0,69.0,153.0,832.0,149.0,100.0,1.0,1.0,0.0,0.0,0.0,0.0,12.6,6.5,4.62,56.52266,0.08620564,0.19651963,-10.64
1.0,0.129239,344.0,0.0,458.0,2186.0,118.0,2539.0,69.0,153.0,832.0,149.0,100.0,1.0,1.0,0.0,0.0,0.0,0.0,12.6,6.5,4.62,56.52266,0.08620564,0.19651963,-15.32
6.0,3.48063,342.0,130.0,55.0,26.0,6.0,5.0,191.0,174.0,1258.0,104.0,69.0,6.0,0.0,1.0,0.0,0.0,63.86,30.0,6.7,8.101209,94.60228,0.95377284,1.7309611,-1.72
6.0,3.48063,342.0,130.0,55.0,26.0,6.0,5.0,191.0,174.0,1258.0,104.0,69.0,6.0,0.0,1.0,0.0,0.0,63.86,30.0,6.7,8.101209,94.60228,0.95377284,1.7309611,-3.09
6.0,3.48063,342.0,130.0,55.0,26.0,6.0,5.0,191.0,174.0,1258.0,104.0,69.0,6.0,0.0,1.0,0.0,0.0,63.86,30.0,6.7,8.101209,94.60228,0.95377284,1.7309611,-21.96
1.0,0.186982,690.0,0.0,548.0,279.0,54.0,176.0,72.0,269.0,1178.0,24.0,83.0,4.0,1.0,0.0,0.0,0.0,14.043,18.2,6.5,9.63,105.6214,0.49716565,0.7669842,-5.86
1.0,0.186982,690.0,0.0,548.0,279.0,54.0,176.0,72.0,269.0,1178.0,24.0,83.0,4.0,1.0,0.0,0.0,0.0,14.043,18.2,6.5,9.63,105.6214,0.49716565,0.7669842,-2.46
1.0,0.149345,380.0,0.0,118.0,174.0,15.0,151.0,117.0,247.0,972.0,35.0,22.0,43.0,19.0,0.0,0.0,0.0,59.988,18.8,7.5,9.6,105.24772,0.17193684,0.3659661,-41.92
1.0,0.127298,173.0,0.0,326.0,379.0,30.0,60.0,121.0,291.0,866.0,117.0,0.0,33.0,14.0,2.0,0.0,0.0,1.287,18.5,7.5,4.37,48.808685,0.31106102,0.518435,-9.12
1.0,0.127298,173.0,0.0,326.0,379.0,30.0,60.0,121.0,291.0,866.0,117.0,0.0,33.0,14.0,2.0,0.0,0.0,1.287,18.5,7.5,4.37,48.808685,0.31106102,0.518435,-20.06
1.0,0.131399,186.0,0.0,182.0,421.0,16.0,63.0,120.0,288.0,880.0,115.0,0.0,28.0,53.0,0.0,0.0,0.0,0.863,20.7,7.5,7.3,85.632484,0.31033245,0.48968044,-42.8
1.0,0.131399,186.0,0.0,182.0,421.0,16.0,63.0,120.0,288.0,880.0,115.0,0.0,28.0,53.0,0.0,0.0,0.0,0.863,20.7,7.5,7.3,85.632484,0.31033245,0.48968044,-3.18
1.0,0.131399,186.0,0.0,182.0,421.0,16.0,63.0,120.0,288.0,880.0,115.0,0.0,28.0,53.0,0.0,0.0,0.0,0.863,20.7,7.5,7.3,85.632484,0.31033245,0.48968044,-13.09
1.0,0.15438,757.0,0.0,299.0,294.0,49.0,46.0,138.0,226.0,1360.0,65.0,95.0,8.0,4.0,0.0,0.0,0.0,1.882,18.3,8.0,11.46,126.177536,0.21788806,0.33924344,-4.6
1.0,0.15438,757.0,0.0,299.0,294.0,49.0,46.0,138.0,226.0,1360.0,65.0,95.0,8.0,4.0,0.0,0.0,0.0,1.882,18.3,8.0,11.46,126.177536,0.21788806,0.33924344,-36.16
1.0,0.15438,757.0,0.0,299.0,294.0,49.0,46.0,138.0,226.0,1360.0,65.0,95.0,8.0,4.0,0.0,0.0,0.0,1.882,18.3,8.0,11.46,126.177536,0.21788806,0.33924344,-11.18
6.0,4.56186,589.0,91.0,18.0,24.0,14.0,5.0,181.0,191.0,1497.0,93.0,100.0,3.0,1.0,0.0,0.0,0.0,1.041,30.5,7.5,6.61,88.45832,1.1564819,1.951214,-4.81
6.0,4.56186,589.0,91.0,18.0,24.0,14.0,5.0,181.0,191.0,1497.0,93.0,100.0,3.0,1.0,0.0,0.0,0.0,1.041,30.5,7.5,6.61,88.45832,1.1564819,1.951214,-12.94
1.0,0.179513,559.0,0.0,158.0,124.0,43.0,40.0,171.0,204.0,1428.0,75.0,100.0,0.0,0.0,0.0,0.0,0.0,0.033,22.3,7.0,7.45,86.9813,0.45796612,0.9137566,-0.77
1.0,0.179513,559.0,0.0,158.0,124.0,43.0,40.0,171.0,204.0,1428.0,75.0,100.0,0.0,0.0,0.0,0.0,0.0,0.033,22.3,7.0,7.45,86.9813,0.45796612,0.9137566,-0.87
3.0,0.169118,14.0,0.0,383.0,1221.0,16.0,34.0,101.0,262.0,428.0,70.0,0.0,15.0,60.0,6.0,0.0,0.0,0.121,24.7,7.5,3.83,53.408157,0.03207174,0.8723513,-33.5
3.0,0.169118,14.0,0.0,383.0,1221.0,16.0,34.0,101.0,262.0,428.0,70.0,0.0,15.0,60.0,6.0,0.0,0.0,0.121,24.7,7.5,3.83,53.408157,0.03207174,0.8723513,-22.89
3.0,0.169118,14.0,0.0,383.0,1221.0,16.0,34.0,101.0,262.0,428.0,70.0,0.0,15.0,60.0,6.0,0.0,0.0,0.121,24.7,7.5,3.83,53.408157,0.03207174,0.8723513,-79.59
2.0,0.198648,132.0,0.0,101.0,274.0,14.0,35.0,178.0,233.0,837.0,86.0,0.0,39.0,53.0,1.0,0.0,0.0,2.443,26.0,7.0,5.04,64.196754,0.6091658,0.76588064,-47.08
2.0,0.198648,132.0,0.0,101.0,274.0,14.0,35.0,178.0,233.0,837.0,86.0,0.0,39.0,53.0,1.0,0.0,0.0,2.443,26.0,7.0,5.04,64.196754,0.6091658,0.76588064,-61.3
2.0,0.198648,132.0,0.0,101.0,274.0,14.0,35.0,178.0,233.0,837.0,86.0,0.0,39.0,53.0,1.0,0.0,0.0,2.443,26.0,7.0,5.04,64.196754,0.6091658,0.76588064,-24.29
1.0,0.138413,108.0,0.0,823.0,3409.0,157.0,402.0,-16.0,205.0,762.0,36.0,100.0,0.0,20.0,0.0,1.0,16.0,0.117,9.5,6.0,8.25,108.01252,0.23124428,0.7141367,-17.98
1.0,0.138413,108.0,0.0,823.0,3409.0,157.0,402.0,-16.0,205.0,762.0,36.0,100.0,0.0,20.0,0.0,1.0,16.0,0.117,9.5,6.0,8.25,108.01252,0.23124428,0.7141367,-3.11
1.0,0.138413,108.0,0.0,823.0,3409.0,157.0,402.0,-16.0,205.0,762.0,36.0,100.0,0.0,20.0,0.0,1.0,16.0,0.117,9.5,6.0,8.25,108.01252,0.23124428,0.7141367,-5.64
1.0,0.196746,1486.0,0.0,590.0,570.0,159.0,336.0,85.0,162.0,2437.0,404.0,100.0,0.0,0.0,0.0,0.0,0.0,6.006,14.7,6.0,9.1,96.02758,0.5672135,0.92026174,-9.01
1.0,0.207804,1348.0,0.0,561.0,1053.0,151.0,710.0,68.0,166.0,1892.0,298.0,100.0,0.0,0.0,0.0,0.0,0.0,0.001,12.4,6.0,9.56,101.638466,0.67189425,0.9953569,-1.84
1.0,0.207804,1348.0,0.0,561.0,1053.0,151.0,710.0,68.0,166.0,1892.0,298.0,100.0,0.0,0.0,0.0,0.0,0.0,0.001,12.4,6.0,9.56,101.638466,0.67189425,0.9953569,-1.15
1.0,0.207804,1348.0,0.0,561.0,1053.0,151.0,710.0,68.0,166.0,1892.0,298.0,100.0,0.0,0.0,0.0,0.0,0.0,0.001,12.4,6.0,9.56,101.638466,0.67189425,0.9953569,-1.29
2.0,0.0981287,29.0,0.0,1262.0,1526.0,35.0,83.0,94.0,231.0,174.0,11.0,5.0,0.0,76.0,0.0,0.0,0.0,0.0,13.1,7.0,9.35,106.91245,0.217483,0.90288395,-15.13
1.0,0.129239,344.0,0.0,458.0,2186.0,118.0,2539.0,69.0,153.0,832.0,149.0,100.0,1.0,1.0,0.0,0.0,0.0,0.0,13.1,7.0,9.35,115.68003,0.08620564,0.19651963,-3.73
1.0,0.129239,344.0,0.0,458.0,2186.0,118.0,2539.0,69.0,153.0,832.0,149.0,100.0,1.0,1.0,0.0,0.0,0.0,0.0,13.1,7.0,9.35,115.68003,0.08620564,0.19651963,-46.77
2.0,0.265042,253.0,0.0,475.0,1369.0,128.0,503.0,116.0,174.0,833.0,155.0,100.0,0.0,5.0,0.0,0.0,0.0,0.03,16.6,7.0,9.46,114.496735,0.44879055,1.1756035,-2.08
2.0,0.265042,253.0,0.0,475.0,1369.0,128.0,503.0,116.0,174.0,833.0,155.0,100.0,0.0,5.0,0.0,0.0,0.0,0.03,16.6,7.0,9.46,114.496735,0.44879055,1.1756035,-1.77
2.0,0.265042,253.0,0.0,475.0,1369.0,128.0,503.0,116.0,174.0,833.0,155.0,100.0,0.0,5.0,0.0,0.0,0.0,0.03,16.6,7.0,9.46,114.496735,0.44879055,1.1756035,-3.94
1.0,0.0680952,34.0,0.0,676.0,2852.0,109.0,67.0,38.0,193.0,667.0,66.0,90.0,1.0,14.0,0.0,0.0,0.0,0.0,13.8,7.0,8.101209,94.60228,0.14895138,0.32024547,-115.73
1.0,0.0680952,34.0,0.0,676.0,2852.0,109.0,67.0,38.0,193.0,667.0,66.0,90.0,1.0,14.0,0.0,0.0,0.0,0.0,13.8,7.0,8.101209,94.60228,0.14895138,0.32024547,-8.0
1.0,0.0680952,34.0,0.0,676.0,2852.0,109.0,67.0,38.0,193.0,667.0,66.0,90.0,1.0,14.0,0.0,0.0,0.0,0.0,13.8,7.0,8.101209,94.60228,0.14895138,0.32024547,-27.46
1.0,0.0669014,16.0,0.0,792.0,2177.0,176.0,1918.0,115.0,168.0,691.0,109.0,100.0,0.0,16.0,0.0,0.0,0.0,0.673,18.4,6.5,5.88,81.36465,0.1536836,0.43223512,-12.66
1.0,0.0669014,16.0,0.0,792.0,2177.0,176.0,1918.0,115.0,168.0,691.0,109.0,100.0,0.0,16.0,0.0,0.0,0.0,0.673,18.4,6.5,5.88,81.36465,0.1536836,0.43223512,-7.65
1.0,0.0933009,16.0,0.0,950.0,1620.0,172.0,692.0,150.0,179.0,543.0,90.0,90.0,0.0,33.0,0.0,0.0,0.0,4.513,18.4,6.5,5.88,76.13368,0.30877274,0.84054804,-11.52
1.0,0.169029,590.0,0.0,178.0,133.0,24.0,74.0,113.0,249.0,1137.0,40.0,81.0,47.0,20.0,0.0,0.0,0.0,34.917,19.4,6.5,8.97,99.04776,0.24631305,0.49185154,-7.5
1.0,0.169029,590.0,0.0,178.0,133.0,24.0,74.0,113.0,249.0,1137.0,40.0,81.0,47.0,20.0,0.0,0.0,0.0,34.917,19.4,6.5,8.97,99.04776,0.24631305,0.49185154,-14.69
1.0,0.169029,590.0,0.0,178.0,133.0,24.0,74.0,113.0,249.0,1137.0,40.0,81.0,47.0,20.0,0.0,0.0,0.0,34.917,19.4,6.5,8.97,99.04776,0.24631305,0.49185154,-14.12
1.0,0.127298,173.0,0.0,326.0,379.0,30.0,60.0,121.0,291.0,866.0,117.0,0.0,33.0,14.0,2.0,0.0,0.0,1.287,21.7,7.5,8.62,102.5861,0.31106102,0.518435,-26.93
1.0,0.127298,173.0,0.0,326.0,379.0,30.0,60.0,121.0,291.0,866.0,117.0,0.0,33.0,14.0,2.0,0.0,0.0,1.287,21.7,7.5,8.62,102.5861,0.31106102,0.518435,-60.88
5.0,1.56466,131.0,495.0,452.0,915.0,47.0,14.0,83.0,184.0,252.0,22.0,37.0,10.0,49.0,27.0,0.0,0.0,523.931,20.0,6.5,8.101209,94.60228,0.30580842,1.6474942,-4.81
5.0,1.56466,131.0,495.0,452.0,915.0,47.0,14.0,83.0,184.0,252.0,22.0,37.0,10.0,49.0,27.0,0.0,0.0,523.931,20.0,6.5,8.101209,94.60228,0.30580842,1.6474942,-88.82
5.0,1.56466,131.0,495.0,452.0,915.0,47.0,14.0,83.0,184.0,252.0,22.0,37.0,10.0,49.0,27.0,0.0,0.0,523.931,20.0,6.5,8.101209,94.60228,0.30580842,1.6474942,-48.64
3.0,0.508092,432.0,0.0,2.0,4.0,0.0,1.0,237.0,92.0,1313.0,195.0,0.0,0.0,0.0,0.0,0.0,0.0,0.0,29.1,7.5,3.9,50.81973,0.57799315,0.9573012,-19.26
3.0,0.508092,432.0,0.0,2.0,4.0,0.0,1.0,237.0,92.0,1313.0,195.0,0.0,0.0,0.0,0.0,0.0,0.0,0.0,29.1,7.5,3.9,50.81973,0.57799315,0.9573012,-31.19
3.0,0.508092,432.0,0.0,2.0,4.0,0.0,1.0,237.0,92.0,1313.0,195.0,0.0,0.0,0.0,0.0,0.0,0.0,0.0,29.1,7.5,3.9,50.81973,0.57799315,0.9573012,-50.32
1.0,0.138754,301.0,0.0,63.0,276.0,14.0,4.0,77.0,307.0,801.0,74.0,0.0,45.0,3.0,1.0,0.0,0.0,31.533,15.7,7.5,8.101209,94.60228,0.2117318,0.4374753,-19.4
1.0,0.138754,301.0,0.0,63.0,276.0,14.0,4.0,77.0,307.0,801.0,74.0,0.0,45.0,3.0,1.0,0.0,0.0,31.533,15.7,7.5,8.101209,94.60228,0.2117318,0.4374753,-29.33
2.0,0.173638,121.0,0.0,104.0,897.0,83.0,80.0,-119.0,396.0,228.0,38.0,0.0,0.0,0.0,0.0,0.0,99.0,0.0,8.5,6.5,10.26,97.70708,0.68679637,0.5886826,-33.64
1.0,0.134025,115.0,0.0,109.0,856.0,81.0,126.0,-118.0,394.0,225.0,36.0,0.0,0.0,0.0,0.0,0.0,99.0,0.005,9.6,6.5,12.44,121.03391,0.7213444,0.5717157,-2.85
1.0,0.134025,115.0,0.0,109.0,856.0,81.0,126.0,-118.0,394.0,225.0,36.0,0.0,0.0,0.0,0.0,0.0,99.0,0.005,9.6,6.5,12.44,121.03391,0.7213444,0.5717157,-8.26
1.0,0.135738,130.0,0.0,83.0,799.0,58.0,116.0,-116.0,399.0,227.0,38.0,0.0,0.0,0.0,0.0,0.0,99.0,0.0,9.6,6.5,12.44,120.20257,0.7472756,0.6822951,-5.69
2.0,0.600553,681.0,0.0,594.0,509.0,116.0,108.0,65.0,259.0,1088.0,47.0,100.0,4.0,4.0,0.0,0.0,0.0,11.976,20.3,6.5,8.101209,94.60228,0.3569503,1.1178274,-15.34
2.0,0.600553,681.0,0.0,594.0,509.0,116.0,108.0,65.0,259.0,1088.0,47.0,100.0,4.0,4.0,0.0,0.0,0.0,11.976,20.3,6.5,8.101209,94.60228,0.3569503,1.1178274,-50.95
2.0,0.600553,681.0,0.0,594.0,509.0,116.0,108.0,65.0,259.0,1088.0,47.0,100.0,4.0,4.0,0.0,0.0,0.0,11.976,20.3,6.5,8.101209,94.60228,0.3569503,1.1178274,-15.94
1.0,0.141786,887.0,0.0,620.0,260.0,51.0,0.0,82.0,262.0,1243.0,24.0,100.0,1.0,1.0,0.0,0.0,0.0,86.677,22.78,6.5,8.101209,94.60228,0.10992031,0.1533888,-18.6
5.0,1.37685,868.0,374.0,241.0,79.0,37.0,8.0,94.0,264.0,1183.0,24.0,100.0,4.0,1.0,2.0,0.0,0.0,246.714,22.78,6.5,8.101209,94.60228,0.816581,1.0938498,-43.06
5.0,1.37685,868.0,374.0,241.0,79.0,37.0,8.0,94.0,264.0,1183.0,24.0,100.0,4.0,1.0,2.0,0.0,0.0,246.714,22.78,6.5,8.101209,94.60228,0.816581,1.0938498,-15.66
2.0,0.705442,187.0,0.0,49.0,743.0,46.0,16.0,87.0,203.0,526.0,50.0,0.0,81.0,1.0,1.0,0.0,0.0,2168.388,20.1,7.5,8.101209,94.60228,0.49326906,1.1869624,-33.71
1.0,0.152503,361.0,0.0,371.0,934.0,108.0,196.0,65.0,232.0,630.0,62.0,94.0,0.0,1.0,0.0,0.0,0.0,0.687,11.0,6.5,8.101209,94.60228,0.28902644,0.5840994,-42.76
1.0,0.152503,361.0,0.0,371.0,934.0,108.0,196.0,65.0,232.0,630.0,62.0,94.0,0.0,1.0,0.0,0.0,0.0,0.687,11.0,6.5,8.101209,94.60228,0.28902644,0.5840994,-19.87
2.0,0.162217,24.0,0.0,1021.0,263.0,73.0,62.0,111.0,220.0,209.0,27.0,53.0,45.0,9.0,34.0,0.0,0.0,17.348,25.6,8.0,13.31,168.0815,0.25146213,0.9287875,-16.99
2.0,0.162217,24.0,0.0,1021.0,263.0,73.0,62.0,111.0,220.0,209.0,27.0,53.0,45.0,9.0,34.0,0.0,0.0,17.348,25.6,8.0,13.31,168.0815,0.25146213,0.9287875,-5.77
2.0,0.162217,24.0,0.0,1021.0,263.0,73.0,62.0,111.0,220.0,209.0,27.0,53.0,45.0,9.0,34.0,0.0,0.0,17.348,25.6,8.0,13.31,168.0815,0.25146213,0.9287875,-3.65
4.0,1.50254,201.0,231.0,70.0,2351.0,16.0,42.0,31.0,281.0,309.0,24.0,100.0,7.0,44.0,22.0,0.0,0.0,434.211,14.2,7.5,8.101209,94.60228,0.3878905,1.5884004,-2.37
4.0,1.50254,201.0,231.0,70.0,2351.0,16.0,42.0,31.0,281.0,309.0,24.0,100.0,7.0,44.0,22.0,0.0,0.0,434.211,14.2,7.5,8.101209,94.60228,0.3878905,1.5884004,-21.63
2.0,0.485342,495.0,0.0,354.0,289.0,64.0,13.0,98.0,252.0,975.0,40.0,85.0,26.0,2.0,0.0,0.0,0.0,11.971,23.5,7.7,8.101209,94.60228,0.41200796,1.165263,-74.17
1.0,0.222994,504.0,0.0,496.0,406.0,89.0,156.0,91.0,251.0,995.0,42.0,97.0,25.0,2.0,0.0,0.0,0.0,2.741,23.5,7.7,8.101209,94.60228,0.32634032,0.9247722,-64.33
2.0,0.485342,495.0,0.0,354.0,289.0,64.0,13.0,98.0,252.0,975.0,40.0,85.0,26.0,2.0,0.0,0.0,0.0,11.971,23.5,7.7,8.101209,94.60228,0.41200796,1.165263,-24.54
6.0,1.99947,20.0,1571.0,25.0,1525.0,4.0,13.0,135.0,239.0,221.0,31.0,36.0,2.0,3.0,3.0,0.0,0.0,363.601,31.2,6.5,8.101209,94.60228,0.71325207,1.6078213,-2.71
2.0,0.441918,1363.0,0.0,679.0,736.0,178.0,212.0,84.0,165.0,1892.0,295.0,100.0,0.0,2.0,0.0,0.0,0.0,0.237,14.7,6.0,8.101209,94.60228,0.76544607,1.1136649,-2.71
1.0,0.19709,878.0,0.0,420.0,204.0,125.0,132.0,112.0,82.0,1167.0,209.0,100.0,0.0,0.0,0.0,0.0,0.0,0.357,15.0,6.5,8.101209,94.60228,0.31119016,0.82581204,-0.99
1.0,0.19709,878.0,0.0,420.0,204.0,125.0,132.0,112.0,82.0,1167.0,209.0,100.0,0.0,0.0,0.0,0.0,0.0,0.357,15.0,6.5,8.101209,94.60228,0.31119016,0.82581204,-1.09
2.0,0.260894,92.0,0.0,559.0,2529.0,98.0,267.0,38.0,208.0,487.0,33.0,100.0,0.0,7.0,0.0,0.0,0.0,20.428,11.5,7.0,8.101209,94.60228,0.33792943,1.0041054,-48.59
2.0,0.260894,92.0,0.0,559.0,2529.0,98.0,267.0,38.0,208.0,487.0,33.0,100.0,0.0,7.0,0.0,0.0,0.0,20.428,11.5,7.0,8.101209,94.60228,0.33792943,1.0041054,-82.62
2.0,0.260894,92.0,0.0,559.0,2529.0,98.0,267.0,38.0,208.0,487.0,33.0,100.0,0.0,7.0,0.0,0.0,0.0,20.428,11.5,7.0,8.101209,94.60228,0.33792943,1.0041054,-17.66
1.0,0.151134,796.0,0.0,128.0,49.0,20.0,0.0,92.0,257.0,1114.0,28.0,40.0,0.0,0.0,0.0,0.0,0.0,671.113,18.5,6.0,8.19,87.91449,0.09265586,0.13976024,-3.46
1.0,0.151134,796.0,0.0,128.0,49.0,20.0,0.0,92.0,257.0,1114.0,28.0,40.0,0.0,0.0,0.0,0.0,0.0,671.113,18.5,6.0,8.19,87.91449,0.09265586,0.13976024,-3.65
1.0,0.151134,796.0,0.0,128.0,49.0,20.0,0.0,92.0,257.0,1114.0,28.0,40.0,0.0,0.0,0.0,0.0,0.0,671.113,18.5,6.0,8.19,87.91449,0.09265586,0.13976024,-21.22
7.0,7.80147,51.0,627.0,63.0,120.0,7.0,6.0,118.0,239.0,177.0,24.0,58.0,2.0,28.0,0.0,0.0,0.0,0.003,11.0,6.5,8.101209,94.60228,1.0348972,2.4226305,-3.99
7.0,7.79044,49.0,627.0,166.0,130.0,12.0,3.0,117.0,239.0,178.0,23.0,25.0,2.0,28.0,0.0,0.0,0.0,0.003,14.0,6.5,8.101209,94.60228,1.0333346,2.41895,-15.42
7.0,7.79044,49.0,627.0,166.0,130.0,12.0,3.0,117.0,239.0,178.0,23.0,25.0,2.0,28.0,0.0,0.0,0.0,0.003,14.0,6.5,8.101209,94.60228,1.0333346,2.41895,-11.67
7.0,7.79044,49.0,627.0,166.0,130.0,12.0,3.0,117.0,239.0,178.0,23.0,25.0,2.0,28.0,0.0,0.0,0.0,0.003,14.0,6.5,8.101209,94.60228,1.0333346,2.41895,-22.07
4.0,0.715861,74.0,362.0,773.0,1766.0,130.0,83.0,79.0,231.0,375.0,53.0,100.0,11.0,28.0,1.0,0.0,0.0,3.873,18.0,6.5,8.101209,94.60228,0.36012295,1.2422029,-5.17
4.0,0.715861,74.0,362.0,773.0,1766.0,130.0,83.0,79.0,231.0,375.0,53.0,100.0,11.0,28.0,1.0,0.0,0.0,3.873,18.0,6.5,8.101209,94.60228,0.36012295,1.2422029,-3.91
4.0,0.715861,74.0,362.0,773.0,1766.0,130.0,83.0,79.0,231.0,375.0,53.0,100.0,11.0,28.0,1.0,0.0,0.0,3.873,18.0,6.5,8.101209,94.60228,0.36012295,1.2422029,-4.97
6.0,2.01581,14.0,1554.0,258.0,1527.0,10.0,6.0,132.0,237.0,221.0,31.0,35.0,13.0,49.0,19.0,0.0,0.0,60.092,22.7,8.11,6.66,92.8118,0.69652045,1.6162773,-3.21
6.0,2.01581,14.0,1554.0,258.0,1527.0,10.0,6.0,132.0,237.0,221.0,31.0,35.0,13.0,49.0,19.0,0.0,0.0,60.092,22.7,8.11,6.66,92.8118,0.69652045,1.6162773,-20.32
6.0,2.01581,14.0,1554.0,258.0,1527.0,10.0,6.0,132.0,237.0,221.0,31.0,35.0,13.0,49.0,19.0,0.0,0.0,60.092,22.7,8.11,6.66,92.8118,0.69652045,1.6162773,-35.76
3.0,0.516599,483.0,0.0,123.0,31.0,20.0,36.0,129.0,244.0,1057.0,35.0,0.0,0.0,0.0,0.0,0.0,0.0,2600.23,27.0,6.5,8.101209,94.60228,0.6610729,0.87591636,-19.2
4.0,1.03364,338.0,0.0,2.0,217.0,3.0,5.0,106.0,284.0,932.0,64.0,0.0,92.0,1.0,1.0,0.0,0.0,10.092,25.4,7.5,8.101209,94.60228,0.4101237,1.3413175,-14.63
4.0,1.03364,338.0,0.0,2.0,217.0,3.0,5.0,106.0,284.0,932.0,64.0,0.0,92.0,1.0,1.0,0.0,0.0,10.092,25.4,7.5,8.101209,94.60228,0.4101237,1.3413175,-23.85
4.0,1.03364,338.0,0.0,2.0,217.0,3.0,5.0,106.0,284.0,932.0,64.0,0.0,92.0,1.0,1.0,0.0,0.0,10.092,25.4,7.5,8.101209,94.60228,0.4101237,1.3413175,-73.45
1.0,0.252647,787.0,0.0,405.0,582.0,111.0,361.0,44.0,275.0,1206.0,38.0,100.0,0.0,1.0,0.0,0.0,0.0,2.816,17.2,6.0,8.101209,94.60228,0.5470103,1.0141418,-3.47
1.0,0.252647,787.0,0.0,405.0,582.0,111.0,361.0,44.0,275.0,1206.0,38.0,100.0,0.0,1.0,0.0,0.0,0.0,2.816,17.2,6.0,8.101209,94.60228,0.5470103,1.0141418,-4.24
1.0,0.252647,787.0,0.0,405.0,582.0,111.0,361.0,44.0,275.0,1206.0,38.0,100.0,0.0,1.0,0.0,0.0,0.0,2.816,17.2,6.0,8.101209,94.60228,0.5470103,1.0141418,-2.41
3.0,0.826142,157.0,0.0,718.0,1196.0,153.0,62.0,78.0,240.0,511.0,66.0,42.0,1.0,27.0,0.0,0.0,0.0,24.197,18.702032,7.0,8.101209,94.60228,0.5237607,1.2829067,-4.55
3.0,0.826142,157.0,0.0,718.0,1196.0,153.0,62.0,78.0,240.0,511.0,66.0,42.0,1.0,27.0,0.0,0.0,0.0,24.197,18.702032,7.0,8.101209,94.60228,0.5237607,1.2829067,-7.48
3.0,0.826142,157.0,0.0,718.0,1196.0,153.0,62.0,78.0,240.0,511.0,66.0,42.0,1.0,27.0,0.0,0.0,0.0,24.197,18.702032,7.0,8.101209,94.60228,0.5237607,1.2829067,-8.6
1.0,0.196017,220.0,0.0,541.0,1815.0,143.0,424.0,74.0,246.0,618.0,43.0,60.0,12.0,8.0,1.0,0.0,0.0,754.728,11.5,8.0,8.101209,94.60228,0.3498045,0.9843672,-14.92
1.0,0.196017,220.0,0.0,541.0,1815.0,143.0,424.0,74.0,246.0,618.0,43.0,60.0,12.0,8.0,1.0,0.0,0.0,754.728,11.5,8.0,8.101209,94.60228,0.3498045,0.9843672,-3.07
1.0,0.196017,220.0,0.0,541.0,1815.0,143.0,424.0,74.0,246.0,618.0,43.0,60.0,12.0,8.0,1.0,0.0,0.0,754.728,11.5,8.0,8.101209,94.60228,0.3498045,0.9843672,-52.27
1.0,0.120973,106.0,0.0,829.0,1868.0,104.0,653.0,45.0,219.0,448.0,40.0,99.0,2.0,94.0,0.0,0.0,0.0,0.002,17.1,7.25,8.101209,94.60228,0.06344553,0.35089263,-38.08
1.0,0.120973,106.0,0.0,829.0,1868.0,104.0,653.0,45.0,219.0,448.0,40.0,99.0,2.0,94.0,0.0,0.0,0.0,0.002,17.1,7.25,8.101209,94.60228,0.06344553,0.35089263,-35.52
1.0,0.218843,465.0,0.0,255.0,635.0,33.0,49.0,111.0,220.0,989.0,31.0,59.0,26.0,21.0,0.0,0.0,0.0,861.629,20.8,7.0,9.95,120.008255,0.43343505,0.950339,-47.16
1.0,0.120339,457.0,0.0,15.0,9.0,6.0,0.0,147.0,220.0,1058.0,36.0,40.0,100.0,0.0,10.0,0.0,0.0,25.496,22.9,6.5,5.8,67.55774,0.06492285,0.08336684,-43.22
1.0,0.120339,457.0,0.0,15.0,9.0,6.0,0.0,147.0,220.0,1058.0,36.0,40.0,100.0,0.0,10.0,0.0,0.0,25.496,22.9,6.5,5.8,67.55774,0.06492285,0.08336684,-3.79
1.0,0.120339,457.0,0.0,15.0,9.0,6.0,0.0,147.0,220.0,1058.0,36.0,40.0,100.0,0.0,10.0,0.0,0.0,25.496,22.9,6.5,5.8,67.55774,0.06492285,0.08336684,-3.97
4.0,0.93274,136.0,0.0,37.0,1354.0,3.0,22.0,89.0,272.0,464.0,33.0,26.0,38.0,3.0,51.0,0.0,0.0,299.058,16.9,8.49,8.101209,94.60228,0.3480399,1.3740162,-58.67
4.0,0.93274,136.0,0.0,37.0,1354.0,3.0,22.0,89.0,272.0,464.0,33.0,26.0,38.0,3.0,51.0,0.0,0.0,299.058,16.9,8.49,8.101209,94.60228,0.3480399,1.3740162,-29.12
2.0,0.21507,81.0,0.0,794.0,2441.0,130.0,335.0,20.0,233.0,518.0,21.0,100.0,8.0,16.0,0.0,0.0,0.0,0.0,10.34,8.31,8.101209,94.60228,0.20302574,0.95899254,-24.5
2.0,0.21507,81.0,0.0,794.0,2441.0,130.0,335.0,20.0,233.0,518.0,21.0,100.0,8.0,16.0,0.0,0.0,0.0,0.0,10.34,8.31,8.101209,94.60228,0.20302574,0.95899254,-17.33
2.0,0.21507,81.0,0.0,794.0,2441.0,130.0,335.0,20.0,233.0,518.0,21.0,100.0,8.0,16.0,0.0,0.0,0.0,0.0,10.34,8.31,8.101209,94.60228,0.20302574,0.95899254,-29.51
5.0,2.62123,429.0,43.0,301.0,195.0,40.0,11.0,117.0,259.0,1054.0,48.0,85.0,14.0,3.0,1.0,0.0,0.0,73.109,27.3,7.5,8.101209,94.60228,0.6067304,1.66246,-5.57
5.0,2.62123,429.0,43.0,301.0,195.0,40.0,11.0,117.0,259.0,1054.0,48.0,85.0,14.0,3.0,1.0,0.0,0.0,73.109,27.3,7.5,8.101209,94.60228,0.6067304,1.66246,-8.93
5.0,2.62123,429.0,43.0,301.0,195.0,40.0,11.0,117.0,259.0,1054.0,48.0,85.0,14.0,3.0,1.0,0.0,0.0,73.109,27.3,7.5,8.101209,94.60228,0.6067304,1.66246,-4.29
2.0,0.329494,207.0,0.0,489.0,3083.0,157.0,123.0,-2.0,239.0,571.0,26.0,97.0,1.0,23.0,1.0,0.0,7.0,2.72,14.2,7.24,7.6,106.85386,0.33294874,1.2910746,-40.96
2.0,0.329494,207.0,0.0,489.0,3083.0,157.0,123.0,-2.0,239.0,571.0,26.0,97.0,1.0,23.0,1.0,0.0,7.0,2.72,14.2,7.24,7.6,106.85386,0.33294874,1.2910746,-8.65
2.0,0.329494,207.0,0.0,489.0,3083.0,157.0,123.0,-2.0,239.0,571.0,26.0,97.0,1.0,23.0,1.0,0.0,7.0,2.72,14.2,7.24,7.6,106.85386,0.33294874,1.2910746,-4.28
