,Sample_ID,Sample_Latitude,Sample_Longitude,Mean_DO_mg_per_L,Mean_DO_percent_saturation,Mean_Temp_Deg_C,pH,Respiration_Rate_mg_per_L_per_H
0,S19S_0001-D,49.38609,-121.45047,,,15.0,6.5,
1,S19S_0001-M,49.38626,-121.45055,,,15.0,6.5,
2,S19S_0001-U,49.38639,-121.45063,,,15.0,6.5,
3,S19S_0003-D,50.6888,-120.36647,,,17.0,6.0,
4,S19S_0003-M,50.68883,-120.36647,,,17.0,6.0,
5,S19S_0003-U,50.6887,-120.36646,,,17.0,6.0,
6,S19S_0004-D,50.7751,-119.72196,,,18.0,6.5,
7,S19S_0004-M,50.77505,-119.72175,,,18.0,6.5,
8,S19S_0004-U,50.7753,-119.72159,,,18.0,6.5,
9,S19S_0005-D,49.86887,-97.40781,,,22.0,8.0,
10,S19S_0005-M,49.86877,-97.40805,,,22.0,8.0,
11,S19S_0005-U,49.8688,-97.40836,,,22.0,8.0,
12,S19S_0006-D,39.311369,-76.717163,,,25.7,7.5,
13,S19S_0006-M,39.31162,-76.717316,,,25.7,7.5,-1.05
14,S19S_0006-U,39.311813,-76.717476,,,25.7,7.5,-15.22
15,S19S_0007-D,37.05255,-119.195598,,,11.2,6.5,-3.32
16,S19S_0007-M,37.052435,-119.19567,,,11.2,6.5,
17,S19S_0007-U,37.05229,-119.195359,,,11.2,6.5,-5.26
18,S19S_0008-D,36.961112,-119.027785,4.62,41.1,12.6,6.5,-2.39
19,S19S_0008-M,36.961369,-119.028281,4.62,41.1,12.6,6.5,-3.41
20,S19S_0008-U,36.961273,-119.028254,4.62,41.1,12.6,6.5,-4.91
21,S19S_0009-D,42.9877,-108.3983,,,25.6,8.0,-12.0
22,S19S_0009-M,42.9876,-108.3983,,,25.6,8.0,-11.22
23,S19S_0009-U,42.9875,-108.3982,,,25.6,8.0,-7.32
24,S19S_0010-D,31.667875,-81.840062,,,30.0,6.7,-0.55
25,S19S_0010-M,31.667835,-81.839976,,,30.0,6.7,-0.99
26,S19S_0010-U,31.667905,-81.8403,,,30.0,6.7,-7.04
27,S19S_0011-D,33.955686,-83.437674,,,24.0,6.7,-81.75
28,S19S_0011-M,33.957827,-83.438589,,,24.0,6.7,
29,S19S_0011-U,33.95569,-83.437673,,,24.0,6.7,-6.28
30,S19S_0012-D,42.47179,-72.33027,9.63,105.1,18.2,6.5,-0.83
31,S19S_0012-M,42.47157,-72.33038,9.63,105.1,18.2,6.5,-1.92
32,S19S_0012-U,42.47178,-72.33105,9.63,105.1,18.2,6.5,-0.83
33,S19S_0013-D,38.8952,-78.1476,7.56,85.5,21.1,6.5,
34,S19S_0013-M,38.8945,-78.1474,7.56,85.5,21.1,6.5,
35,S19S_0013-U,38.8944,-78.1474,7.56,85.5,21.1,6.5,
36,S19S_0014-D,39.0941,-77.9808,9.6,100.9,18.8,7.5,
37,S19S_0014-M,39.0942,-77.9812,9.6,100.9,18.8,7.5,
38,S19S_0014-U,39.0944,-77.9815,9.6,100.9,18.8,7.5,-13.44
39,S19S_0015-D,31.184396,-84.439009,6.87,88.3,28.2,7.0,-4.22
40,S19S_0015-M,31.184508,-84.437802,6.87,88.3,28.2,7.0,-0.46
41,S19S_0015-U,31.185895,-84.437254,6.87,88.3,28.2,7.0,-3.18
42,S19S_0016-D,39.10445,-96.6025,4.37,48.7,18.5,7.5,-2.82
43,S19S_0016-M,39.10429,-96.60286,4.37,48.7,18.5,7.5,
44,S19S_0016-U,39.10415,-96.60276,4.37,48.7,18.5,7.5,-6.51
45,S19S_0017-D,38.94668,-96.44355,7.3,85.4,20.7,7.5,-15.05
46,S19S_0017-M,38.94667,-96.44379,7.3,85.4,20.7,7.5,-0.96
47,S19S_0017-U,38.94684,-96.44389,7.3,85.4,20.7,7.5,-4.16
48,S19S_0018-D,35.6922935,-83.504941,9.8,103.2,18.3,6.5,-1.47
49,S19S_0018-M,35.692083,-83.5044488,9.8,103.2,18.3,6.5,-0.44
50,S19S_0018-U,35.6918387,-83.5041467,9.8,103.2,18.3,6.5,-2.89
51,S19S_0019-D,35.9563807,-84.278999,11.46,121.9,18.3,8.0,-1.43
52,S19S_0019-M,35.956601,-84.2789099,11.46,121.9,18.3,8.0,-11.47
53,S19S_0019-U,35.9572803,-84.2786976,11.46,121.9,18.3,8.0,-3.75
54,S19S_0020-D,31.85294,-88.15755,6.61,93.4,30.5,7.5,-1.48
55,S19S_0020-M,31.85302,-88.1575,6.61,93.4,30.5,7.5,
56,S19S_0020-U,31.8531,-88.15748,6.61,93.4,30.5,7.5,-4.03
57,S19S_0021-D,32.54069,-87.79835,6.55,90.5,33.4,7.5,
58,S19S_0021-M,32.54082,-87.79828,6.55,90.5,33.4,7.5,-7.3
59,S19S_0021-U,32.54108,-87.79821,6.55,90.5,33.4,7.5,-10.92
60,S19S_0022-D,32.96161,-87.40811,7.45,84.9,22.3,7.0,-0.25
61,S19S_0022-M,32.96156,-87.40821,7.45,84.9,22.3,7.0,-0.28
62,S19S_0022-U,32.96142,-87.40828,7.45,84.9,22.3,7.0,-0.12
63,S19S_0023-D,39.75841,-102.44896,3.83,52.7,24.7,7.5,-11.32
64,S19S_0023-M,39.75861,-102.44896,3.83,52.7,24.7,7.5,-7.24
65,S19S_0023-U,39.75854,-102.44917,3.83,52.7,24.7,7.5,-26.57
66,S19S_0024-D,34.44205,-96.6227,8.68,101.7,25.9,7.0,
67,S19S_0024-M,34.44223,-96.62255,8.68,101.7,25.9,7.0,
68,S19S_0024-U,34.44251,-96.62259,8.68,101.7,25.9,7.0,
69,S19S_0025-D,33.37853,-97.78275,5.04,62.2,26.0,7.0,-14.86
70,S19S_0025-M,33.37834,-97.78307,5.04,62.2,26.0,7.0,-19.89
71,S19S_0025-U,33.37834,-97.78338,5.04,62.2,26.0,7.0,-7.68
72,S19S_0026-D,40.03489,-105.54327,8.25,98.9,9.5,6.0,-6.4
73,S19S_0026-M,40.03496,-105.54371,8.25,98.9,9.5,6.0,-1.07
74,S19S_0026-U,40.03497,-105.54393,8.25,98.9,9.5,6.0,-1.85
75,S19S_0027-D,39.89064,-105.91125,9.57,109.6,7.1,6.5,-0.41
76,S19S_0027-M,39.89078,-105.91152,9.57,109.6,7.1,6.5,-0.84
77,S19S_0027-U,39.89071,-105.91164,9.57,109.6,7.1,6.5,-1.95
78,S19S_0028-D,33.750675,-111.507871,,,23.8,7.5,-3.15
79,S19S_0028-M,33.750788,-111.508001,,,23.8,7.5,-10.69
80,S19S_0028-U,33.750837,-111.508141,,,23.8,7.5,-5.29
81,S19S_0029-D,40.78319,-111.80126,9.72,90.0,12.0,7.5,-26.7
82,S19S_0029-M,40.78466,-111.79582,9.72,90.0,12.0,7.5,-39.84
83,S19S_0029-U,40.78464,-111.79547,9.72,90.0,12.0,7.5,-3.58
84,S19S_0030-D,45.792348,-121.929131,9.1,89.1,14.7,6.0,
85,S19S_0030-M,45.792279,-121.929539,9.1,89.1,14.7,6.0,
86,S19S_0030-U,45.792233,-121.929928,9.1,89.1,14.7,6.0,-2.87
87,S19S_0031-D,44.2602628,-122.1650676,9.56,96.6,12.4,6.0,-0.59
88,S19S_0031-M,44.2602364,-122.1647132,9.56,96.6,12.4,6.0,-0.33
89,S19S_0031-U,44.2605576,-122.1642723,9.56,96.6,12.4,6.0,-0.39
90,S19S_0032-D,39.95545,-119.02313,9.35,87.5,13.1,7.0,-4.62
91,S19S_0032-M,36.95503,-119.02367,9.35,87.5,13.1,7.0,-1.14
92,S19S_0032-U,36.95497,-119.02375,9.35,87.5,13.1,7.0,-14.6
93,S19S_0033-D,37.0576,-119.2554,9.46,97.3,16.6,7.0,-0.67
94,S19S_0033-M,37.0582,-119.2557,9.46,97.3,16.6,7.0,-0.55
95,S19S_0033-U,37.0581,-119.256,9.46,97.3,16.6,7.0,-1.23
96,S19S_0034-D,35.8677,-106.5233,,94.0,13.8,7.0,-37.92
97,S19S_0034-M,35.8678,-106.5232,,94.0,13.8,7.0,-2.53
98,S19S_0034-U,35.868,-106.5233,,94.0,13.8,7.0,-8.76
99,S19S_0035-D,32.42735,-110.757838,5.88,63.1,18.4,6.5,-3.81
100,S19S_0035-M,32.42728,-110.758821,5.88,63.1,18.4,6.5,-2.5
101,S19S_0035-U,32.327329,-110.759543,5.88,63.1,18.4,6.5,-3.7
102,S19S_0036-D,46.372515,-119.271902,,,11.0,7.0,-13.76
103,S19S_0036-M,46.372735,-119.271921,,,11.0,7.0,-1.55
104,S19S_0036-U,46.372753,-119.271963,,,11.0,7.0,-5.75
105,S19S_0037-D,39.8577967,-75.7830393,8.97,98.6,19.4,6.5,-2.37
106,S19S_0037-M,39.8578837,-75.7830477,8.97,98.6,19.4,6.5,-4.51
107,S19S_0037-U,39.8579143,-75.7831181,8.97,98.6,19.4,6.5,-4.55
108,S19S_0038-D,39.8594333,-75.7839486,8.62,95.1,19.5,6.5,-2.24
109,S19S_0038-M,39.8595115,-75.7840693,8.62,95.1,19.5,6.5,-1.12
110,S19S_0038-U,39.8595761,-75.784143,8.62,95.1,19.5,6.5,-3.3
111,S19S_0039-D,35.966194,-84.359197,6.13,71.0,22.8,7.5,-41.85
112,S19S_0039-M,35.966319,-84.358455,6.13,71.0,22.8,7.5,-3.7
113,S19S_0039-U,35.966243,-84.357361,6.13,71.0,22.8,7.5,-32.74
114,S19S_0040-D,39.087889,-96.584725,8.62,98.2,21.7,7.5,-9.16
115,S19S_0040-M,69.087692,-96.584798,8.62,98.2,21.7,7.5,-20.8
116,S19S_0040-U,39.08766,-96.58479,8.62,98.2,21.7,7.5,
117,S19S_0041-D,44.299994,-120.858196,,,20.0,6.5,-1.5
118,S19S_0041-M,44.300038,-120.858255,,,20.0,6.5,-28.35
119,S19S_0041-U,44.300082,-120.85829,,,20.0,6.5,-15.66
120,S19S_0042-D,25.40976,-80.96434,3.9,49.1,29.1,7.5,-6.27
121,S19S_0042-M,25.40979,-80.96423,3.9,49.1,29.1,7.5,-9.88
122,S19S_0042-U,25.40982,-80.96423,3.9,49.1,29.1,7.5,-16.44
123,S19S_0043-D,43.14501,-89.472992,,,15.7,7.5,-6.92
124,S19S_0043-M,43.145025,-89.472023,,,15.7,7.5,-10.08
125,S19S_0043-U,43.145025,-89.472134,,,15.7,7.5,
126,S19S_0044-D,33.131027,-79.811134,,,24.0,6.0,
127,S19S_0044-M,33.130966,-79.810626,,,24.0,6.0,
128,S19S_0044-U,33.130796,-79.810168,,,24.0,6.0,
129,S19S_0045-D,52.475193,13.631299,,76.6,20.4,7.7,
130,S19S_0045-M,52.476556,13.625541,,76.6,20.4,7.7,
131,S19S_0045-U,52.476254,13.625944,,76.6,20.4,7.7,
132,S19S_0046-D,61.67559,7.21246,,,1.7,8.6,
133,S19S_0046-M,61.6755,7.21221,,,1.7,8.6,
134,S19S_0046-U,61.6754,7.21196,,,1.7,8.6,
135,S19S_0047-D,68.64278,-149.40333,10.26,97.2,8.5,6.5,-11.03
136,S19S_0047-M,68.64274,-149.40339,10.26,97.2,8.5,6.5,
137,S19S_0047-U,68.6427,-149.40346,10.26,97.2,8.5,6.5,
138,S19S_0048-D,18.10996,-66.98618,7.23,88.0,24.5,7.5,
139,S19S_0048-M,18.11025,-66.98638,7.23,88.0,24.5,7.5,
140,S19S_0048-U,18.11029,-66.98655,7.23,88.0,24.5,7.5,
141,S19S_0049-D,18.17443,-66.80038,7.2,89.0,22.9,7.5,
142,S19S_0049-M,18.17424,-66.80038,7.2,89.0,22.9,7.5,
143,S19S_0049-U,18.17413,-66.79967,7.2,89.0,22.9,7.5,
144,S19S_0050-D,68.66953,-149.14198,12.44,108.2,9.6,6.5,-0.88
145,S19S_0050-M,68.66967,-149.14041,12.44,108.2,9.6,6.5,-2.54
146,S19S_0050-U,68.62722,-149.5972,12.44,108.2,9.6,6.5,-1.93
147,S19S_0051-D,65.1531,-147.50267,12.9,101.0,4.5,6.5,-0.94
148,S19S_0051-M,65.15298,-147.50249,12.9,101.0,4.5,6.5,-16.33
149,S19S_0051-U,64.85568,-147.80559,12.9,101.0,4.5,6.5,-0.67
150,S19S_0052-D,42.13187,-74.69563,,,20.3,6.5,-4.71
151,S19S_0052-M,42.13233,-74.69546,,,20.3,6.5,-16.51
152,S19S_0052-U,42.13247,-74.69548,,,20.3,6.5,-5.16
153,S19S_0053-D,41.869567,-73.00222222,,,22.78,6.5,-6.05
154,S19S_0053-M,41.869617,-72.796633,,,22.78,6.5,-13.52
155,S19S_0053-U,41.869583,-72.796767,,,22.78,6.5,-5.06
156,S19S_0054-D,37.57261,-77.0237,5.0,71.0,29.1,6.7,
157,S19S_0054-M,37.57267,-77.0237,5.0,71.0,29.1,6.7,
158,S19S_0054-U,37.5728,-77.02396,5.0,71.0,29.1,6.7,
159,S19S_0055-D,46.732428,-117.180863,,,20.1,7.5,
160,S19S_0055-M,46.732323,-117.180621,,,20.1,7.5,
161,S19S_0055-U,46.7322206,-117.180384,,,20.1,7.5,-10.88
162,S19S_0056-D,35.1632,128.9646,,,31.0,6.5,
163,S19S_0056-M,35.1633,128.9646,,,31.0,6.5,
164,S19S_0056-U,35.1634,128.9646,,,31.0,6.5,
165,S19S_0057-D,33.337475,-81.718207,8.365,,25.3,6.74,
166,S19S_0057-M,33.337694,-81.718237,8.365,,25.3,6.74,
167,S19S_0057-U,33.337716,-81.718159,8.365,,25.3,6.74,
168,S19S_0058-D,32.89919667,35.6136003,,,26.0,7.5,
169,S19S_0058-M,32.89930396,35.61364573,,,26.0,7.5,
170,S19S_0058-U,32.899396,35.61366095,,,26.0,7.5,
171,S19S_0059-D,48.16874998,-117.3915976,,,11.0,6.5,
172,S19S_0059-M,48.16841972,-117.3913007,,,11.0,6.5,-15.0
173,S19S_0059-U,48.16859001,-117.3903992,,,11.0,6.5,-6.92
174,S19S_0060-D,46.2531882,-119.4768203,13.31,161.9,25.6,8.0,-5.24
175,S19S_0060-M,46.253117,-119.4769597,13.31,161.9,25.6,8.0,-1.84
176,S19S_0060-U,46.2530248,-119.4772256,13.31,161.9,25.6,8.0,-1.12
177,S19S_0061-D,43.1095,-89.6407,7.56,78.0,16.9,7.5,
178,S19S_0061-M,43.1095,-89.6405,7.56,78.0,16.9,7.5,
179,S19S_0061-U,43.1091,-89.6403,7.56,78.0,16.9,7.5,
180,S19S_0062-D,38.544583,-106.950417,,,14.2,7.5,-0.1
181,S19S_0062-M,38.544667,-106.950472,,,14.2,7.5,-6.32
182,S19S_0062-U,38.544778,-106.950056,,,14.2,7.5,-0.1
183,S19S_0063-D,30.250335,-97.709399,,,24.0,7.5,-0.39
184,S19S_0063-M,30.250384,-97.70953,,,24.0,7.5,-0.64
185,S19S_0063-U,30.250278,-97.709566,,,24.0,7.5,-0.52
186,S19S_0064-D,40.61043,-78.00803,,80.7,23.5,7.7,-22.97
187,S19S_0064-M,40.64061,-78.00808,,80.7,23.5,7.7,-21.19
188,S19S_0064-U,40.61507,-78.00688,,80.7,23.5,7.7,-7.67
189,S19S_0065-D,38.509458,-122.888357,,,22.1,5.0,
190,S19S_0065-M,38.50916,-122.883392,,,22.1,5.0,
191,S19S_0065-U,38.509635,-122.8834,,,22.1,5.0,
192,S19S_0066-D,35.19845,-106.643178,,,31.2,6.5,-0.83
193,S19S_0066-M,35.198511,-106.643131,,,31.2,6.5,
194,S19S_0066-U,35.198601,-106.643074,,,31.2,6.5,
195,S19S_0067-D,42.3921,-85.35412,9.17,104.4,20.63,7.5,
196,S19S_0067-M,42.39201,-85.354,9.17,104.4,20.63,7.5,
197,S19S_0067-U,42.39193,-85.35402,9.17,104.4,20.63,7.5,
198,S19S_0068-D,44.207316,-122.258091,,,14.7,6.0,
199,S19S_0068-M,44.207273,-122.257913,,,14.7,6.0,
200,S19S_0068-U,44.207269,-122.257915,,,14.7,6.0,-0.85
201,S19S_0069-D,39.362202,-123.735151,,,15.0,6.5,-0.3
202,S19S_0069-M,39.362129,-123.734753,,,15.0,6.5,-0.32
203,S19S_0069-U,39.362343,-123.734848,,,15.0,6.5,-0.43
204,S19S_0070-D,39.339914,-123.752414,,,16.0,6.5,-0.47
205,S19S_0070-M,39.339892,-123.752441,,,16.0,6.5,-0.53
206,S19S_0070-U,39.339682,-123.752011,,,16.0,6.5,-1.04
207,S19S_0071-D,40.012917,-105.458575,,,11.5,7.0,-14.41
208,S19S_0071-M,40.0128376,-105.4589026,,,11.5,7.0,-25.2
209,S19S_0071-U,40.0129961,-105.4588818,,,11.5,7.0,-5.27
210,S19S_0072-D,42.5235645,-71.1848201,8.19,87.4,18.5,6.0,-1.01
211,S19S_0072-M,42.5235479,-71.18851406,8.19,87.4,18.5,6.0,-1.1
212,S19S_0072-U,42.5233858,-71.1854501,8.19,87.4,18.5,6.0,-6.59
213,S19S_0073-D,42.7688065,-70.9164986,6.41,66.2,16.9,6.5,-25.45
214,S19S_0073-M,42.7694593,-70.9167967,6.41,66.2,16.9,6.5,-24.44
215,S19S_0073-U,42.7696832,-70.9168932,6.41,66.2,16.9,6.5,
216,S19S_0074-D,46.376172,-119.272998,,,11.0,6.5,-1.7
217,S19S_0074-M,46.376303,-119.272953,,,11.0,6.5,-1.0
218,S19S_0074-U,46.376327,-119.272955,,,11.0,6.5,-1.66
219,S19S_0075-D,46.694742,-119.465555,,,11.0,6.5,-1.33
220,S19S_0075-M,46.694842,-119.465591,,,11.0,6.5,-0.24
221,S19S_0075-U,46.694858,-119.465706,,,11.0,6.5,-0.42
222,S19S_0076-D,46.679191,-119.462605,,,14.0,6.5,-5.04
223,S19S_0076-M,46.679318,-119.46257,,,14.0,6.5,-3.91
224,S19S_0076-U,46.679398,-119.462645,,,14.0,6.5,-7.06
225,S19S_0077-D,40.66403,-105.223141,,,18.0,6.5,-1.68
226,S19S_0077-M,40.664282,-105.223622,,,18.0,6.5,-1.23
227,S19S_0077-U,40.664703,-105.224786,,,18.0,6.5,-1.6
228,S19S_0078-D,43.43138889,-123.5855556,,,19.0,7.0,
229,S19S_0078-M,43.43138889,-123.5855556,,,19.0,7.0,
230,S19S_0078-U,43.43138889,-123.5855556,,,19.0,7.0,
231,S19S_0079-D,43.6369,-123.5721,,,19.0,7.75,
232,S19S_0079-M,43.6368,-123.572,,,19.0,7.75,
233,S19S_0079-U,43.6367,-123.5719,,,19.0,7.75,
234,S19S_0080-D,34.950811,-106.681374,6.66,76.9,22.7,8.11,-1.02
235,S19S_0080-M,34.950833,-106.681271,6.66,76.9,22.7,8.11,-6.42
236,S19S_0080-U,34.950903,-106.681382,6.66,76.9,22.7,8.11,-11.16
237,S19S_0081-D,38.960004,-76.9261495,,,27.0,6.5,
238,S19S_0081-M,38.96027778,-76.92611111,,,27.0,6.5,
239,S19S_0081-U,38.9603293,-76.9259674,,,27.0,6.5,-6.42
240,S19S_0082-D,38.8748619,-76.5465418,,,31.4,7.0,-11.47
241,S19S_0082-M,38.8748139,-76.5464751,,,31.4,7.0,-9.65
242,S19S_0082-U,38.8749661,-76.5464942,,,31.4,7.0,-27.96
243,S19S_0083-D,40.31083,-88.3227,,,25.4,7.5,-4.75
244,S19S_0083-M,40.31083,-88.3227,,,25.4,7.5,-7.29
245,S19S_0083-U,40.31083,-88.3227,,,25.4,7.5,-23.77
246,S19S_0084-D,43.954722,-71.722778,,,17.2,6.0,-1.07
247,S19S_0084-M,43.954722,-71.722778,,,17.2,6.0,-1.33
248,S19S_0084-U,43.954722,-71.722778,,,17.2,6.0,-0.75
249,S19S_0085-D,43.6479639,-115.9902503,,,,7.0,-1.34
250,S19S_0085-M,43.64815,-115.98908,,,,7.0,-2.35
251,S19S_0085-U,43.64819,-115.98891,,,,7.0,-2.79
252,S19S_0086-D,40.7797,-111.8064,,,11.5,8.0,-4.63
253,S19S_0086-M,40.7799,-111.8054,,,11.5,8.0,-0.93
254,S19S_0086-U,40.7801,-111.8054,,,11.5,8.0,-16.92
255,S19S_0087-D,43.1233451,-116.7743431,,,17.1,7.25,
256,S19S_0087-M,43.1233625,-116.7744702,,,17.1,7.25,-11.56
257,S19S_0087-U,43.1231912,-116.7745057,,,17.1,7.25,-10.94
258,S19S_0089-D,37.21008,-80.44539,9.95,118.6,20.8,7.0,
259,S19S_0089-M,37.21012,-80.44529,9.95,118.6,20.8,7.0,
260,S19S_0089-U,37.21014,-80.44513,9.95,118.6,20.8,7.0,-16.51
261,S19S_0090-D,37.291383,-75.930606,5.8,65.0,22.9,6.5,-13.31
262,S19S_0090-M,37.291374,-75.930615,5.8,65.0,22.9,6.5,-1.19
263,S19S_0090-U,37.291396,-75.930807,5.8,65.0,22.9,6.5,-1.5
264,S19S_0091-D,60.520868,-144.837472,,,9.6,6.5,
265,S19S_0091-M,60.520879,-144.837479,,,9.6,6.5,
266,S19S_0091-U,60.520913,-144.837484,,,9.6,6.5,
267,S19S_0092-D,52.419447,-1.704013,0.7,7.0,17.3,7.0,
268,S19S_0092-M,52.419705,-1.704293,0.7,7.0,17.3,7.0,
269,S19S_0092-U,52.419804,-1.704362,0.7,7.0,17.3,7.0,
270,S19S_0093-D,52.800556,-2.304833,8.2,,14.1,7.5,
271,S19S_0093-M,52.800611,-2.304861,8.2,,14.1,7.5,
272,S19S_0093-U,52.800667,-2.304694,8.2,,14.1,7.5,
273,S19S_0094-D,18.2754452,-65.7852826,7.84,89.2,21.2,6.5,
274,S19S_0094-M,18.2756318,-65.7852594,7.84,89.2,21.2,6.5,
275,S19S_0094-U,18.275889,-65.7853037,7.84,89.2,21.2,6.5,
276,S19S_0096-D,45.2473368,7.805425,,,18.4,6.5,
277,S19S_0096-M,45.2475946,7.8046509,,,18.4,6.5,
278,S19S_0096-U,45.24768,7.8043267,,,18.4,6.5,
279,S19S_0097-D,41.720847,-111.8865,,126.0,16.9,8.49,-18.48
280,S19S_0097-M,41.720805,-111.886477,,126.0,16.9,8.49,-8.77
281,S19S_0097-U,41.720744,-111.88642,,126.0,16.9,8.49,
282,S19S_0098-D,41.950204,-111.580533,,102.1,10.34,8.31,-7.56
283,S19S_0098-M,41.950345,-111.580451,,102.1,10.34,8.31,-5.3
284,S19S_0098-U,41.950373,-111.580465,,102.1,10.34,8.31,-9.37
285,S19S_0099-D,39.2385932,-84.7119066,,,27.3,7.5,-1.75
286,S19S_0099-M,39.2386399,-84.7121004,,,27.3,7.5,-2.77
287,S19S_0099-U,39.2386771,-84.7123967,,,27.3,7.5,-1.36
288,S19S_0100-D,38.92352,-106.950961,7.6,71.5,14.2,7.24,-12.08
289,S19S_0100-M,38.922712,-106.950743,7.6,71.5,14.2,7.24,-2.67
290,S19S_0100-U,38.922389,-106.95145,7.6,71.5,14.2,7.24,-1.43
291,CM_001-1,46.732215,-117.180494,10.25,87.93,8.66,6.5,-12.773
292,CM_001-2,46.732215,-117.180494,10.25,87.93,8.66,6.5,-13.36
293,CM_001-3,46.732215,-117.180494,10.25,87.93,8.66,6.5,-12.44
294,CM_002-1,38.7819267,-77.388447,9.42,103.51,19.95,6.5,-22.52
295,CM_002-2,38.7819267,-77.388447,9.42,103.51,19.95,6.5,-44.829
296,CM_002-3,38.7819267,-77.388447,9.42,103.51,19.95,6.5,-29.4
297,CM_003-1,40.1046605,-77.1803039,9.42,93.22,14.93,6.5,-1.856
298,CM_003-2,40.1046605,-77.1803039,9.42,93.22,14.93,6.5,-2.291
299,CM_003-3,40.1046605,-77.1803039,9.42,93.22,14.93,6.5,-2.735
300,CM_004-1,42.72306,-73.19778,11.31,111.85,14.89,6.5,-1.998
301,CM_004-2,42.72306,-73.19778,11.31,111.85,14.89,6.5,-4.957
302,CM_004-3,42.72306,-73.19778,11.31,111.85,14.89,6.5,-2.73
303,CM_005-1,48.81862,-122.58061,11.04,87.15,5.31,6.3,-0.337
304,CM_005-2,48.81862,-122.58061,11.04,87.15,5.31,6.3,-0.502
305,CM_005-3,48.81862,-122.58061,11.04,87.15,5.31,6.3,-0.711
306,CM_006-1,38.9745676,-119.8217832,7.63,80.23,17.8,7.5,-31.6
307,CM_006-2,38.9745676,-119.8217832,7.63,80.23,17.8,7.5,-11.467
308,CM_006-3,38.9745676,-119.8217832,7.63,80.23,17.8,7.5,-134.6
309,CM_007-1,39.007299,-121.580361,10.53,100.23,13.15,6.5,-0.582
310,CM_007-2,39.007299,-121.580361,10.53,100.23,13.15,6.5,-0.484
311,CM_007-3,39.007299,-121.580361,10.53,100.23,13.15,6.5,-1.877
312,CM_008-1,33.94849,-117.611779,18.88,249.65,29.98,9.5,-28.36
313,CM_008-2,33.94849,-117.611779,18.88,249.65,29.98,9.5,-3.64
314,CM_008-3,33.94849,-117.611779,18.88,249.65,29.98,9.5,-30.84
315,CM_010-1,33.666607,-79.8466751,6.36,77.85,25.62,6.5,-1.79
316,CM_010-2,33.666607,-79.8466751,6.36,77.85,25.62,6.5,-1.108
317,CM_010-3,33.666607,-79.8466751,6.36,77.85,25.62,6.5,-1.535
318,CM_011-1,42.505483,-73.506215,8.49,102.7,24.95,6.5,-25.72
319,CM_011-2,42.505483,-73.506215,8.49,102.7,24.95,6.5,-22.08
320,CM_011-3,42.505483,-73.506215,8.49,102.7,24.95,6.5,-28.15
321,CM_012-1,42.763802,-73.33724,10.32,119.16,22.49,6.5,-10.648
322,CM_012-2,42.763802,-73.33724,10.32,119.16,22.49,6.5,-9.33
323,CM_012-3,42.763802,-73.33724,10.32,119.16,22.49,6.5,-6.988
324,CM_013-1,41.309341,-83.1577589,8.56,102.8,24.56,7.0,-10.658
325,CM_013-2,41.309341,-83.1577589,8.56,102.8,24.56,7.0,-9.787
326,CM_013-3,41.309341,-83.1577589,8.56,102.8,24.56,7.0,-11.124
327,CM_014-1,35.3667814,-77.4402867,5.15,65.74,27.92,6.5,-12.8
328,CM_014-2,35.3667814,-77.4402867,5.15,65.74,27.92,6.5,-15.22
329,CM_014-3,35.3667814,-77.4402867,5.15,65.74,27.92,6.5,-8.813
330,CM_015-1,39.480297,-106.046835,7.86,71.4,11.05,6.5,-11.568
331,CM_015-2,39.480297,-106.046835,7.86,71.4,11.05,6.5,-9.134
332,CM_015-3,39.480297,-106.046835,7.86,71.4,11.05,6.5,-6.185
333,CM_016-1,43.40991,-83.96496,11.35,140.2,26.1,7.2,-0.04
334,CM_016-2,43.40991,-83.96496,11.35,140.2,26.1,7.2,-10.88
335,CM_016-3,43.40991,-83.96496,11.35,140.2,26.1,7.2,-0.12
336,CM_017-1,45.597409,-110.5660089,11.69,80.84,0.38,6.0,-0.676
337,CM_017-2,45.597409,-110.5660089,11.69,80.84,0.38,6.0,-0.782
338,CM_017-3,45.597409,-110.5660089,11.69,80.84,0.38,6.0,-0.685
339,CM_018-1,41.316592,-102.126046,8.26,91.71,20.47,8.0,-0.515
340,CM_018-2,41.316592,-102.126046,8.26,91.71,20.47,8.0,-0.482
341,CM_018-3,41.316592,-102.126046,8.26,91.71,20.47,8.0,-0.247
342,CM_020-1,33.82767,-79.04489,4.36,57.87,30.16,6.5,-5.432
343,CM_020-2,33.82767,-79.04489,4.36,57.87,30.16,6.5,-6.187
344,CM_020-3,33.82767,-79.04489,4.36,57.87,30.16,6.5,-4.584
345,CM_021-1,32.3504894,-111.0953268,4.87,67.11,32.44,7.0,-1.548
346,CM_021-2,32.3504894,-111.0953268,4.87,67.11,32.44,7.0,-1.113
347,CM_021-3,32.3504894,-111.0953268,4.87,67.11,32.44,7.0,-1.548
348,CM_022-1,44.550507,-123.2497244,9.42,94.79,15.67,6.25,-1.688
349,CM_022-2,44.550507,-123.2497244,9.42,94.79,15.67,6.25,-1.269
350,CM_022-3,44.550507,-123.2497244,9.42,94.79,15.67,6.25,-2.497
351,CM_023-1,44.55596,-123.27687,8.31,89.78,19.14,6.25,-37.0
352,CM_023-2,44.55596,-123.27687,8.31,89.78,19.14,6.25,-26.4
353,CM_023-3,44.55596,-123.27687,8.31,89.78,19.14,6.25,-36.64
354,CM_024-1,33.68401,-84.41527,7.27,85.82,23.66,6.0,-1.334
355,CM_024-2,33.68401,-84.41527,7.27,85.82,23.66,6.0,-1.387
356,CM_024-3,33.68401,-84.41527,7.27,85.82,23.66,6.0,-1.432
357,CM_027-1,29.33381,-95.28318,10.96,152.38,32.93,7.5,-12.76
358,CM_027-2,29.33381,-95.28318,10.96,152.38,32.93,7.5,-27.64
359,CM_027-3,29.33381,-95.28318,10.96,152.38,32.93,7.5,-47.92
360,CM_028-1,28.83182444,-96.57826799,8.1,113.29,33.25,8.0,-11.74
361,CM_028-2,28.83182444,-96.57826799,8.1,113.29,33.25,8.0,-8.204
362,CM_028-3,28.83182444,-96.57826799,8.1,113.29,33.25,8.0,-11.376
363,CM_032-1,46.804,-96.798,9.38,93.04,15.02,7.6,-0.56
364,CM_032-2,46.804,-96.798,9.38,93.04,15.02,7.6,-2.16
365,CM_032-3,46.804,-96.798,9.38,93.04,15.02,7.6,-0.2
366,CM_033-1,32.4712725,-111.3042085,6.33,82.03,28.8,7.5,-1.166
367,CM_033-2,32.4712725,-111.3042085,6.33,82.03,28.8,7.5,-0.786
368,CM_033-3,32.4712725,-111.3042085,6.33,82.03,28.8,7.5,-0.578
369,CM_034-1,46.49794,-84.37418,6.22,69.32,20.7,6.5,-24.92
370,CM_034-2,46.49794,-84.37418,6.22,69.32,20.7,6.5,-33.12
371,CM_034-3,46.49794,-84.37418,6.22,69.32,20.7,6.5,-33.04
372,CM_035-1,45.084433,-92.785556,13.12,110.39,7.86,6.5,-26.4
373,CM_035-2,45.084433,-92.785556,13.12,110.39,7.86,6.5,-17.52
374,CM_035-3,45.084433,-92.785556,13.12,110.39,7.86,6.5,-19.68
375,CM_037-1,41.3825,-72.8972,9.86,89.03,10.8,6.5,-1.666
376,CM_037-2,41.3825,-72.8972,9.86,89.03,10.8,6.5,-1.827
377,CM_037-3,41.3825,-72.8972,9.86,89.03,10.8,6.5,-2.315
378,CM_038-1,41.52361,-72.20667,6.51,57.77,10.06,6.0,-1.123
379,CM_038-2,41.52361,-72.20667,6.51,57.77,10.06,6.0,-1.423
380,CM_038-3,41.52361,-72.20667,6.51,57.77,10.06,6.0,-1.365
381,CM_039-1,30.24565,-97.69147,9.88,118.65,24.59,7.5,-4.608
382,CM_039-2,30.24565,-97.69147,9.88,118.65,24.59,7.5,-2.521
383,CM_039-3,30.24565,-97.69147,9.88,118.65,24.59,7.5,-2.011
384,CM_040-1,30.438365,-91.191226,8.1,93.9,22.7,7.75,-0.36
385,CM_040-2,30.438365,-91.191226,8.1,93.9,22.7,7.75,-20.36
386,CM_040-3,30.438365,-91.191226,8.1,93.9,22.7,7.75,
387,CM_041-1,37.3724372,-80.8599379,9.8,99.22,15.97,6.0,-20.3
388,CM_041-2,37.3724372,-80.8599379,9.8,99.22,15.97,6.0,-15.853
389,CM_041-3,37.3724372,-80.8599379,9.8,99.22,15.97,6.0,-12.92
390,CM_042-1,37.0421794,-80.5627036,9.95,97.59,14.49,6.0,-3.386
391,CM_042-2,37.0421794,-80.5627036,9.95,97.59,14.49,6.0,-2.462
392,CM_042-3,37.0421794,-80.5627036,9.95,97.59,14.49,6.0,-2.441
393,CM_044-1,42.47158,-72.33026,12.88,92.59,1.8,7.0,-1.923
394,CM_044-2,42.47158,-72.33026,12.88,92.59,1.8,7.0,-2.042
395,CM_044-3,42.47158,-72.33026,12.88,92.59,1.8,7.0,-3.32
396,CM_045-1,42.47173,-72.3303,13.42,91.83,0.03,6.5,-0.473
397,CM_045-2,42.47173,-72.3303,13.42,91.83,0.03,6.5,-0.599
398,CM_045-3,42.47173,-72.3303,13.42,91.83,0.03,6.5,-0.558
399,CM_050-1,45.79232,-121.92941,11.74,92.34,5.17,6.5,-2.787
400,CM_050-2,45.79232,-121.92941,11.74,92.34,5.17,6.5,-3.231
401,CM_050-3,45.79232,-121.92941,11.74,92.34,5.17,6.5,-2.033
402,CM_051-1,45.792427,-121.928947,11.89,93.19,5.05,6.5,-0.539
403,CM_051-2,45.792427,-121.928947,11.89,93.19,5.05,6.5,-0.586
404,CM_051-3,45.792427,-121.928947,11.89,93.19,5.05,6.5,-0.868
405,CM_052-1,45.792488,-121.92897,11.74,91.16,4.67,6.5,-1.489
406,CM_052-2,45.792488,-121.92897,11.74,91.16,4.67,6.5,-1.295
407,CM_052-3,45.792488,-121.92897,11.74,91.16,4.67,6.5,-1.363
408,CM_056-1,32.96328,-87.40916,9.05,87.68,13.94,6.5,-0.321
409,CM_056-2,32.96328,-87.40916,9.05,87.68,13.94,6.5,-0.428
410,CM_056-3,32.96328,-87.40916,9.05,87.68,13.94,6.5,-0.448
411,CM_057-1,32.96176,-87.40821,10.91,95.89,9.66,6.0,-0.341
412,CM_057-2,32.96176,-87.40821,10.91,95.89,9.66,6.0,-0.378
413,CM_057-3,32.96176,-87.40821,10.91,95.89,9.66,6.0,-0.259
414,CM_062-1,43.08808,-71.23459,10.35,85.97,7.34,6.0,-0.816
415,CM_062-2,43.08808,-71.23459,10.35,85.97,7.34,6.0,-0.909
416,CM_062-3,43.08808,-71.23459,10.35,85.97,7.34,6.0,-0.683
417,CM_063-1,43.079493,-71.035868,10.39,90.92,9.5,6.0,-0.777
418,CM_063-2,43.079493,-71.035868,10.39,90.92,9.5,6.0,-0.764
419,CM_063-3,43.079493,-71.035868,10.39,90.92,9.5,6.0,-0.768
420,CM_064-1,33.6052817,-86.7497169,9.36,95.15,16.14,6.5,-8.264
421,CM_064-2,33.6052817,-86.7497169,9.36,95.15,16.14,6.5,-8.848
422,CM_064-3,33.6052817,-86.7497169,9.36,95.15,16.14,6.5,-5.328
423,CM_068-1,30.1982931,-92.4631118,3.4,39.59,22.93,6.5,-0.24
424,CM_068-2,30.1982931,-92.4631118,3.4,39.59,22.93,6.5,-4.36
425,CM_068-3,30.1982931,-92.4631118,3.4,39.59,22.93,6.5,
426,CM_069-1,40.66522,-111.84597,11.04,85.68,4.67,6.5,-30.32
427,CM_069-2,40.66522,-111.84597,11.04,85.68,4.67,6.5,-30.16
428,CM_069-3,40.66522,-111.84597,11.04,85.68,4.67,6.5,-25.6
429,CM_070-1,43.71559,-72.41875,14.27,98.33,0.27,6.0,-1.872
430,CM_070-2,43.71559,-72.41875,14.27,98.33,0.27,6.0,-2.291
431,CM_070-3,43.71559,-72.41875,14.27,98.33,0.27,6.0,-1.546
432,CM_072-1,31.1355617,-96.8252242,12.55,127.98,16.31,7.0,-19.64
433,CM_072-2,31.1355617,-96.8252242,12.55,127.98,16.31,7.0,-6.6
434,CM_072-3,31.1355617,-96.8252242,12.55,127.98,16.31,7.0,-0.52
435,CM_073-1,44.3676591,-72.9688981,12.81,87.86,0.09,6.0,-1.171
436,CM_073-2,44.3676591,-72.9688981,12.81,87.86,0.09,6.0,-1.204
437,CM_073-3,44.3676591,-72.9688981,12.81,87.86,0.09,6.0,-1.084
438,CM_074-1,43.6042604,-116.1946675,11.67,87.26,3.24,6.0,-1.652
439,CM_074-2,43.6042604,-116.1946675,11.67,87.26,3.24,6.0,-2.622
440,CM_074-3,43.6042604,-116.1946675,11.67,87.26,3.24,6.0,-1.793
441,CM_075-1,29.953092,-82.927775,4.95,55.85,21.35,7.0,-15.24
442,CM_075-2,29.953092,-82.927775,4.95,55.85,21.35,7.0,-15.88
443,CM_075-3,29.953092,-82.927775,4.95,55.85,21.35,7.0,-15.78
444,CM_076-1,39.76778,-94.8625,12.3,87.88,1.56,7.5,-2.502
445,CM_076-2,39.76778,-94.8625,12.3,87.88,1.56,7.5,-2.433
446,CM_076-3,39.76778,-94.8625,12.3,87.88,1.56,7.5,-2.719
447,CM_077-1,35.776694,-105.658917,10.34,71.53,0.39,6.5,-1.989
448,CM_077-2,35.776694,-105.658917,10.34,71.53,0.39,6.5,-1.764
449,CM_077-3,35.776694,-105.658917,10.34,71.53,0.39,6.5,-1.884
450,CM_078-2,39.96766,-75.185,12.43,109.2,9.64,6.75,-21.92
451,CM_079-1,26.72027,-81.64963,8.11,96.66,24.15,6.5,-15.48
452,CM_079-2,26.72027,-81.64963,8.11,96.66,24.15,6.5,-23.12
453,CM_079-3,26.72027,-81.64963,8.11,96.66,24.15,6.5,-25.6
454,CM_080-1,30.189567,-92.590164,2.31,23.2,15.67,6.5,-6.08
455,CM_080-2,30.189567,-92.590164,2.31,23.2,15.67,6.5,-3.36
456,CM_080-3,30.189567,-92.590164,2.31,23.2,15.67,6.5,-9.96
457,CM_084-1,39.844312,-105.751041,9.6,66.78,0.61,6.5,-3.205
458,CM_084-2,39.844312,-105.751041,9.6,66.78,0.61,6.5,-3.234
459,CM_084-3,39.844312,-105.751041,9.6,66.78,0.61,6.5,-3.336
460,CM_085-1,35.8365411,-78.782094,10.09,94.26,12.32,6.0,-6.073
461,CM_085-2,35.8365411,-78.782094,10.09,94.26,12.32,6.0,-18.292
462,CM_085-3,35.8365411,-78.782094,10.09,94.26,12.32,6.0,-6.077
463,SSS001-1,46.0417,-120.5731,9.31,93.99,15.84,8.18,-12.533
464,SSS001-2,46.0417,-120.5731,9.31,93.99,15.84,8.18,-0.52
465,SSS001-3,46.0417,-120.5731,9.31,93.99,15.84,8.18,-1.16
466,SSS002-1,46.0959,-120.5476,9.73,108.23,20.57,8.45,-1.602
467,SSS002-2,46.0959,-120.5476,9.73,108.23,20.57,8.45,-1.505
468,SSS002-3,46.0959,-120.5476,9.73,108.23,20.57,8.45,-2.019
469,SSS003-1,46.2059,-120.4811,8.72,96.75,20.46,7.84,-9.816
470,SSS003-2,46.2059,-120.4811,8.72,96.75,20.46,7.84,-8.296
471,SSS003-3,46.2059,-120.4811,8.72,96.75,20.46,7.84,-17.767
472,SSS004-1,46.6659,-120.8161,8.63,90.92,17.86,7.82,-23.64
473,SSS004-2,46.6659,-120.8161,8.63,90.92,17.86,7.82,-25.44
474,SSS004-3,46.6659,-120.8161,8.63,90.92,17.86,7.82,-19.4
475,SSS005-1,46.5814,-120.4612,9.41,98.43,17.54,7.73,-1.248
476,SSS005-2,46.5814,-120.4612,9.41,98.43,17.54,7.73,-1.088
477,SSS005-3,46.5814,-120.4612,9.41,98.43,17.54,7.73,-1.076
478,SSS006-1,46.6218,-120.6206,9.74,105.93,19.43,8.59,-15.12
479,SSS006-2,46.6218,-120.6206,9.74,105.93,19.43,8.59,-14.96
480,SSS006-3,46.6218,-120.6206,9.74,105.93,19.43,8.59,-24.04
481,SSS007-1,46.6646,-121.1237,9.23,88.83,13.61,8.04,-1.532
482,SSS007-2,46.6646,-121.1237,9.23,88.83,13.61,8.04,-0.862
483,SSS007-3,46.6646,-121.1237,9.23,88.83,13.61,8.04,-2.136
484,SSS008-1,46.6592,-121.0893,8.95,85.27,13.16,7.76,-6.52
485,SSS008-2,46.6592,-121.0893,8.95,85.27,13.16,7.76,-0.28
486,SSS008-3,46.6592,-121.0893,8.95,85.27,13.16,7.76,-2.8
487,SSS009-1,46.6168,-121.1511,8.97,87.47,14.2,7.85,-0.553
488,SSS009-2,46.6168,-121.1511,8.97,87.47,14.2,7.85,-0.612
489,SSS009-3,46.6168,-121.1511,8.97,87.47,14.2,7.85,-0.811
490,SSS010-1,46.8095,-121.0675,9.25,88.98,13.61,8.0,-1.122
491,SSS010-2,46.8095,-121.0675,9.25,88.98,13.61,8.0,-1.213
492,SSS010-3,46.8095,-121.0675,9.25,88.98,13.61,8.0,-1.173
493,SSS011-1,46.8099,-121.0672,9.48,89.11,12.59,7.79,-3.061
494,SSS011-2,46.8099,-121.0672,9.48,89.11,12.59,7.79,-2.677
495,SSS011-3,46.8099,-121.0672,9.48,89.11,12.59,7.79,-2.925
496,SSS012-1,46.7521,-120.8178,9.42,101.88,19.15,8.22,-9.209
497,SSS012-2,46.7521,-120.8178,9.42,101.88,19.15,8.22,-14.386
498,SSS012-3,46.7521,-120.8178,9.42,101.88,19.15,8.22,-3.352
499,SSS013-1,46.2554,-119.474,7.99,92.23,22.45,8.19,-4.624
500,SSS013-2,46.2554,-119.474,7.99,92.23,22.45,8.19,-3.436
501,SSS013-3,46.2554,-119.474,7.99,92.23,22.45,8.19,-3.492
502,SSS014-1,46.232,-119.9999,10.54,121.0,22.19,8.22,-25.16
503,SSS014-2,46.232,-119.9999,10.54,121.0,22.19,8.22,-3.68
504,SSS014-3,46.232,-119.9999,10.54,121.0,22.19,8.22,-18.88
505,SSS015-1,46.5302,-120.4704,9.8,105.77,19.08,8.19,-3.863
506,SSS015-2,46.5302,-120.4704,9.8,105.77,19.08,8.19,-6.866
507,SSS015-3,46.5302,-120.4704,9.8,105.77,19.08,8.19,-7.177
508,SSS016-1,46.7288,-120.7135,9.48,96.65,16.28,7.8,-32.76
509,SSS016-2,46.7288,-120.7135,9.48,96.65,16.28,7.8,-29.4
510,SSS016-3,46.7288,-120.7135,9.48,96.65,16.28,7.8,-18.64
511,SSS017-1,46.6856,-120.6553,9.98,104.25,17.45,7.81,-1.407
512,SSS017-2,46.6856,-120.6553,9.98,104.25,17.45,7.81,-1.505
513,SSS017-3,46.6856,-120.6553,9.98,104.25,17.45,7.81,-1.346
514,SSS018-1,47.0171,-121.1357,8.5,81.53,13.46,7.19,-0.506
515,SSS018-2,47.0171,-121.1357,8.5,81.53,13.46,7.19,-1.596
516,SSS018-3,47.0171,-121.1357,8.5,81.53,13.46,7.19,-0.388
517,SSS019-1,47.0195,-121.1285,9.45,88.18,12.24,8.02,-2.874
518,SSS019-2,47.0195,-121.1285,9.45,88.18,12.24,8.02,-5.144
519,SSS019-3,47.0195,-121.1285,9.45,88.18,12.24,8.02,-6.889
520,SSS020-1,46.9891,-121.0983,8.56,91.92,18.79,8.29,-26.06
521,SSS020-2,46.9891,-121.0983,8.56,91.92,18.79,8.29,-8.84
522,SSS020-3,46.9891,-121.0983,8.56,91.92,18.79,8.29,-23.28
523,SSS021-1,47.3543,-121.1082,9.05,89.67,14.94,7.69,-1.293
524,SSS021-2,47.3543,-121.1082,9.05,89.67,14.94,7.69,-2.962
525,SSS021-3,47.3543,-121.1082,9.05,89.67,14.94,7.69,-3.749
526,SSS022-1,47.4636,-121.1073,9.12,89.7,14.6,7.85,-0.884
527,SSS022-2,47.4636,-121.1073,9.12,89.7,14.6,7.85,-0.988
528,SSS022-3,47.4636,-121.1073,9.12,89.7,14.6,7.85,-0.733
529,SSS023-1,46.8986,-120.6423,6.05,58.37,13.77,7.55,-23.16
530,SSS023-2,46.8986,-120.6423,6.05,58.37,13.77,7.55,-18.92
531,SSS023-3,46.8986,-120.6423,6.05,58.37,13.77,7.55,-43.32
532,SSS024-1,46.8331,-120.7125,8.78,92.2,17.71,7.9,-32.28
533,SSS024-2,46.8331,-120.7125,8.78,92.2,17.71,7.9,-54.933
534,SSS024-3,46.8331,-120.7125,8.78,92.2,17.71,7.9,-43.28
535,SSS025-1,46.2752,-120.1377,6.36,67.47,18.24,7.5,
536,SSS025-2,46.2752,-120.1377,6.36,67.47,18.24,7.5,-1.92
537,SSS025-3,46.2752,-120.1377,6.36,67.47,18.24,7.5,-0.28
538,SSS026-1,46.3147,-120.1991,12.46,138.28,20.46,8.83,-13.95
539,SSS026-2,46.3147,-120.1991,12.46,138.28,20.46,8.83,-14.32
540,SSS026-3,46.3147,-120.1991,12.46,138.28,20.46,8.83,-14.88
541,SSS027-1,46.2354,-120.4197,8.96,105.54,23.53,8.28,-4.6
542,SSS027-2,46.2354,-120.4197,8.96,105.54,23.53,8.28,-4.832
543,SSS027-3,46.2354,-120.4197,8.96,105.54,23.53,8.28,-5.351
544,SSS028-1,46.2902,-120.8717,8.03,80.53,15.5,7.69,-6.192
545,SSS028-2,46.2902,-120.8717,8.03,80.53,15.5,7.69,-4.266
546,SSS028-3,46.2902,-120.8717,8.03,80.53,15.5,7.69,-4.377
547,SSS029-1,46.3111,-120.7891,8.75,92.78,18.19,8.03,-11.816
548,SSS029-2,46.3111,-120.7891,8.75,92.78,18.19,8.03,-8.064
549,SSS029-3,46.3111,-120.7891,8.75,92.78,18.19,8.03,-13.396
550,SSS030-1,46.3656,-120.6704,10.52,115.01,19.71,8.41,-3.874
551,SSS030-2,46.3656,-120.6704,10.52,115.01,19.71,8.41,-2.577
552,SSS030-3,46.3656,-120.6704,10.52,115.01,19.71,8.41,-3.922
553,SSS031-1,46.6674,-121.094,9.85,86.3,9.51,8.05,-1.643
554,SSS031-2,46.6674,-121.094,9.85,86.3,9.51,8.05,-0.64
555,SSS031-3,46.6674,-121.094,9.85,86.3,9.51,8.05,-1.351
556,SSS032-1,46.6399,-121.2901,10.71,85.64,5.82,7.46,-1.094
557,SSS032-2,46.6399,-121.2901,10.71,85.64,5.82,7.46,-1.023
558,SSS032-3,46.6399,-121.2901,10.71,85.64,5.82,7.46,-0.928
559,SSS033-1,46.6382,-121.2631,10.11,94.02,12.1,7.5,-1.43
560,SSS033-2,46.6382,-121.2631,10.11,94.02,12.1,7.5,-1.883
561,SSS033-3,46.6382,-121.2631,10.11,94.02,12.1,7.5,-1.426
562,SSS034-1,47.3966,-121.0977,9.35,92.88,15.09,7.6,-1.204
563,SSS034-2,47.3966,-121.0977,9.35,92.88,15.09,7.6,-1.153
564,SSS034-3,47.3966,-121.0977,9.35,92.88,15.09,7.6,-1.119
565,SSS035-1,47.3956,-121.104,8.33,90.49,19.35,7.26,-1.46
566,SSS035-2,47.3956,-121.104,8.33,90.49,19.35,7.26,-1.362
567,SSS035-3,47.3956,-121.104,8.33,90.49,19.35,7.26,-1.12
568,SSS036-1,46.8674,-120.7743,8.23,84.59,16.69,7.74,-12.36
569,SSS036-2,46.8674,-120.7743,8.23,84.59,16.69,7.74,-13.02
570,SSS036-3,46.8674,-120.7743,8.23,84.59,16.69,7.74,-15.344
571,SSS037-1,46.0168,-120.6496,9.33,90.88,14.2,7.84,-3.764
572,SSS037-2,46.0168,-120.6496,9.33,90.88,14.2,7.84,-5.515
573,SSS037-3,46.0168,-120.6496,9.33,90.88,14.2,7.84,-2.957
574,SSS038-1,46.029,-120.6364,5.21,51.85,15.2,7.27,-2.625
575,SSS038-2,46.029,-120.6364,5.21,51.85,15.2,7.27,-3.112
576,SSS038-3,46.029,-120.6364,5.21,51.85,15.2,7.27,-4.078
577,SSS039-1,46.0284,-120.6115,8.88,94.38,18.3,7.84,-2.104
578,SSS039-2,46.0284,-120.6115,8.88,94.38,18.3,7.84,-2.868
579,SSS039-3,46.0284,-120.6115,8.88,94.38,18.3,7.84,-1.91
580,SSS040-1,46.6833,-120.9404,10.21,94.49,11.9,7.42,-2.494
581,SSS040-2,46.6833,-120.9404,10.21,94.49,11.9,7.42,-1.668
582,SSS040-3,46.6833,-120.9404,10.21,94.49,11.9,7.42,-1.474
583,SSS041-1,46.7239,-120.8135,10.01,96.8,13.86,7.43,-3.719
584,SSS041-2,46.7239,-120.8135,10.01,96.8,13.86,7.43,-4.562
585,SSS041-3,46.7239,-120.8135,10.01,96.8,13.86,7.43,-2.73
586,SSS042-1,46.7298,-120.8041,9.93,100.42,15.94,8.09,-1.372
587,SSS042-2,46.7298,-120.8041,9.93,100.42,15.94,8.09,-1.596
588,SSS042-3,46.7298,-120.8041,9.93,100.42,15.94,8.09,-1.036
589,SSS043-1,46.9006,-121.2466,8.38,85.33,16.25,6.92,-1.866
590,SSS043-2,46.9006,-121.2466,8.38,85.33,16.25,6.92,-2.046
591,SSS043-3,46.9006,-121.2466,8.38,85.33,16.25,6.92,-1.334
592,SSS044-1,46.9754,-121.158,8.87,91.89,17.03,7.41,-2.289
593,SSS044-2,46.9754,-121.158,8.87,91.89,17.03,7.41,-1.993
594,SSS044-3,46.9754,-121.158,8.87,91.89,17.03,7.41,-1.696
595,SSS045-1,46.976,-121.1579,9.46,93.66,14.91,7.61,-1.764
596,SSS045-2,46.976,-121.1579,9.46,93.66,14.91,7.61,-2.348
597,SSS045-3,46.976,-121.1579,9.46,93.66,14.91,7.61,-1.905
598,SSS046-1,47.1683,-120.8346,8.71,91.29,17.61,6.94,-5.709
599,SSS046-2,47.1683,-120.8346,8.71,91.29,17.61,6.94,-13.72
600,SSS046-3,47.1683,-120.8346,8.71,91.29,17.61,6.94,-6.421
601,SSS047-1,47.1857,-120.9213,9.39,90.71,13.78,7.55,-15.28
602,SSS047-2,47.1857,-120.9213,9.39,90.71,13.78,7.55,-38.28
603,SSS047-3,47.1857,-120.9213,9.39,90.71,13.78,7.55,-15.44
604,SSS048-1,47.0822,-120.7334,8.56,97.34,21.68,7.58,-3.007
605,SSS048-2,47.0822,-120.7334,8.56,97.34,21.68,7.58,-2.828
606,SSS048-3,47.0822,-120.7334,8.56,97.34,21.68,7.58,-2.345
