RA_SO,RA_dm,run_mm_cyr,dor_pc_pva,gwt_cm_cav,ele_mt_cav,slp_dg_cav,sgr_dk_rav,tmp_dc_cyr,tmp_dc_cdi,pre_mm_cyr,pre_mm_cdi,for_pc_cse,crp_pc_cse,pst_pc_cse,ire_pc_cse,gla_pc_cse,prm_pc_cse,ppd_pk_cav,Mean_Temp_Deg_C,pH,Mean_DO_mg_per_L,Mean_DO_percent_saturation,RA_ms_av,RA_ms_di,Respiration_Rate_mg_per_L_per_H
1,0.175158,557,0,168,128,20,96,124,247,1119,31,0,0,0,0,0,0,1529.11,25.7,7.5,,,0.39785227016746777,0.580528101258446,-1.05
1,0.175158,557,0,168,128,20,96,124,247,1119,31,0,0,0,0,0,0,1529.11,25.7,7.5,,,0.39785227016746777,0.580528101258446,-15.22
2,0.33367,260,0,494,2007,112,273,79,155,877,158,99,0,5,0,0,0,0.147,11.2,6.5,,,0.45569935564697217,1.1103092821269878,-3.32
2,0.33367,260,0,494,2007,112,273,79,155,877,158,99,0,5,0,0,0,0.147,11.2,6.5,,,0.45569935564697217,1.1103092821269878,-5.26
1,0.129239,344,0,458,2186,118,2539,69,153,832,149,100,1,1,0,0,0,0.0,12.6,6.5,4.62,41.1,0.08620563697199048,0.19651963004631726,-2.39
1,0.129239,344,0,458,2186,118,2539,69,153,832,149,100,1,1,0,0,0,0.0,12.6,6.5,4.62,41.1,0.08620563697199048,0.19651963004631726,-3.41
1,0.129239,344,0,458,2186,118,2539,69,153,832,149,100,1,1,0,0,0,0.0,12.6,6.5,4.62,41.1,0.08620563697199048,0.19651963004631726,-4.91
5,1.25247,112,48,150,1525,10,12,73,301,212,38,0,8,71,13,0,0,28.397,25.6,8.0,,,0.5354326376407584,1.3367934563327584,-12.0
5,1.25247,112,48,150,1525,10,12,73,301,212,38,0,8,71,13,0,0,28.397,25.6,8.0,,,0.5354326376407584,1.3367934563327584,-11.22
5,1.25247,112,48,150,1525,10,12,73,301,212,38,0,8,71,13,0,0,28.397,25.6,8.0,,,0.5354326376407584,1.3367934563327584,-7.32
6,3.48063,342,130,55,26,6,5,191,174,1258,104,69,6,0,1,0,0,63.86,30.0,6.7,,,0.9537728303674672,1.730961109508363,-0.55
6,3.48063,342,130,55,26,6,5,191,174,1258,104,69,6,0,1,0,0,63.86,30.0,6.7,,,0.9537728303674672,1.730961109508363,-0.99
6,3.48063,342,130,55,26,6,5,191,174,1258,104,69,6,0,1,0,0,63.86,30.0,6.7,,,0.9537728303674672,1.730961109508363,-7.04
4,1.05507,436,0,140,215,25,17,162,207,1259,53,31,8,3,1,0,0,820.398,24.0,6.7,,,0.7292152136956994,1.2744510579368566,-81.75
4,1.05507,436,0,140,215,25,17,162,207,1259,53,31,8,3,1,0,0,820.398,24.0,6.7,,,0.7292152136956994,1.2744510579368566,-6.28
1,0.186982,690,0,548,279,54,176,72,269,1178,24,83,4,1,0,0,0,14.043,18.2,6.5,9.63,105.1,0.4971656560962753,0.7669842031233995,-0.83
1,0.186982,690,0,548,279,54,176,72,269,1178,24,83,4,1,0,0,0,14.043,18.2,6.5,9.63,105.1,0.4971656560962753,0.7669842031233995,-1.92
1,0.186982,690,0,548,279,54,176,72,269,1178,24,83,4,1,0,0,0,14.043,18.2,6.5,9.63,105.1,0.4971656560962753,0.7669842031233995,-0.83
1,0.149345,380,0,118,174,15,151,117,247,972,35,22,43,19,0,0,0,59.988,18.8,7.5,9.6,100.9,0.17193683482537364,0.3659661121143428,-13.44
5,2.73729,496,37,48,52,9,10,193,173,1336,92,10,27,4,23,0,0,1.525,28.2,7.0,6.87,88.3,0.8985593654495028,1.6962875616089885,-4.22
5,2.73729,496,37,48,52,9,10,193,173,1336,92,10,27,4,23,0,0,1.525,28.2,7.0,6.87,88.3,0.8985593654495028,1.6962875616089885,-0.46
5,2.73729,496,37,48,52,9,10,193,173,1336,92,10,27,4,23,0,0,1.525,28.2,7.0,6.87,88.3,0.8985593654495028,1.6962875616089885,-3.18
1,0.127298,173,0,326,379,30,60,121,291,866,117,0,33,14,2,0,0,1.287,18.5,7.5,4.37,48.7,0.3110610104963151,0.5184350174938586,-2.82
1,0.127298,173,0,326,379,30,60,121,291,866,117,0,33,14,2,0,0,1.287,18.5,7.5,4.37,48.7,0.3110610104963151,0.5184350174938586,-6.51
1,0.131399,186,0,182,421,16,63,120,288,880,115,0,28,53,0,0,0,0.863,20.7,7.5,7.3,85.4,0.31033245876004045,0.4896804381733106,-15.05
1,0.131399,186,0,182,421,16,63,120,288,880,115,0,28,53,0,0,0,0.863,20.7,7.5,7.3,85.4,0.31033245876004045,0.4896804381733106,-0.96
1,0.131399,186,0,182,421,16,63,120,288,880,115,0,28,53,0,0,0,0.863,20.7,7.5,7.3,85.4,0.31033245876004045,0.4896804381733106,-4.16
1,0.190027,818,0,463,936,163,663,109,205,1527,61,100,0,0,0,0,0,21.214,18.3,6.5,9.8,103.2,0.5123702660463296,0.7415207870419244,-1.47
1,0.190027,818,0,463,936,163,663,109,205,1527,61,100,0,0,0,0,0,21.214,18.3,6.5,9.8,103.2,0.5123702660463296,0.7415207870419244,-0.44
1,0.190027,818,0,463,936,163,663,109,205,1527,61,100,0,0,0,0,0,21.214,18.3,6.5,9.8,103.2,0.5123702660463296,0.7415207870419244,-2.89
1,0.15438,757,0,299,294,49,46,138,226,1360,65,95,8,4,0,0,0,1.882,18.3,8.0,11.46,121.9,0.21788805794167496,0.3392434319851395,-1.43
1,0.15438,757,0,299,294,49,46,138,226,1360,65,95,8,4,0,0,0,1.882,18.3,8.0,11.46,121.9,0.21788805794167496,0.3392434319851395,-11.47
1,0.15438,757,0,299,294,49,46,138,226,1360,65,95,8,4,0,0,0,1.882,18.3,8.0,11.46,121.9,0.21788805794167496,0.3392434319851395,-3.75
6,4.56186,589,91,18,24,14,5,181,191,1497,93,100,3,1,0,0,0,1.041,30.5,7.5,6.61,93.4,1.1564818588007784,1.9512139545089568,-1.48
6,4.56186,589,91,18,24,14,5,181,191,1497,93,100,3,1,0,0,0,1.041,30.5,7.5,6.61,93.4,1.1564818588007784,1.9512139545089568,-4.03
5,3.18825,546,230,21,32,7,6,175,202,1384,80,70,19,20,0,0,0,3.87,33.4,7.5,6.55,90.5,0.9745864734066886,1.7589055690655624,-7.3
5,3.18825,546,230,21,32,7,6,175,202,1384,80,70,19,20,0,0,0,3.87,33.4,7.5,6.55,90.5,0.9745864734066886,1.7589055690655624,-10.92
1,0.179513,559,0,158,124,43,40,171,204,1428,75,100,0,0,0,0,0,0.033,22.3,7.0,7.45,84.9,0.4579661083323724,0.9137566056987952,-0.25
1,0.179513,559,0,158,124,43,40,171,204,1428,75,100,0,0,0,0,0,0.033,22.3,7.0,7.45,84.9,0.4579661083323724,0.9137566056987952,-0.28
1,0.179513,559,0,158,124,43,40,171,204,1428,75,100,0,0,0,0,0,0.033,22.3,7.0,7.45,84.9,0.4579661083323724,0.9137566056987952,-0.12
3,0.169118,14,0,383,1221,16,34,101,262,428,70,0,15,60,6,0,0,0.121,24.7,7.5,3.83,52.7,0.03207173806370089,0.8723512753326642,-11.32
3,0.169118,14,0,383,1221,16,34,101,262,428,70,0,15,60,6,0,0,0.121,24.7,7.5,3.83,52.7,0.03207173806370089,0.8723512753326642,-7.24
3,0.169118,14,0,383,1221,16,34,101,262,428,70,0,15,60,6,0,0,0.121,24.7,7.5,3.83,52.7,0.03207173806370089,0.8723512753326642,-26.57
2,0.198648,132,0,101,274,14,35,178,233,837,86,0,39,53,1,0,0,2.443,26.0,7.0,5.04,62.2,0.6091657967307259,0.7658806490017013,-14.86
2,0.198648,132,0,101,274,14,35,178,233,837,86,0,39,53,1,0,0,2.443,26.0,7.0,5.04,62.2,0.6091657967307259,0.7658806490017013,-19.89
2,0.198648,132,0,101,274,14,35,178,233,837,86,0,39,53,1,0,0,2.443,26.0,7.0,5.04,62.2,0.6091657967307259,0.7658806490017013,-7.68
1,0.138413,108,0,823,3409,157,402,-16,205,762,36,100,0,20,0,1,16,0.117,9.5,6.0,8.25,98.9,0.23124427557062924,0.7141367333798845,-6.4
1,0.138413,108,0,823,3409,157,402,-16,205,762,36,100,0,20,0,1,16,0.117,9.5,6.0,8.25,98.9,0.23124427557062924,0.7141367333798845,-1.07
1,0.138413,108,0,823,3409,157,402,-16,205,762,36,100,0,20,0,1,16,0.117,9.5,6.0,8.25,98.9,0.23124427557062924,0.7141367333798845,-1.85
1,0.181828,168,0,603,3323,179,260,-11,214,708,31,100,0,13,0,0,13,0.028,7.1,6.5,9.57,109.6,0.32956900408081286,0.9850552781251997,-0.41
1,0.181828,168,0,603,3323,179,260,-11,214,708,31,100,0,13,0,0,13,0.028,7.1,6.5,9.57,109.6,0.32956900408081286,0.9850552781251997,-0.84
1,0.181828,168,0,603,3323,179,260,-11,214,708,31,100,0,13,0,0,13,0.028,7.1,6.5,9.57,109.6,0.32956900408081286,0.9850552781251997,-1.95
2,0.263146,26,0,627,789,91,40,188,210,450,50,22,3,52,0,0,0,0.161,23.8,7.5,,,0.2844237214046335,0.961678566224683,-3.15
2,0.263146,26,0,627,789,91,40,188,210,450,50,22,3,52,0,0,0,0.161,23.8,7.5,,,0.2844237214046335,0.961678566224683,-10.69
2,0.263146,26,0,627,789,91,40,188,210,450,50,22,3,52,0,0,0,0.161,23.8,7.5,,,0.2844237214046335,0.961678566224683,-5.29
1,0.196017,220,0,541,1815,143,424,74,246,618,43,60,12,8,1,0,0,754.728,12.0,7.5,9.72,90.0,0.34980449975788325,0.9843672079963576,-26.7
1,0.196017,220,0,541,1815,143,424,74,246,618,43,60,12,8,1,0,0,754.728,12.0,7.5,9.72,90.0,0.34980449975788325,0.9843672079963576,-39.84
1,0.196017,220,0,541,1815,143,424,74,246,618,43,60,12,8,1,0,0,754.728,12.0,7.5,9.72,90.0,0.34980449975788325,0.9843672079963576,-3.58
1,0.196746,1486,0,590,570,159,336,85,162,2437,404,100,0,0,0,0,0,6.006,14.7,6.0,9.1,89.1,0.5672135020176965,0.9202617229531965,-2.87
1,0.207804,1348,0,561,1053,151,710,68,166,1892,298,100,0,0,0,0,0,0.001,12.4,6.0,9.56,96.6,0.6718942765276231,0.9953568927613606,-0.59
1,0.207804,1348,0,561,1053,151,710,68,166,1892,298,100,0,0,0,0,0,0.001,12.4,6.0,9.56,96.6,0.6718942765276231,0.9953568927613606,-0.33
1,0.207804,1348,0,561,1053,151,710,68,166,1892,298,100,0,0,0,0,0,0.001,12.4,6.0,9.56,96.6,0.6718942765276231,0.9953568927613606,-0.39
2,0.0981287,29,0,1262,1526,35,83,94,231,174,11,5,0,76,0,0,0,0.0,13.1,7.0,9.35,87.5,0.2174829967838878,0.9028839563452312,-4.62
1,0.129239,344,0,458,2186,118,2539,69,153,832,149,100,1,1,0,0,0,0.0,13.1,7.0,9.35,87.5,0.08620563697199048,0.19651963004631726,-1.14
1,0.129239,344,0,458,2186,118,2539,69,153,832,149,100,1,1,0,0,0,0.0,13.1,7.0,9.35,87.5,0.08620563697199048,0.19651963004631726,-14.6
2,0.265042,253,0,475,1369,128,503,116,174,833,155,100,0,5,0,0,0,0.03,16.6,7.0,9.46,97.3,0.4487905424433619,1.1756035304057089,-0.67
2,0.265042,253,0,475,1369,128,503,116,174,833,155,100,0,5,0,0,0,0.03,16.6,7.0,9.46,97.3,0.4487905424433619,1.1756035304057089,-0.55
2,0.265042,253,0,475,1369,128,503,116,174,833,155,100,0,5,0,0,0,0.03,16.6,7.0,9.46,97.3,0.4487905424433619,1.1756035304057089,-1.23
1,0.0680952,34,0,676,2852,109,67,38,193,667,66,90,1,14,0,0,0,0.0,13.8,7.0,9.719755395849626,94.0,0.14895138226882745,0.320245471877979,-37.92
1,0.0680952,34,0,676,2852,109,67,38,193,667,66,90,1,14,0,0,0,0.0,13.8,7.0,9.719755395849626,94.0,0.14895138226882745,0.320245471877979,-2.53
1,0.0680952,34,0,676,2852,109,67,38,193,667,66,90,1,14,0,0,0,0.0,13.8,7.0,9.719755395849626,94.0,0.14895138226882745,0.320245471877979,-8.76
1,0.0669014,16,0,792,2177,176,1918,115,168,691,109,100,0,16,0,0,0,0.673,18.4,6.5,5.88,63.1,0.153683603880511,0.4322351359139372,-3.81
1,0.0669014,16,0,792,2177,176,1918,115,168,691,109,100,0,16,0,0,0,0.673,18.4,6.5,5.88,63.1,0.153683603880511,0.4322351359139372,-2.5
1,0.0933009,16,0,950,1620,172,692,150,179,543,90,90,0,33,0,0,0,4.513,18.4,6.5,5.88,63.1,0.30877274840338753,0.8405480373203329,-3.7
7,7.80822,23,627,385,146,28,3,118,229,189,24,30,43,12,6,0,0,3.373,11.0,7.0,,,1.0334337650721166,2.420443645436731,-13.76
7,7.80822,23,627,385,146,28,3,118,229,189,24,30,43,12,6,0,0,3.373,11.0,7.0,,,1.0334337650721166,2.420443645436731,-1.55
7,7.80822,23,627,385,146,28,3,118,229,189,24,30,43,12,6,0,0,3.373,11.0,7.0,,,1.0334337650721166,2.420443645436731,-5.75
1,0.169029,590,0,178,133,24,74,113,249,1137,40,81,47,20,0,0,0,34.917,19.4,6.5,8.97,98.6,0.246313049944231,0.49185153054901476,-2.37
1,0.169029,590,0,178,133,24,74,113,249,1137,40,81,47,20,0,0,0,34.917,19.4,6.5,8.97,98.6,0.246313049944231,0.49185153054901476,-4.51
1,0.169029,590,0,178,133,24,74,113,249,1137,40,81,47,20,0,0,0,34.917,19.4,6.5,8.97,98.6,0.246313049944231,0.49185153054901476,-4.55
1,0.169029,590,0,178,133,24,74,113,249,1137,40,81,47,20,0,0,0,34.917,19.5,6.5,8.62,95.1,0.246313049944231,0.49185153054901476,-2.24
1,0.169029,590,0,178,133,24,74,113,249,1137,40,81,47,20,0,0,0,34.917,19.5,6.5,8.62,95.1,0.246313049944231,0.49185153054901476,-1.12
1,0.169029,590,0,178,133,24,74,113,249,1137,40,81,47,20,0,0,0,34.917,19.5,6.5,8.62,95.1,0.246313049944231,0.49185153054901476,-3.3
2,0.343469,752,0,251,278,49,33,138,226,1359,64,100,8,2,0,0,0,106.758,22.8,7.5,6.13,71.0,0.614838092635606,0.9624265610056018,-41.85
2,0.343469,752,0,251,278,49,33,138,226,1359,64,100,8,2,0,0,0,106.758,22.8,7.5,6.13,71.0,0.614838092635606,0.9624265610056018,-3.7
2,0.343469,752,0,251,278,49,33,138,226,1359,64,100,8,2,0,0,0,106.758,22.8,7.5,6.13,71.0,0.614838092635606,0.9624265610056018,-32.74
1,0.127298,173,0,326,379,30,60,121,291,866,117,0,33,14,2,0,0,1.287,21.7,7.5,8.62,98.2,0.3110610104963151,0.5184350174938586,-9.16
1,0.127298,173,0,326,379,30,60,121,291,866,117,0,33,14,2,0,0,1.287,21.7,7.5,8.62,98.2,0.3110610104963151,0.5184350174938586,-20.8
5,1.56466,131,495,452,915,47,14,83,184,252,22,37,10,49,27,0,0,523.931,20.0,6.5,,,0.305808438223822,1.6474941803009742,-1.5
5,1.56466,131,495,452,915,47,14,83,184,252,22,37,10,49,27,0,0,523.931,20.0,6.5,,,0.305808438223822,1.6474941803009742,-28.35
5,1.56466,131,495,452,915,47,14,83,184,252,22,37,10,49,27,0,0,523.931,20.0,6.5,,,0.305808438223822,1.6474941803009742,-15.66
3,0.508092,432,0,2,4,0,1,237,92,1313,195,0,0,0,0,0,0,0.0,29.1,7.5,3.9,49.1,0.5779931711499584,0.9573011897171185,-6.27
3,0.508092,432,0,2,4,0,1,237,92,1313,195,0,0,0,0,0,0,0.0,29.1,7.5,3.9,49.1,0.5779931711499584,0.9573011897171185,-9.88
3,0.508092,432,0,2,4,0,1,237,92,1313,195,0,0,0,0,0,0,0.0,29.1,7.5,3.9,49.1,0.5779931711499584,0.9573011897171185,-16.44
1,0.138754,301,0,63,276,14,4,77,307,801,74,0,45,3,1,0,0,31.533,15.7,7.5,,,0.21173181052493922,0.43747528498167587,-6.92
1,0.138754,301,0,63,276,14,4,77,307,801,74,0,45,3,1,0,0,31.533,15.7,7.5,,,0.21173181052493922,0.43747528498167587,-10.08
2,0.173638,121,0,104,897,83,80,-119,396,228,38,0,0,0,0,0,99,0.0,8.5,6.5,10.26,97.2,0.6867963403566435,0.5886825774485516,-11.03
1,0.134025,115,0,109,856,81,126,-118,394,225,36,0,0,0,0,0,99,0.005,9.6,6.5,12.44,108.2,0.721344425213556,0.5717157054324159,-0.88
1,0.134025,115,0,109,856,81,126,-118,394,225,36,0,0,0,0,0,99,0.005,9.6,6.5,12.44,108.2,0.721344425213556,0.5717157054324159,-2.54
1,0.135738,130,0,83,799,58,116,-116,399,227,38,0,0,0,0,0,99,0.0,9.6,6.5,12.44,108.2,0.7472755975337995,0.6822951107917299,-1.93
1,0.119861,236,0,310,493,111,281,-49,396,303,45,90,0,0,0,0,50,1.156,4.5,6.5,12.9,101.0,0.3651799416617498,0.5145717359779202,-0.94
1,0.119861,236,0,310,493,111,281,-49,396,303,45,90,0,0,0,0,50,1.156,4.5,6.5,12.9,101.0,0.3651799416617498,0.5145717359779202,-16.33
1,0.104159,268,0,86,184,40,86,-30,389,307,46,60,0,0,5,0,22,210.244,4.5,6.5,12.9,101.0,0.09693596194940372,0.0947818294616392,-0.67
2,0.600553,681,0,594,509,116,108,65,259,1088,47,100,4,4,0,0,0,11.976,20.3,6.5,,,0.356950299208339,1.117827407590621,-4.71
2,0.600553,681,0,594,509,116,108,65,259,1088,47,100,4,4,0,0,0,11.976,20.3,6.5,,,0.356950299208339,1.117827407590621,-16.51
2,0.600553,681,0,594,509,116,108,65,259,1088,47,100,4,4,0,0,0,11.976,20.3,6.5,,,0.356950299208339,1.117827407590621,-5.16
1,0.141786,887,0,620,260,51,0,82,262,1243,24,100,1,1,0,0,0,86.677,22.78,6.5,,,0.10992030777686176,0.15338879312498438,-6.05
5,1.37685,868,374,241,79,37,8,94,264,1183,24,100,4,1,2,0,0,246.714,22.78,6.5,,,0.8165810105129724,1.0938497503800562,-13.52
5,1.37685,868,374,241,79,37,8,94,264,1183,24,100,4,1,2,0,0,246.714,22.78,6.5,,,0.8165810105129724,1.0938497503800562,-5.06
2,0.705442,187,0,49,743,46,16,87,203,526,50,0,81,1,1,0,0,2168.388,20.1,7.5,,,0.4932690453230473,1.1869623915139826,-10.88
1,0.152503,361,0,371,934,108,196,65,232,630,62,94,0,1,0,0,0,0.687,11.0,6.5,,,0.2890264283831208,0.5840994347658885,-15.0
1,0.152503,361,0,371,934,108,196,65,232,630,62,94,0,1,0,0,0,0.687,11.0,6.5,,,0.2890264283831208,0.5840994347658885,-6.92
2,0.162217,24,0,1021,263,73,62,111,220,209,27,53,45,9,34,0,0,17.348,25.6,8.0,13.31,161.9,0.2514621306142977,0.9287875469463575,-5.24
2,0.162217,24,0,1021,263,73,62,111,220,209,27,53,45,9,34,0,0,17.348,25.6,8.0,13.31,161.9,0.2514621306142977,0.9287875469463575,-1.84
2,0.162217,24,0,1021,263,73,62,111,220,209,27,53,45,9,34,0,0,17.348,25.6,8.0,13.31,161.9,0.2514621306142977,0.9287875469463575,-1.12
4,1.50254,201,231,70,2351,16,42,31,281,309,24,100,7,44,22,0,0,434.211,14.2,7.5,,,0.3878904795020464,1.588400317787715,-0.1
4,1.50254,201,231,70,2351,16,42,31,281,309,24,100,7,44,22,0,0,434.211,14.2,7.5,,,0.3878904795020464,1.588400317787715,-6.32
4,1.50254,201,231,70,2351,16,42,31,281,309,24,100,7,44,22,0,0,434.211,14.2,7.5,,,0.3878904795020464,1.588400317787715,-0.1
6,1.89367,193,3746,157,165,13,11,201,196,813,73,51,11,10,0,0,0,1911.477,24.0,7.5,,,1.0734465733884058,1.1981860426177784,-0.39
6,1.89367,193,3746,157,165,13,11,201,196,813,73,51,11,10,0,0,0,1911.477,24.0,7.5,,,1.0734465733884058,1.1981860426177784,-0.64
6,1.89367,193,3746,157,165,13,11,201,196,813,73,51,11,10,0,0,0,1911.477,24.0,7.5,,,1.0734465733884058,1.1981860426177784,-0.52
2,0.485342,495,0,354,289,64,13,98,252,975,40,85,26,2,0,0,0,11.971,23.5,7.7,6.842986555712364,80.7,0.4120079618672038,1.1652630453632984,-22.97
1,0.222994,504,0,496,406,89,156,91,251,995,42,97,25,2,0,0,0,2.741,23.5,7.7,6.842986555712364,80.7,0.32634032634032634,0.9247721974994704,-21.19
2,0.485342,495,0,354,289,64,13,98,252,975,40,85,26,2,0,0,0,11.971,23.5,7.7,6.842986555712364,80.7,0.4120079618672038,1.1652630453632984,-7.67
6,1.99947,20,1571,25,1525,4,13,135,239,221,31,36,2,3,3,0,0,363.601,31.2,6.5,,,0.7132520442683985,1.6078213453921086,-0.83
2,0.441918,1363,0,679,736,178,212,84,165,1892,295,100,0,2,0,0,0,0.237,14.7,6.0,,,0.7654460722886,1.1136648437635346,-0.85
1,0.19709,878,0,420,204,125,132,112,82,1167,209,100,0,0,0,0,0,0.357,15.0,6.5,,,0.31119015632018143,0.8258120653156917,-0.3
1,0.19709,878,0,420,204,125,132,112,82,1167,209,100,0,0,0,0,0,0.357,15.0,6.5,,,0.31119015632018143,0.8258120653156917,-0.32
1,0.19709,878,0,420,204,125,132,112,82,1167,209,100,0,0,0,0,0,0.357,15.0,6.5,,,0.31119015632018143,0.8258120653156917,-0.43
1,0.168109,863,0,435,179,85,43,111,79,1162,208,100,0,2,0,0,0,9.99,16.0,6.5,,,0.16549515081412938,0.4413204021710117,-0.47
1,0.168109,863,0,435,179,85,43,111,79,1162,208,100,0,2,0,0,0,9.99,16.0,6.5,,,0.16549515081412938,0.4413204021710117,-0.53
1,0.168109,863,0,435,179,85,43,111,79,1162,208,100,0,2,0,0,0,9.99,16.0,6.5,,,0.16549515081412938,0.4413204021710117,-1.04
2,0.260894,92,0,559,2529,98,267,38,208,487,33,100,0,7,0,0,0,20.428,11.5,7.0,,,0.33792943181378055,1.0041055036988265,-14.41
2,0.260894,92,0,559,2529,98,267,38,208,487,33,100,0,7,0,0,0,20.428,11.5,7.0,,,0.33792943181378055,1.0041055036988265,-25.2
2,0.260894,92,0,559,2529,98,267,38,208,487,33,100,0,7,0,0,0,20.428,11.5,7.0,,,0.33792943181378055,1.0041055036988265,-5.27
1,0.151134,796,0,128,49,20,0,92,257,1114,28,40,0,0,0,0,0,671.113,18.5,6.0,8.19,87.4,0.09265585854193842,0.13976023355487918,-1.01
1,0.151134,796,0,128,49,20,0,92,257,1114,28,40,0,0,0,0,0,671.113,18.5,6.0,8.19,87.4,0.09265585854193842,0.13976023355487918,-1.1
1,0.151134,796,0,128,49,20,0,92,257,1114,28,40,0,0,0,0,0,671.113,18.5,6.0,8.19,87.4,0.09265585854193842,0.13976023355487918,-6.59
2,0.361289,794,0,66,24,13,22,91,259,1145,41,100,10,2,1,0,0,158.89,16.9,6.5,6.41,66.2,0.684415898339031,1.0511412686902173,-25.45
2,0.361289,794,0,66,24,13,22,91,259,1145,41,100,10,2,1,0,0,158.89,16.9,6.5,6.41,66.2,0.684415898339031,1.0511412686902173,-24.44
7,7.80822,23,627,385,146,28,3,118,229,189,24,30,43,12,6,0,0,3.373,11.0,6.5,,,1.0334337650721166,2.420443645436731,-1.7
7,7.80822,23,627,385,146,28,3,118,229,189,24,30,43,12,6,0,0,3.373,11.0,6.5,,,1.0334337650721166,2.420443645436731,-1.0
7,7.80822,23,627,385,146,28,3,118,229,189,24,30,43,12,6,0,0,3.373,11.0,6.5,,,1.0334337650721166,2.420443645436731,-1.66
7,7.80147,51,627,63,120,7,6,118,239,177,24,58,2,28,0,0,0,0.003,11.0,6.5,,,1.0348971714790807,2.4226305244549207,-1.33
7,7.80147,51,627,63,120,7,6,118,239,177,24,58,2,28,0,0,0,0.003,11.0,6.5,,,1.0348971714790807,2.4226305244549207,-0.24
7,7.80147,51,627,63,120,7,6,118,239,177,24,58,2,28,0,0,0,0.003,11.0,6.5,,,1.0348971714790807,2.4226305244549207,-0.42
7,7.79044,49,627,166,130,12,3,117,239,178,23,25,2,28,0,0,0,0.003,14.0,6.5,,,1.0333346081318415,2.418950174009997,-5.04
7,7.79044,49,627,166,130,12,3,117,239,178,23,25,2,28,0,0,0,0.003,14.0,6.5,,,1.0333346081318415,2.418950174009997,-3.91
7,7.79044,49,627,166,130,12,3,117,239,178,23,25,2,28,0,0,0,0.003,14.0,6.5,,,1.0333346081318415,2.418950174009997,-7.06
4,0.715861,74,362,773,1766,130,83,79,231,375,53,100,11,28,1,0,0,3.873,18.0,6.5,,,0.3601229573828461,1.2422028692659923,-1.68
4,0.715861,74,362,773,1766,130,83,79,231,375,53,100,11,28,1,0,0,3.873,18.0,6.5,,,0.3601229573828461,1.2422028692659923,-1.23
4,0.715861,74,362,773,1766,130,83,79,231,375,53,100,11,28,1,0,0,3.873,18.0,6.5,,,0.3601229573828461,1.2422028692659923,-1.6
6,2.01581,14,1554,258,1527,10,6,132,237,221,31,35,13,49,19,0,0,60.092,22.7,8.11,6.66,76.9,0.6965204770204492,1.6162773271580988,-1.02
6,2.01581,14,1554,258,1527,10,6,132,237,221,31,35,13,49,19,0,0,60.092,22.7,8.11,6.66,76.9,0.6965204770204492,1.6162773271580988,-6.42
6,2.01581,14,1554,258,1527,10,6,132,237,221,31,35,13,49,19,0,0,60.092,22.7,8.11,6.66,76.9,0.6965204770204492,1.6162773271580988,-11.16
3,0.516599,483,0,123,31,20,36,129,244,1057,35,0,0,0,0,0,0,2600.23,27.0,6.5,,,0.6610729190442188,0.8759163827564039,-6.42
1,0.171086,503,0,96,31,16,35,131,239,1072,40,100,13,1,0,0,0,57.396,31.4,7.0,,,0.5067368153762883,0.6336994460419957,-11.47
1,0.171086,503,0,96,31,16,35,131,239,1072,40,100,13,1,0,0,0,57.396,31.4,7.0,,,0.5067368153762883,0.6336994460419957,-9.65
1,0.171086,503,0,96,31,16,35,131,239,1072,40,100,13,1,0,0,0,57.396,31.4,7.0,,,0.5067368153762883,0.6336994460419957,-27.96
4,1.03364,338,0,2,217,3,5,106,284,932,64,0,92,1,1,0,0,10.092,25.4,7.5,,,0.41012371263861136,1.3413175023900983,-4.75
4,1.03364,338,0,2,217,3,5,106,284,932,64,0,92,1,1,0,0,10.092,25.4,7.5,,,0.41012371263861136,1.3413175023900983,-7.29
4,1.03364,338,0,2,217,3,5,106,284,932,64,0,92,1,1,0,0,10.092,25.4,7.5,,,0.41012371263861136,1.3413175023900983,-23.77
1,0.252647,787,0,405,582,111,361,44,275,1206,38,100,0,1,0,0,0,2.816,17.2,6.0,,,0.5470102947848703,1.0141417497939127,-1.07
1,0.252647,787,0,405,582,111,361,44,275,1206,38,100,0,1,0,0,0,2.816,17.2,6.0,,,0.5470102947848703,1.0141417497939127,-1.33
1,0.252647,787,0,405,582,111,361,44,275,1206,38,100,0,1,0,0,0,2.816,17.2,6.0,,,0.5470102947848703,1.0141417497939127,-0.75
3,0.826142,157,0,718,1196,153,62,78,240,511,66,42,1,27,0,0,0,24.197,,7.0,,,0.5237606727142015,1.2829066940232798,-1.34
3,0.826142,157,0,718,1196,153,62,78,240,511,66,42,1,27,0,0,0,24.197,,7.0,,,0.5237606727142015,1.2829066940232798,-2.35
3,0.826142,157,0,718,1196,153,62,78,240,511,66,42,1,27,0,0,0,24.197,,7.0,,,0.5237606727142015,1.2829066940232798,-2.79
1,0.196017,220,0,541,1815,143,424,74,246,618,43,60,12,8,1,0,0,754.728,11.5,8.0,,,0.34980449975788325,0.9843672079963576,-4.63
1,0.196017,220,0,541,1815,143,424,74,246,618,43,60,12,8,1,0,0,754.728,11.5,8.0,,,0.34980449975788325,0.9843672079963576,-0.93
1,0.196017,220,0,541,1815,143,424,74,246,618,43,60,12,8,1,0,0,754.728,11.5,8.0,,,0.34980449975788325,0.9843672079963576,-16.92
1,0.120973,106,0,829,1868,104,653,45,219,448,40,99,2,94,0,0,0,0.002,17.1,7.25,,,0.06344553265761683,0.350892639800289,-11.56
1,0.120973,106,0,829,1868,104,653,45,219,448,40,99,2,94,0,0,0,0.002,17.1,7.25,,,0.06344553265761683,0.350892639800289,-10.94
1,0.218843,465,0,255,635,33,49,111,220,989,31,59,26,21,0,0,0,861.629,20.8,7.0,9.95,118.6,0.4334350380437297,0.9503390045274352,-16.51
1,0.120339,457,0,15,9,6,0,147,220,1058,36,40,100,0,10,0,0,25.496,22.9,6.5,5.8,65.0,0.0649228487850943,0.08336683991722336,-13.31
1,0.120339,457,0,15,9,6,0,147,220,1058,36,40,100,0,10,0,0,25.496,22.9,6.5,5.8,65.0,0.0649228487850943,0.08336683991722336,-1.19
1,0.120339,457,0,15,9,6,0,147,220,1058,36,40,100,0,10,0,0,25.496,22.9,6.5,5.8,65.0,0.0649228487850943,0.08336683991722336,-1.5
4,0.93274,136,0,37,1354,3,22,89,272,464,33,26,38,3,51,0,0,299.058,16.9,8.49,12.18682522235462,126.0,0.34803989038901884,1.374016191393786,-18.48
4,0.93274,136,0,37,1354,3,22,89,272,464,33,26,38,3,51,0,0,299.058,16.9,8.49,12.18682522235462,126.0,0.34803989038901884,1.374016191393786,-8.77
2,0.21507,81,0,794,2441,130,335,20,233,518,21,100,8,16,0,0,0,0.0,10.34,8.31,11.422737501053934,102.1,0.2030257384242583,0.9589925432482247,-7.56
2,0.21507,81,0,794,2441,130,335,20,233,518,21,100,8,16,0,0,0,0.0,10.34,8.31,11.422737501053934,102.1,0.2030257384242583,0.9589925432482247,-5.3
2,0.21507,81,0,794,2441,130,335,20,233,518,21,100,8,16,0,0,0,0.0,10.34,8.31,11.422737501053934,102.1,0.2030257384242583,0.9589925432482247,-9.37
5,2.62123,429,43,301,195,40,11,117,259,1054,48,85,14,3,1,0,0,73.109,27.3,7.5,,,0.6067303784041004,1.6624599736296855,-1.75
5,2.62123,429,43,301,195,40,11,117,259,1054,48,85,14,3,1,0,0,73.109,27.3,7.5,,,0.6067303784041004,1.6624599736296855,-2.77
5,2.62123,429,43,301,195,40,11,117,259,1054,48,85,14,3,1,0,0,73.109,27.3,7.5,,,0.6067303784041004,1.6624599736296855,-1.36
2,0.329494,207,0,489,3083,157,123,-2,239,571,26,97,1,23,1,0,7,2.72,14.2,7.24,7.6,71.5,0.3329487522406173,1.2910746579690127,-12.08
2,0.329494,207,0,489,3083,157,123,-2,239,571,26,97,1,23,1,0,7,2.72,14.2,7.24,7.6,71.5,0.3329487522406173,1.2910746579690127,-2.67
2,0.329494,207,0,489,3083,157,123,-2,239,571,26,97,1,23,1,0,7,2.72,14.2,7.24,7.6,71.5,0.3329487522406173,1.2910746579690127,-1.43
2,0.705442,187,0,49,743,46,16,87,203,526,50,0,81,1,1,0,0,2168.388,8.66,6.5,10.25,87.93,0.4932690453230473,1.1869623915139826,-12.773
2,0.705442,187,0,49,743,46,16,87,203,526,50,0,81,1,1,0,0,2168.388,8.66,6.5,10.25,87.93,0.4932690453230473,1.1869623915139826,-13.36
2,0.705442,187,0,49,743,46,16,87,203,526,50,0,81,1,1,0,0,2168.388,8.66,6.5,10.25,87.93,0.4932690453230473,1.1869623915139826,-12.44
2,0.275159,429,0,134,97,26,38,127,243,1005,31,100,1,0,3,0,0,146.491,19.95,6.5,9.42,103.51,0.6029664567514101,0.8370694793583332,-22.52
2,0.275159,429,0,134,97,26,38,127,243,1005,31,100,1,0,3,0,0,146.491,19.95,6.5,9.42,103.51,0.6029664567514101,0.8370694793583332,-44.829
2,0.275159,429,0,134,97,26,38,127,243,1005,31,100,1,0,3,0,0,146.491,19.95,6.5,9.42,103.51,0.6029664567514101,0.8370694793583332,-29.4
2,0.518305,442,0,456,244,76,59,106,254,1047,30,100,26,4,1,0,0,180.212,14.93,6.5,9.42,93.22,0.4337158606359989,1.098662793483167,-1.856
2,0.518305,442,0,456,244,76,59,106,254,1047,30,100,26,4,1,0,0,180.212,14.93,6.5,9.42,93.22,0.4337158606359989,1.098662793483167,-2.291
2,0.518305,442,0,456,244,76,59,106,254,1047,30,100,26,4,1,0,0,180.212,14.93,6.5,9.42,93.22,0.4337158606359989,1.098662793483167,-2.735
3,0.969993,692,0,298,317,78,31,72,270,1119,35,100,8,0,0,0,0,262.081,14.89,6.5,11.31,111.85,0.5623373387964529,1.153774800036044,-1.998
3,0.969993,692,0,298,317,78,31,72,270,1119,35,100,8,0,0,0,0,262.081,14.89,6.5,11.31,111.85,0.5623373387964529,1.153774800036044,-4.957
3,0.969993,692,0,298,317,78,31,72,270,1119,35,100,8,0,0,0,0,262.081,14.89,6.5,11.31,111.85,0.5623373387964529,1.153774800036044,-2.73
4,1.5834,922,0,72,17,10,11,98,135,948,98,0,44,5,13,0,0,450.464,5.31,6.3,11.04,87.15,1.1690567660152835,1.2090169618462479,-0.337
4,1.5834,922,0,72,17,10,11,98,135,948,98,0,44,5,13,0,0,450.464,5.31,6.3,11.04,87.15,1.1690567660152835,1.2090169618462479,-0.502
4,1.5834,922,0,72,17,10,11,98,135,948,98,0,44,5,13,0,0,450.464,5.31,6.3,11.04,87.15,1.1690567660152835,1.2090169618462479,-0.711
4,1.05476,296,142,1,1429,2,10,98,201,284,40,20,100,0,93,0,0,1.683,17.8,7.5,7.63,80.23,0.7277055889432573,1.3360581911649292,-31.6
4,1.05476,296,142,1,1429,2,10,98,201,284,40,20,100,0,93,0,0,1.683,17.8,7.5,7.63,80.23,0.7277055889432573,1.3360581911649292,-11.467
4,1.05476,296,142,1,1429,2,10,98,201,284,40,20,100,0,93,0,0,1.683,17.8,7.5,7.63,80.23,0.7277055889432573,1.3360581911649292,-134.6
5,3.01622,278,1152,15,13,0,2,165,183,499,99,88,55,10,77,0,0,7.791,13.15,6.5,10.53,100.23,0.8116245049166295,1.9452172052214851,-0.582
5,3.01622,278,1152,15,13,0,2,165,183,499,99,88,55,10,77,0,0,7.791,13.15,6.5,10.53,100.23,0.8116245049166295,1.9452172052214851,-0.484
5,3.01622,278,1152,15,13,0,2,165,183,499,99,88,55,10,77,0,0,7.791,13.15,6.5,10.53,100.23,0.8116245049166295,1.9452172052214851,-1.877
2,0.443779,163,0,28,187,6,53,181,122,284,47,1,37,8,48,0,0,560.795,29.98,9.5,18.88,249.65,0.3064108168873345,1.1862197102173369,-28.36
2,0.443779,163,0,28,187,6,53,181,122,284,47,1,37,8,48,0,0,560.795,29.98,9.5,18.88,249.65,0.3064108168873345,1.1862197102173369,-3.64
2,0.443779,163,0,28,187,6,53,181,122,284,47,1,37,8,48,0,0,560.795,29.98,9.5,18.88,249.65,0.3064108168873345,1.1862197102173369,-30.84
5,1.50454,487,0,14,14,5,0,173,196,1234,87,4,21,1,0,0,0,127.834,25.62,6.5,6.36,77.85,1.0284795551796615,0.9266532126378549,-1.79
5,1.50454,487,0,14,14,5,0,173,196,1234,87,4,21,1,0,0,0,127.834,25.62,6.5,6.36,77.85,1.0284795551796615,0.9266532126378549,-1.108
5,1.50454,487,0,14,14,5,0,173,196,1234,87,4,21,1,0,0,0,127.834,25.62,6.5,6.36,77.85,1.0284795551796615,0.9266532126378549,-1.535
3,0.800472,697,0,328,242,53,29,78,267,1032,36,100,5,5,0,0,0,31.026,24.95,6.5,8.49,102.7,0.5496860114387434,1.0862685632344944,-25.72
3,0.800472,697,0,328,242,53,29,78,267,1032,36,100,5,5,0,0,0,31.026,24.95,6.5,8.49,102.7,0.5496860114387434,1.0862685632344944,-22.08
3,0.800472,697,0,328,242,53,29,78,267,1032,36,100,5,5,0,0,0,31.026,24.95,6.5,8.49,102.7,0.5496860114387434,1.0862685632344944,-28.15
3,0.561562,664,0,345,326,107,108,73,271,1073,41,100,5,2,0,0,0,32.56,22.49,6.5,10.32,119.16,0.45358038988612237,0.9883139443069958,-10.648
3,0.561562,664,0,345,326,107,108,73,271,1073,41,100,5,2,0,0,0,32.56,22.49,6.5,10.32,119.16,0.45358038988612237,0.9883139443069958,-9.33
3,0.561562,664,0,345,326,107,108,73,271,1073,41,100,5,2,0,0,0,32.56,22.49,6.5,10.32,119.16,0.45358038988612237,0.9883139443069958,-6.988
4,1.37035,231,0,7,200,1,9,98,271,881,51,0,71,1,0,0,0,24.683,24.56,7.0,8.56,102.8,0.5659472313543772,1.3534042134367499,-10.658
4,1.37035,231,0,7,200,1,9,98,271,881,51,0,71,1,0,0,0,24.683,24.56,7.0,8.56,102.8,0.5659472313543772,1.3534042134367499,-9.787
4,1.37035,231,0,7,200,1,9,98,271,881,51,0,71,1,0,0,0,24.683,24.56,7.0,8.56,102.8,0.5659472313543772,1.3534042134367499,-11.124
4,1.35167,477,0,17,11,6,5,160,204,1279,79,8,34,2,1,0,0,99.739,27.92,6.5,5.15,65.74,1.013842986061942,1.033357768509646,-12.8
4,1.35167,477,0,17,11,6,5,160,204,1279,79,8,34,2,1,0,0,99.739,27.92,6.5,5.15,65.74,1.013842986061942,1.033357768509646,-15.22
4,1.35167,477,0,17,11,6,5,160,204,1279,79,8,34,2,1,0,0,99.739,27.92,6.5,5.15,65.74,1.013842986061942,1.033357768509646,-8.813
2,0.279864,129,0,415,3195,105,201,0,218,556,28,91,0,1,1,0,6,141.195,11.05,6.5,7.86,71.4,0.27614223980563835,0.9671616427808054,-11.568
2,0.279864,129,0,415,3195,105,201,0,218,556,28,91,0,1,1,0,6,141.195,11.05,6.5,7.86,71.4,0.27614223980563835,0.9671616427808054,-9.134
2,0.279864,129,0,415,3195,105,201,0,218,556,28,91,0,1,1,0,6,141.195,11.05,6.5,7.86,71.4,0.27614223980563835,0.9671616427808054,-6.185
6,1.97875,207,72,36,184,3,4,86,281,769,64,0,24,1,0,0,0,1055.878,26.1,7.2,11.35,140.2,0.9810025269558739,1.1339991341904179,-0.04
6,1.97875,207,72,36,184,3,4,86,281,769,64,0,24,1,0,0,0,1055.878,26.1,7.2,11.35,140.2,0.9810025269558739,1.1339991341904179,-10.88
6,1.97875,207,72,36,184,3,4,86,281,769,64,0,24,1,0,0,0,1055.878,26.1,7.2,11.35,140.2,0.9810025269558739,1.1339991341904179,-0.12
5,1.84787,252,0,490,1595,139,25,57,231,463,54,91,6,36,2,0,0,11.205,0.38,6.0,11.69,80.84,0.8940084835001502,1.4501253055472785,-0.676
5,1.84787,252,0,490,1595,139,25,57,231,463,54,91,6,36,2,0,0,11.205,0.38,6.0,11.69,80.84,0.8940084835001502,1.4501253055472785,-0.782
5,1.84787,252,0,490,1595,139,25,57,231,463,54,91,6,36,2,0,0,11.205,0.38,6.0,11.69,80.84,0.8940084835001502,1.4501253055472785,-0.685
6,2.22074,21,1900,107,1014,15,0,92,284,426,69,0,35,39,4,0,0,3.976,20.47,8.0,8.26,91.71,0.5607933267972806,1.7104100033751746,-0.515
6,2.22074,21,1900,107,1014,15,0,92,284,426,69,0,35,39,4,0,0,3.976,20.47,8.0,8.26,91.71,0.5607933267972806,1.7104100033751746,-0.482
6,2.22074,21,1900,107,1014,15,0,92,284,426,69,0,35,39,4,0,0,3.976,20.47,8.0,8.26,91.71,0.5607933267972806,1.7104100033751746,-0.247
2,0.454634,460,0,2,2,2,12,174,196,1287,95,100,8,1,1,0,0,367.817,30.16,6.5,4.36,57.87,0.7669969014436772,0.6471536355931026,-5.432
2,0.454634,460,0,2,2,2,12,174,196,1287,95,100,8,1,1,0,0,367.817,30.16,6.5,4.36,57.87,0.7669969014436772,0.6471536355931026,-6.187
2,0.454634,460,0,2,2,2,12,174,196,1287,95,100,8,1,1,0,0,367.817,30.16,6.5,4.36,57.87,0.7669969014436772,0.6471536355931026,-4.584
5,0.706993,15,0,31,654,6,20,206,204,309,50,0,1,57,7,0,0,251.05,32.44,7.0,4.87,67.11,0.4507088691064952,1.2091988130563798,-1.548
5,0.706993,15,0,31,654,6,20,206,204,309,50,0,1,57,7,0,0,251.05,32.44,7.0,4.87,67.11,0.4507088691064952,1.2091988130563798,-1.113
5,0.706993,15,0,31,654,6,20,206,204,309,50,0,1,57,7,0,0,251.05,32.44,7.0,4.87,67.11,0.4507088691064952,1.2091988130563798,-1.548
6,3.09366,1136,168,11,68,6,41,112,146,1094,179,64,68,32,11,0,0,420.967,15.67,6.25,9.42,94.79,1.2448682052386553,1.7416557597044349,-1.688
6,3.09366,1136,168,11,68,6,41,112,146,1094,179,64,68,32,11,0,0,420.967,15.67,6.25,9.42,94.79,1.2448682052386553,1.7416557597044349,-1.269
6,3.09366,1136,168,11,68,6,41,112,146,1094,179,64,68,32,11,0,0,420.967,15.67,6.25,9.42,94.79,1.2448682052386553,1.7416557597044349,-2.497
2,0.458276,1159,0,10,73,8,18,112,146,1108,184,100,54,36,9,0,0,1928.633,19.14,6.25,8.31,89.78,0.5485605390321923,1.0607091812427687,-37.0
2,0.458276,1159,0,10,73,8,18,112,146,1108,184,100,54,36,9,0,0,1928.633,19.14,6.25,8.31,89.78,0.5485605390321923,1.0607091812427687,-26.4
2,0.458276,1159,0,10,73,8,18,112,146,1108,184,100,54,36,9,0,0,1928.633,19.14,6.25,8.31,89.78,0.5485605390321923,1.0607091812427687,-36.64
1,0.15764,516,0,142,299,18,21,160,206,1285,67,15,0,0,0,0,0,984.224,23.66,6.0,7.27,85.82,0.2531757927630053,0.4831522100935439,-1.334
1,0.15764,516,0,142,299,18,21,160,206,1285,67,15,0,0,0,0,0,984.224,23.66,6.0,7.27,85.82,0.2531757927630053,0.4831522100935439,-1.387
1,0.15764,516,0,142,299,18,21,160,206,1285,67,15,0,0,0,0,0,984.224,23.66,6.0,7.27,85.82,0.2531757927630053,0.4831522100935439,-1.432
2,0.537201,517,0,24,12,4,7,203,171,1260,99,48,35,53,4,0,0,60.595,32.93,7.5,10.96,152.38,0.836275916347703,0.8512755898842201,-12.76
2,0.537201,517,0,24,12,4,7,203,171,1260,99,48,35,53,4,0,0,60.595,32.93,7.5,10.96,152.38,0.836275916347703,0.8512755898842201,-27.64
2,0.537201,517,0,24,12,4,7,203,171,1260,99,48,35,53,4,0,0,60.595,32.93,7.5,10.96,152.38,0.836275916347703,0.8512755898842201,-47.92
5,1.55837,371,122,32,11,3,12,210,170,1062,103,69,48,38,3,0,0,27.287,33.25,8.0,8.1,113.29,1.187652188992536,1.3126187706380916,-11.74
5,1.55837,371,122,32,11,3,12,210,170,1062,103,69,48,38,3,0,0,27.287,33.25,8.0,8.1,113.29,1.187652188992536,1.3126187706380916,-8.204
5,1.55837,371,122,32,11,3,12,210,170,1062,103,69,48,38,3,0,0,27.287,33.25,8.0,8.1,113.29,1.187652188992536,1.3126187706380916,-11.376
5,1.08914,74,1810,6,275,1,3,52,360,527,76,0,70,0,1,0,0,992.877,15.02,7.6,9.38,93.04,1.2914360171374577,0.44478865096452136,-0.56
5,1.08914,74,1810,6,275,1,3,52,360,527,76,0,70,0,1,0,0,992.877,15.02,7.6,9.38,93.04,1.2914360171374577,0.44478865096452136,-2.16
5,1.08914,74,1810,6,275,1,3,52,360,527,76,0,70,0,1,0,0,992.877,15.02,7.6,9.38,93.04,1.2914360171374577,0.44478865096452136,-0.2
5,0.672827,14,0,17,594,1,24,208,206,312,48,0,7,46,31,0,0,46.27,28.8,7.5,6.33,82.03,0.4718321972063043,1.0968378552094367,-1.166
5,0.672827,14,0,17,594,1,24,208,206,312,48,0,7,46,31,0,0,46.27,28.8,7.5,6.33,82.03,0.4718321972063043,1.0968378552094367,-0.786
5,0.672827,14,0,17,594,1,24,208,206,312,48,0,7,46,31,0,0,46.27,28.8,7.5,6.33,82.03,0.4718321972063043,1.0968378552094367,-0.578
7,5.96785,551,168,55,187,8,13,43,281,879,51,0,10,1,0,0,0,823.269,20.7,6.5,6.22,69.32,1.7771932817601555,1.3134641291878697,-24.92
7,5.96785,551,168,55,187,8,13,43,281,879,51,0,10,1,0,0,0,823.269,20.7,6.5,6.22,69.32,1.7771932817601555,1.3134641291878697,-33.12
7,5.96785,551,168,55,187,8,13,43,281,879,51,0,10,1,0,0,0,823.269,20.7,6.5,6.22,69.32,1.7771932817601555,1.3134641291878697,-33.04
5,1.94611,234,44,226,262,29,15,70,339,780,93,32,18,4,1,0,0,74.601,7.86,6.5,13.12,110.39,1.5293957527890134,0.508657318209077,-26.4
5,1.94611,234,44,226,262,29,15,70,339,780,93,32,18,4,1,0,0,74.601,7.86,6.5,13.12,110.39,1.5293957527890134,0.508657318209077,-17.52
5,1.94611,234,44,226,262,29,15,70,339,780,93,32,18,4,1,0,0,74.601,7.86,6.5,13.12,110.39,1.5293957527890134,0.508657318209077,-19.68
2,0.47168,885,0,252,59,44,28,101,249,1187,25,100,4,1,0,0,0,914.285,10.8,6.5,9.86,89.03,0.7078918960230041,0.8394075744114435,-1.666
2,0.47168,885,0,252,59,44,28,101,249,1187,25,100,4,1,0,0,0,914.285,10.8,6.5,9.86,89.03,0.7078918960230041,0.8394075744114435,-1.827
2,0.47168,885,0,252,59,44,28,101,249,1187,25,100,4,1,0,0,0,914.285,10.8,6.5,9.86,89.03,0.7078918960230041,0.8394075744114435,-2.315
1,0.223965,789,0,377,121,30,82,93,247,1248,29,100,3,0,1,0,0,62.757,10.06,6.0,6.51,57.77,0.6926203759074084,0.8379571105240448,-1.123
1,0.223965,789,0,377,121,30,82,93,247,1248,29,100,3,0,1,0,0,62.757,10.06,6.0,6.51,57.77,0.6926203759074084,0.8379571105240448,-1.423
1,0.223965,789,0,377,121,30,82,93,247,1248,29,100,3,0,1,0,0,62.757,10.06,6.0,6.51,57.77,0.6926203759074084,0.8379571105240448,-1.365
6,1.89367,193,3746,157,165,13,11,201,196,813,73,51,11,10,0,0,0,1911.477,24.59,7.5,9.88,118.65,1.0734465733884058,1.1981860426177784,-4.608
6,1.89367,193,3746,157,165,13,11,201,196,813,73,51,11,10,0,0,0,1911.477,24.59,7.5,9.88,118.65,1.0734465733884058,1.1981860426177784,-2.521
6,1.89367,193,3746,157,165,13,11,201,196,813,73,51,11,10,0,0,0,1911.477,24.59,7.5,9.88,118.65,1.0734465733884058,1.1981860426177784,-2.011
9,12.7075,712,484,20,11,3,0,194,177,1517,71,2,4,0,0,0,0,424.184,22.7,7.75,8.1,93.9,1.7512733987943674,2.217051650220057,-0.36
9,12.7075,712,484,20,11,3,0,194,177,1517,71,2,4,0,0,0,0,424.184,22.7,7.75,8.1,93.9,1.7512733987943674,2.217051650220057,-20.36
5,2.65794,507,53,437,586,102,6,114,225,936,38,91,7,7,0,0,0,57.381,15.97,6.0,9.8,99.22,0.81275615120734,1.469805766413955,-20.3
5,2.65794,507,53,437,586,102,6,114,225,936,38,91,7,7,0,0,0,57.381,15.97,6.0,9.8,99.22,0.81275615120734,1.469805766413955,-15.853
5,2.65794,507,53,437,586,102,6,114,225,936,38,91,7,7,0,0,0,57.381,15.97,6.0,9.8,99.22,0.81275615120734,1.469805766413955,-12.92
1,0.169043,512,0,169,648,58,116,112,219,1011,35,18,24,17,0,0,0,20.759,14.49,6.0,9.95,97.59,0.2821943891774176,0.5444356397261289,-3.386
1,0.169043,512,0,169,648,58,116,112,219,1011,35,18,24,17,0,0,0,20.759,14.49,6.0,9.95,97.59,0.2821943891774176,0.5444356397261289,-2.462
1,0.169043,512,0,169,648,58,116,112,219,1011,35,18,24,17,0,0,0,20.759,14.49,6.0,9.95,97.59,0.2821943891774176,0.5444356397261289,-2.441
1,0.186982,690,0,548,279,54,176,72,269,1178,24,83,4,1,0,0,0,14.043,1.8,7.0,12.88,92.59,0.4971656560962753,0.7669842031233995,-1.923
1,0.186982,690,0,548,279,54,176,72,269,1178,24,83,4,1,0,0,0,14.043,1.8,7.0,12.88,92.59,0.4971656560962753,0.7669842031233995,-2.042
1,0.186982,690,0,548,279,54,176,72,269,1178,24,83,4,1,0,0,0,14.043,1.8,7.0,12.88,92.59,0.4971656560962753,0.7669842031233995,-3.32
1,0.186982,690,0,548,279,54,176,72,269,1178,24,83,4,1,0,0,0,14.043,0.03,6.5,13.42,91.83,0.4971656560962753,0.7669842031233995,-0.473
1,0.186982,690,0,548,279,54,176,72,269,1178,24,83,4,1,0,0,0,14.043,0.03,6.5,13.42,91.83,0.4971656560962753,0.7669842031233995,-0.599
1,0.186982,690,0,548,279,54,176,72,269,1178,24,83,4,1,0,0,0,14.043,0.03,6.5,13.42,91.83,0.4971656560962753,0.7669842031233995,-0.558
1,0.196746,1486,0,590,570,159,336,85,162,2437,404,100,0,0,0,0,0,6.006,5.17,6.5,11.74,92.34,0.5672135020176965,0.9202617229531965,-2.787
1,0.196746,1486,0,590,570,159,336,85,162,2437,404,100,0,0,0,0,0,6.006,5.17,6.5,11.74,92.34,0.5672135020176965,0.9202617229531965,-3.231
1,0.196746,1486,0,590,570,159,336,85,162,2437,404,100,0,0,0,0,0,6.006,5.17,6.5,11.74,92.34,0.5672135020176965,0.9202617229531965,-2.033
1,0.196746,1486,0,590,570,159,336,85,162,2437,404,100,0,0,0,0,0,6.006,5.05,6.5,11.89,93.19,0.5672135020176965,0.9202617229531965,-0.539
1,0.196746,1486,0,590,570,159,336,85,162,2437,404,100,0,0,0,0,0,6.006,5.05,6.5,11.89,93.19,0.5672135020176965,0.9202617229531965,-0.586
1,0.196746,1486,0,590,570,159,336,85,162,2437,404,100,0,0,0,0,0,6.006,5.05,6.5,11.89,93.19,0.5672135020176965,0.9202617229531965,-0.868
1,0.196746,1486,0,590,570,159,336,85,162,2437,404,100,0,0,0,0,0,6.006,4.67,6.5,11.74,91.16,0.5672135020176965,0.9202617229531965,-1.489
1,0.196746,1486,0,590,570,159,336,85,162,2437,404,100,0,0,0,0,0,6.006,4.67,6.5,11.74,91.16,0.5672135020176965,0.9202617229531965,-1.295
1,0.196746,1486,0,590,570,159,336,85,162,2437,404,100,0,0,0,0,0,6.006,4.67,6.5,11.74,91.16,0.5672135020176965,0.9202617229531965,-1.363
1,0.179513,559,0,158,124,43,40,171,204,1428,75,100,0,0,0,0,0,0.033,13.94,6.5,9.05,87.68,0.4579661083323724,0.9137566056987952,-0.321
1,0.179513,559,0,158,124,43,40,171,204,1428,75,100,0,0,0,0,0,0.033,13.94,6.5,9.05,87.68,0.4579661083323724,0.9137566056987952,-0.428
1,0.179513,559,0,158,124,43,40,171,204,1428,75,100,0,0,0,0,0,0.033,13.94,6.5,9.05,87.68,0.4579661083323724,0.9137566056987952,-0.448
1,0.179513,559,0,158,124,43,40,171,204,1428,75,100,0,0,0,0,0,0.033,9.66,6.0,10.91,95.89,0.4579661083323724,0.9137566056987952,-0.341
1,0.179513,559,0,158,124,43,40,171,204,1428,75,100,0,0,0,0,0,0.033,9.66,6.0,10.91,95.89,0.4579661083323724,0.9137566056987952,-0.378
1,0.179513,559,0,158,124,43,40,171,204,1428,75,100,0,0,0,0,0,0.033,9.66,6.0,10.91,95.89,0.4579661083323724,0.9137566056987952,-0.259
2,0.428899,733,0,312,110,35,20,78,268,1084,37,100,0,1,0,0,0,42.489,7.34,6.0,10.35,85.97,0.59542723760368,0.8338951038359769,-0.816
2,0.428899,733,0,312,110,35,20,78,268,1084,37,100,0,1,0,0,0,42.489,7.34,6.0,10.35,85.97,0.59542723760368,0.8338951038359769,-0.909
2,0.428899,733,0,312,110,35,20,78,268,1084,37,100,0,1,0,0,0,42.489,7.34,6.0,10.35,85.97,0.59542723760368,0.8338951038359769,-0.683
3,0.592019,777,0,67,50,19,20,81,265,1104,39,100,1,1,0,0,0,89.529,9.5,6.0,10.39,90.92,0.623607681729955,0.9116442606778198,-0.777
3,0.592019,777,0,67,50,19,20,81,265,1104,39,100,1,1,0,0,0,89.529,9.5,6.0,10.39,90.92,0.623607681729955,0.9116442606778198,-0.764
3,0.592019,777,0,67,50,19,20,81,265,1104,39,100,1,1,0,0,0,89.529,9.5,6.0,10.39,90.92,0.623607681729955,0.9116442606778198,-0.768
2,0.42026,615,0,173,191,35,30,164,212,1405,82,6,1,1,0,0,0,304.837,16.14,6.5,9.36,95.15,0.6325110689437065,1.2194225026844945,-8.264
2,0.42026,615,0,173,191,35,30,164,212,1405,82,6,1,1,0,0,0,304.837,16.14,6.5,9.36,95.15,0.6325110689437065,1.2194225026844945,-8.848
2,0.42026,615,0,173,191,35,30,164,212,1405,82,6,1,1,0,0,0,304.837,16.14,6.5,9.36,95.15,0.6325110689437065,1.2194225026844945,-5.328
3,0.934631,742,0,11,7,3,4,195,179,1498,54,1,69,6,24,0,0,94.524,22.93,6.5,3.4,39.59,0.8973140892883831,1.0167175523624485,-0.24
3,0.934631,742,0,11,7,3,4,195,179,1498,54,1,69,6,24,0,0,94.524,22.93,6.5,3.4,39.59,0.8973140892883831,1.0167175523624485,-4.36
1,0.290658,214,0,670,2320,192,377,48,229,779,58,81,2,3,0,0,0,302.399,4.67,6.5,11.04,85.68,0.5960232546778055,1.5784845375934342,-30.32
1,0.290658,214,0,670,2320,192,377,48,229,779,58,81,2,3,0,0,0,302.399,4.67,6.5,11.04,85.68,0.5960232546778055,1.5784845375934342,-30.16
1,0.290658,214,0,670,2320,192,377,48,229,779,58,81,2,3,0,0,0,302.399,4.67,6.5,11.04,85.68,0.5960232546778055,1.5784845375934342,-25.6
4,1.47626,567,0,307,288,87,15,59,280,1003,34,100,10,4,0,0,0,22.896,0.27,6.0,14.27,98.33,0.6094712400761926,1.4224413608998512,-1.872
4,1.47626,567,0,307,288,87,15,59,280,1003,34,100,10,4,0,0,0,22.896,0.27,6.0,14.27,98.33,0.6094712400761926,1.4224413608998512,-2.291
4,1.47626,567,0,307,288,87,15,59,280,1003,34,100,10,4,0,0,0,22.896,0.27,6.0,14.27,98.33,0.6094712400761926,1.4224413608998512,-1.546
6,1.8436,162,2883,58,105,6,6,196,201,898,71,0,45,35,7,0,0,0.858,16.31,7.0,12.55,127.98,1.0711602473535164,1.3213788150984507,-19.64
6,1.8436,162,2883,58,105,6,6,196,201,898,71,0,45,35,7,0,0,0.858,16.31,7.0,12.55,127.98,1.0711602473535164,1.3213788150984507,-6.6
6,1.8436,162,2883,58,105,6,6,196,201,898,71,0,45,35,7,0,0,0.858,16.31,7.0,12.55,127.98,1.0711602473535164,1.3213788150984507,-0.52
2,0.623131,716,0,394,298,117,117,58,287,1016,64,100,3,2,0,0,0,30.377,0.09,6.0,12.81,87.86,0.537692401169324,1.0521730938067066,-1.171
2,0.623131,716,0,394,298,117,117,58,287,1016,64,100,3,2,0,0,0,30.377,0.09,6.0,12.81,87.86,0.537692401169324,1.0521730938067066,-1.204
2,0.623131,716,0,394,298,117,117,58,287,1016,64,100,3,2,0,0,0,30.377,0.09,6.0,12.81,87.86,0.537692401169324,1.0521730938067066,-1.084
5,1.49592,146,1351,457,832,8,20,106,246,326,33,100,1,12,2,0,0,1710.648,3.24,6.0,11.67,87.26,0.6469897392846484,1.5338470489976532,-1.652
5,1.49592,146,1351,457,832,8,20,106,246,326,33,100,1,12,2,0,0,1710.648,3.24,6.0,11.67,87.26,0.6469897392846484,1.5338470489976532,-2.622
5,1.49592,146,1351,457,832,8,20,106,246,326,33,100,1,12,2,0,0,1710.648,3.24,6.0,11.67,87.26,0.6469897392846484,1.5338470489976532,-1.793
6,2.51528,378,0,4,10,0,0,202,155,1214,128,0,6,26,4,0,0,132.235,21.35,7.0,4.95,55.85,1.1221491831864905,1.1884751284875181,-15.24
6,2.51528,378,0,4,10,0,0,202,155,1214,128,0,6,26,4,0,0,132.235,21.35,7.0,4.95,55.85,1.1221491831864905,1.1884751284875181,-15.88
6,2.51528,378,0,4,10,0,0,202,155,1214,128,0,6,26,4,0,0,132.235,21.35,7.0,4.95,55.85,1.1221491831864905,1.1884751284875181,-15.78
8,5.47744,230,2136,72,266,19,8,118,295,908,97,14,17,2,0,0,0,780.3,1.56,7.5,12.3,87.88,1.1940105739618054,1.9254043533701704,-2.502
8,5.47744,230,2136,72,266,19,8,118,295,908,97,14,17,2,0,0,0,780.3,1.56,7.5,12.3,87.88,1.1940105739618054,1.9254043533701704,-2.433
8,5.47744,230,2136,72,266,19,8,118,295,908,97,14,17,2,0,0,0,780.3,1.56,7.5,12.3,87.88,1.1940105739618054,1.9254043533701704,-2.719
2,0.143919,14,0,913,2656,169,222,58,186,566,75,100,0,1,0,0,0,0.031,0.39,6.5,10.34,71.53,0.1630046649897562,0.764084367139482,-1.989
2,0.143919,14,0,913,2656,169,222,58,186,566,75,100,0,1,0,0,0,0.031,0.39,6.5,10.34,71.53,0.1630046649897562,0.764084367139482,-1.764
2,0.143919,14,0,913,2656,169,222,58,186,566,75,100,0,1,0,0,0,0.031,0.39,6.5,10.34,71.53,0.1630046649897562,0.764084367139482,-1.884
5,2.29306,641,66,115,34,19,13,123,251,1114,40,0,0,0,0,0,0,4811.539,9.64,6.75,12.43,109.2,0.673619357158851,1.544243674386098,-21.92
5,1.983,363,2530,8,10,3,5,229,108,1310,192,0,14,18,18,0,0,32.611,24.15,6.5,8.11,96.66,1.5513066300118965,0.5142318574965437,-15.48
5,1.983,363,2530,8,10,3,5,229,108,1310,192,0,14,18,18,0,0,32.611,24.15,6.5,8.11,96.66,1.5513066300118965,0.5142318574965437,-23.12
5,1.983,363,2530,8,10,3,5,229,108,1310,192,0,14,18,18,0,0,32.611,24.15,6.5,8.11,96.66,1.5513066300118965,0.5142318574965437,-25.6
5,1.78055,736,12,7,6,3,8,196,177,1518,51,8,65,5,17,0,0,48.407,15.67,6.5,2.31,23.2,1.0266657185522292,1.245835299593388,-6.08
5,1.78055,736,12,7,6,3,8,196,177,1518,51,8,65,5,17,0,0,48.407,15.67,6.5,2.31,23.2,1.0266657185522292,1.245835299593388,-3.36
5,1.78055,736,12,7,6,3,8,196,177,1518,51,8,65,5,17,0,0,48.407,15.67,6.5,2.31,23.2,1.0266657185522292,1.245835299593388,-9.96
1,0.16632,157,0,745,3383,189,243,-13,212,746,35,100,0,27,0,0,16,0.8,0.61,6.5,9.6,66.78,0.2583082693013371,0.8059661449874339,-3.205
1,0.16632,157,0,745,3383,189,243,-13,212,746,35,100,0,27,0,0,16,0.8,0.61,6.5,9.6,66.78,0.2583082693013371,0.8059661449874339,-3.234
1,0.16632,157,0,745,3383,189,243,-13,212,746,35,100,0,27,0,0,16,0.8,0.61,6.5,9.6,66.78,0.2583082693013371,0.8059661449874339,-3.336
1,0.125949,354,0,152,135,20,98,151,215,1140,41,90,1,1,0,0,0,1297.693,12.32,6.0,10.09,94.26,0.20050266369547515,0.2690956802228745,-6.073
1,0.125949,354,0,152,135,20,98,151,215,1140,41,90,1,1,0,0,0,1297.693,12.32,6.0,10.09,94.26,0.20050266369547515,0.2690956802228745,-18.292
1,0.125949,354,0,152,135,20,98,151,215,1140,41,90,1,1,0,0,0,1297.693,12.32,6.0,10.09,94.26,0.20050266369547515,0.2690956802228745,-6.077
2,0.394221,68,0,877,717,168,172,85,208,372,58,73,2,33,0,0,0,0.0,15.84,8.18,9.31,93.99,0.35364368948924574,1.0763909018880322,-12.533
2,0.394221,68,0,877,717,168,172,85,208,372,58,73,2,33,0,0,0,0.0,15.84,8.18,9.31,93.99,0.35364368948924574,1.0763909018880322,-0.52
2,0.394221,68,0,877,717,168,172,85,208,372,58,73,2,33,0,0,0,0.0,15.84,8.18,9.31,93.99,0.35364368948924574,1.0763909018880322,-1.16
2,0.412787,69,0,903,622,120,131,88,211,339,52,0,4,91,0,0,0,0.0,20.57,8.45,9.73,108.23,0.34977004480033336,1.0994190344362254,-1.602
2,0.412787,69,0,903,622,120,131,88,211,339,52,0,4,91,0,0,0,0.0,20.57,8.45,9.73,108.23,0.34977004480033336,1.0994190344362254,-1.505
2,0.412787,69,0,903,622,120,131,88,211,339,52,0,4,91,0,0,0,0.0,20.57,8.45,9.73,108.23,0.34977004480033336,1.0994190344362254,-2.019
2,0.441065,71,0,547,444,66,115,97,220,262,39,0,4,96,0,0,0,0.0,20.46,7.84,8.72,96.75,0.38429829573956703,1.1271586789909662,-9.816
2,0.441065,71,0,547,444,66,115,97,220,262,39,0,4,96,0,0,0,0.0,20.46,7.84,8.72,96.75,0.38429829573956703,1.1271586789909662,-8.296
2,0.441065,71,0,547,444,66,115,97,220,262,39,0,4,96,0,0,0,0.0,20.46,7.84,8.72,96.75,0.38429829573956703,1.1271586789909662,-17.767
2,0.354995,232,0,570,887,90,194,65,202,552,87,36,6,94,3,0,0,0.564,17.86,7.82,8.63,90.92,0.5238578839435206,1.144174629750893,-23.64
2,0.354995,232,0,570,887,90,194,65,202,552,87,36,6,94,3,0,0,0.564,17.86,7.82,8.63,90.92,0.5238578839435206,1.144174629750893,-25.44
2,0.354995,232,0,570,887,90,194,65,202,552,87,36,6,94,3,0,0,0.564,17.86,7.82,8.63,90.92,0.5238578839435206,1.144174629750893,-19.4
1,0.0896727,76,0,651,462,65,24,92,226,218,28,28,7,74,9,0,0,237.74,17.54,7.73,9.41,98.43,0.11101370827894301,0.3139008303059767,-1.248
1,0.0896727,76,0,651,462,65,24,92,226,218,28,28,7,74,9,0,0,237.74,17.54,7.73,9.41,98.43,0.11101370827894301,0.3139008303059767,-1.088
1,0.0896727,76,0,651,462,65,24,92,226,218,28,28,7,74,9,0,0,237.74,17.54,7.73,9.41,98.43,0.11101370827894301,0.3139008303059767,-1.076
3,0.560784,119,0,571,490,52,111,87,219,268,38,26,31,40,35,0,0,60.808,19.43,8.59,9.74,105.93,0.5032255481429951,1.131819569493171,-15.12
3,0.560784,119,0,571,490,52,111,87,219,268,38,26,31,40,35,0,0,60.808,19.43,8.59,9.74,105.93,0.5032255481429951,1.131819569493171,-14.96
3,0.560784,119,0,571,490,52,111,87,219,268,38,26,31,40,35,0,0,60.808,19.43,8.59,9.74,105.93,0.5032255481429951,1.131819569493171,-24.04
2,0.276592,481,0,613,1152,151,605,50,185,1199,188,91,0,59,0,0,0,0.19,13.61,8.04,9.23,88.83,0.4801446893413621,0.91363854937452,-1.532
2,0.276592,481,0,613,1152,151,605,50,185,1199,188,91,0,59,0,0,0,0.19,13.61,8.04,9.23,88.83,0.4801446893413621,0.91363854937452,-0.862
2,0.276592,481,0,613,1152,151,605,50,185,1199,188,91,0,59,0,0,0,0.19,13.61,8.04,9.23,88.83,0.4801446893413621,0.91363854937452,-2.136
1,0.162056,426,0,610,1275,135,461,45,184,1211,187,95,0,13,0,0,0,0.048,13.16,7.76,8.95,85.27,0.4002287712493063,0.8198039483596061,-6.52
1,0.162056,426,0,610,1275,135,461,45,184,1211,187,95,0,13,0,0,0,0.048,13.16,7.76,8.95,85.27,0.4002287712493063,0.8198039483596061,-0.28
1,0.162056,426,0,610,1275,135,461,45,184,1211,187,95,0,13,0,0,0,0.048,13.16,7.76,8.95,85.27,0.4002287712493063,0.8198039483596061,-2.8
2,0.322388,496,0,0,1015,197,0,57,187,1039,170,100,0,0,0,0,0,0.0,14.2,7.85,8.97,87.47,0.45888863395075885,0.933332814815103,-0.553
2,0.322388,496,0,0,1015,197,0,57,187,1039,170,100,0,0,0,0,0,0.0,14.2,7.85,8.97,87.47,0.45888863395075885,0.933332814815103,-0.612
2,0.322388,496,0,0,1015,197,0,57,187,1039,170,100,0,0,0,0,0,0.0,14.2,7.85,8.97,87.47,0.45888863395075885,0.933332814815103,-0.811
3,0.558143,460,0,640,1059,125,449,55,190,1003,158,88,0,8,0,0,0,0.143,13.61,8.0,9.25,88.98,0.6510899173704159,1.1086081693418888,-1.122
3,0.558143,460,0,640,1059,125,449,55,190,1003,158,88,0,8,0,0,0,0.143,13.61,8.0,9.25,88.98,0.6510899173704159,1.1086081693418888,-1.213
3,0.558143,460,0,640,1059,125,449,55,190,1003,158,88,0,8,0,0,0,0.143,13.61,8.0,9.25,88.98,0.6510899173704159,1.1086081693418888,-1.173
3,0.558143,460,0,640,1059,125,449,55,190,1003,158,88,0,8,0,0,0,0.143,12.59,7.79,9.48,89.11,0.6510899173704159,1.1086081693418888,-3.061
3,0.558143,460,0,640,1059,125,449,55,190,1003,158,88,0,8,0,0,0,0.143,12.59,7.79,9.48,89.11,0.6510899173704159,1.1086081693418888,-2.677
3,0.558143,460,0,640,1059,125,449,55,190,1003,158,88,0,8,0,0,0,0.143,12.59,7.79,9.48,89.11,0.6510899173704159,1.1086081693418888,-2.925
4,1.163,269,49,598,956,154,71,60,200,679,103,70,1,81,1,0,0,3.175,19.15,8.22,9.42,101.88,0.8294085246226304,1.3710011820843053,-9.209
4,1.163,269,49,598,956,154,71,60,200,679,103,70,1,81,1,0,0,3.175,19.15,8.22,9.42,101.88,0.8294085246226304,1.3710011820843053,-14.386
4,1.163,269,49,598,956,154,71,60,200,679,103,70,1,81,1,0,0,3.175,19.15,8.22,9.42,101.88,0.8294085246226304,1.3710011820843053,-3.352
2,0.162217,24,0,1021,263,73,62,111,220,209,27,53,45,9,34,0,0,17.348,22.45,8.19,7.99,92.23,0.2514621306142977,0.9287875469463575,-4.624
2,0.162217,24,0,1021,263,73,62,111,220,209,27,53,45,9,34,0,0,17.348,22.45,8.19,7.99,92.23,0.2514621306142977,0.9287875469463575,-3.436
2,0.162217,24,0,1021,263,73,62,111,220,209,27,53,45,9,34,0,0,17.348,22.45,8.19,7.99,92.23,0.2514621306142977,0.9287875469463575,-3.492
1,0.0901205,39,0,605,296,29,65,109,217,204,26,0,60,36,39,0,0,11.219,22.19,8.22,10.54,121.0,0.1614702601139099,0.6165228113440198,-25.16
1,0.0901205,39,0,605,296,29,65,109,217,204,26,0,60,36,39,0,0,11.219,22.19,8.22,10.54,121.0,0.1614702601139099,0.6165228113440198,-3.68
1,0.0901205,39,0,605,296,29,65,109,217,204,26,0,60,36,39,0,0,11.219,22.19,8.22,10.54,121.0,0.1614702601139099,0.6165228113440198,-18.88
6,1.98533,79,486,632,341,47,26,101,231,203,28,28,36,64,32,0,0,19.92,19.08,8.19,9.8,105.77,0.889364378815377,1.600530028048177,-3.863
6,1.98533,79,486,632,341,47,26,101,231,203,28,28,36,64,32,0,0,19.92,19.08,8.19,9.8,105.77,0.889364378815377,1.600530028048177,-6.866
6,1.98533,79,486,632,341,47,26,101,231,203,28,28,36,64,32,0,0,19.92,19.08,8.19,9.8,105.77,0.889364378815377,1.600530028048177,-7.177
5,1.36914,139,268,733,563,71,56,83,218,324,47,27,25,64,27,0,0,61.592,16.28,7.8,9.48,96.65,0.7900338926080501,1.432943054816392,-32.76
5,1.36914,139,268,733,563,71,56,83,218,324,47,27,25,64,27,0,0,61.592,16.28,7.8,9.48,96.65,0.7900338926080501,1.432943054816392,-29.4
5,1.36914,139,268,733,563,71,56,83,218,324,47,27,25,64,27,0,0,61.592,16.28,7.8,9.48,96.65,0.7900338926080501,1.432943054816392,-18.64
5,1.36914,139,268,733,563,71,56,83,218,324,47,27,25,64,27,0,0,61.592,17.45,7.81,9.98,104.25,0.7900338926080501,1.432943054816392,-1.407
5,1.36914,139,268,733,563,71,56,83,218,324,47,27,25,64,27,0,0,61.592,17.45,7.81,9.98,104.25,0.7900338926080501,1.432943054816392,-1.505
5,1.36914,139,268,733,563,71,56,83,218,324,47,27,25,64,27,0,0,61.592,17.45,7.81,9.98,104.25,0.7900338926080501,1.432943054816392,-1.346
3,0.841697,662,0,265,904,86,0,60,187,1156,180,100,0,0,0,0,0,0.0,13.46,7.19,8.5,81.53,0.7015777930537825,1.2434940587253265,-0.506
3,0.841697,662,0,265,904,86,0,60,187,1156,180,100,0,0,0,0,0,0.0,13.46,7.19,8.5,81.53,0.7015777930537825,1.2434940587253265,-1.596
3,0.841697,662,0,265,904,86,0,60,187,1156,180,100,0,0,0,0,0,0.0,13.46,7.19,8.5,81.53,0.7015777930537825,1.2434940587253265,-0.388
2,0.333333,649,0,474,1015,125,310,54,186,1245,193,100,0,0,0,0,0,0.0,12.24,8.02,9.45,88.18,0.5236024844720496,0.9521739130434783,-2.874
2,0.333333,649,0,474,1015,125,310,54,186,1245,193,100,0,0,0,0,0,0.0,12.24,8.02,9.45,88.18,0.5236024844720496,0.9521739130434783,-5.144
2,0.333333,649,0,474,1015,125,310,54,186,1245,193,100,0,0,0,0,0,0.0,12.24,8.02,9.45,88.18,0.5236024844720496,0.9521739130434783,-6.889
4,0.877464,628,115,744,984,124,97,57,187,1177,183,89,0,0,0,0,0,0.003,18.79,8.29,8.56,91.92,0.8165726650349402,1.2240076620197935,-26.06
4,0.877464,628,115,744,984,124,97,57,187,1177,183,89,0,0,0,0,0,0.003,18.79,8.29,8.56,91.92,0.8165726650349402,1.2240076620197935,-8.84
4,0.877464,628,115,744,984,124,97,57,187,1177,183,89,0,0,0,0,0,0.003,18.79,8.29,8.56,91.92,0.8165726650349402,1.2240076620197935,-23.28
4,0.980312,950,0,414,870,145,40,60,187,1390,215,84,0,0,0,0,0,0.139,14.94,7.69,9.05,89.67,0.860062531840294,1.2777072990440421,-1.293
4,0.980312,950,0,414,870,145,40,60,187,1390,215,84,0,0,0,0,0,0.139,14.94,7.69,9.05,89.67,0.860062531840294,1.2777072990440421,-2.962
4,0.980312,950,0,414,870,145,40,60,187,1390,215,84,0,0,0,0,0,0.139,14.94,7.69,9.05,89.67,0.860062531840294,1.2777072990440421,-3.749
2,0.264653,1190,0,487,1297,211,1522,36,179,1871,283,100,0,0,0,0,0,0.002,14.6,7.85,9.12,89.7,0.6110844818616951,0.8666495532722551,-0.884
2,0.264653,1190,0,487,1297,211,1522,36,179,1871,283,100,0,0,0,0,0,0.002,14.6,7.85,9.12,89.7,0.6110844818616951,0.8666495532722551,-0.988
2,0.264653,1190,0,487,1297,211,1522,36,179,1871,283,100,0,0,0,0,0,0.002,14.6,7.85,9.12,89.7,0.6110844818616951,0.8666495532722551,-0.733
1,0.20639,161,0,679,871,79,224,64,213,464,68,49,4,51,5,0,0,0.235,13.77,7.55,6.05,58.37,0.5584602824436763,1.2645694731539543,-23.16
1,0.20639,161,0,679,871,79,224,64,213,464,68,49,4,51,5,0,0,0.235,13.77,7.55,6.05,58.37,0.5584602824436763,1.2645694731539543,-18.92
1,0.20639,161,0,679,871,79,224,64,213,464,68,49,4,51,5,0,0,0.235,13.77,7.55,6.05,58.37,0.5584602824436763,1.2645694731539543,-43.32
3,0.333955,194,0,562,927,104,111,61,207,567,85,35,2,93,0,0,0,0.485,17.71,7.9,8.78,92.2,0.5096863119310523,1.042345112413727,-32.28
3,0.333955,194,0,562,927,104,111,61,207,567,85,35,2,93,0,0,0,0.485,17.71,7.9,8.78,92.2,0.5096863119310523,1.042345112413727,-54.933
3,0.333955,194,0,562,927,104,111,61,207,567,85,35,2,93,0,0,0,0.485,17.71,7.9,8.78,92.2,0.5096863119310523,1.042345112413727,-43.28
4,0.838932,48,0,9,204,1,7,114,227,184,24,0,75,26,24,0,0,8.243,18.24,7.5,6.36,67.47,0.443944429921201,1.3427568435597714,-1.92
4,0.838932,48,0,9,204,1,7,114,227,184,24,0,75,26,24,0,0,8.243,18.24,7.5,6.36,67.47,0.443944429921201,1.3427568435597714,-0.28
4,1.03188,54,0,229,238,26,9,112,229,187,25,39,47,50,22,0,0,5.125,20.46,8.83,12.46,138.28,0.4985180423367713,1.3950313173778737,-13.95
4,1.03188,54,0,229,238,26,9,112,229,187,25,39,47,50,22,0,0,5.125,20.46,8.83,12.46,138.28,0.4985180423367713,1.3950313173778737,-14.32
4,1.03188,54,0,229,238,26,9,112,229,187,25,39,47,50,22,0,0,5.125,20.46,8.83,12.46,138.28,0.4985180423367713,1.3950313173778737,-14.88
3,0.630185,61,0,416,346,50,51,104,226,224,33,5,10,87,0,0,0,0.0,23.53,8.28,8.96,105.54,0.4012639140999414,1.236446057951806,-4.6
3,0.630185,61,0,416,346,50,51,104,226,224,33,5,10,87,0,0,0,0.0,23.53,8.28,8.96,105.54,0.4012639140999414,1.236446057951806,-4.832
3,0.630185,61,0,416,346,50,51,104,226,224,33,5,10,87,0,0,0,0.0,23.53,8.28,8.96,105.54,0.4012639140999414,1.236446057951806,-5.351
1,0.165972,281,0,624,866,119,371,69,199,629,103,94,0,60,0,0,0,0.106,15.5,7.69,8.03,80.53,0.3543639440843797,0.8674391527007596,-6.192
1,0.165972,281,0,624,866,119,371,69,199,629,103,94,0,60,0,0,0,0.106,15.5,7.69,8.03,80.53,0.3543639440843797,0.8674391527007596,-4.266
1,0.165972,281,0,624,866,119,371,69,199,629,103,94,0,60,0,0,0,0.106,15.5,7.69,8.03,80.53,0.3543639440843797,0.8674391527007596,-4.377
3,0.643082,175,0,622,492,69,111,90,213,367,59,38,12,78,3,0,0,4.873,18.19,8.03,8.75,92.78,0.49667312830722476,1.2741656624927962,-11.816
3,0.643082,175,0,622,492,69,111,90,213,367,59,38,12,78,3,0,0,4.873,18.19,8.03,8.75,92.78,0.49667312830722476,1.2741656624927962,-8.064
3,0.643082,175,0,622,492,69,111,90,213,367,59,38,12,78,3,0,0,4.873,18.19,8.03,8.75,92.78,0.49667312830722476,1.2741656624927962,-13.396
3,0.686616,123,0,184,288,10,52,103,225,268,42,2,44,44,26,0,0,6.705,19.71,8.41,10.52,115.01,0.4784381061728427,1.2625771814499365,-3.874
3,0.686616,123,0,184,288,10,52,103,225,268,42,2,44,44,26,0,0,6.705,19.71,8.41,10.52,115.01,0.4784381061728427,1.2625771814499365,-2.577
3,0.686616,123,0,184,288,10,52,103,225,268,42,2,44,44,26,0,0,6.705,19.71,8.41,10.52,115.01,0.4784381061728427,1.2625771814499365,-3.922
4,0.875695,451,806,740,959,155,100,62,191,846,142,100,0,60,0,0,0,0.493,9.51,8.05,9.85,86.3,0.7601224421998465,1.2153258402081832,-1.643
4,0.875695,451,806,740,959,155,100,62,191,846,142,100,0,60,0,0,0,0.493,9.51,8.05,9.85,86.3,0.7601224421998465,1.2153258402081832,-0.64
4,0.875695,451,806,740,959,155,100,62,191,846,142,100,0,60,0,0,0,0.493,9.51,8.05,9.85,86.3,0.7601224421998465,1.2153258402081832,-1.351
2,0.409759,687,0,918,1125,159,128,53,179,1446,227,100,0,0,0,0,0,0.162,5.82,7.46,10.71,85.64,0.6099075118823052,1.0229020270711804,-1.094
2,0.409759,687,0,918,1125,159,128,53,179,1446,227,100,0,0,0,0,0,0.162,5.82,7.46,10.71,85.64,0.6099075118823052,1.0229020270711804,-1.023
2,0.409759,687,0,918,1125,159,128,53,179,1446,227,100,0,0,0,0,0,0.162,5.82,7.46,10.71,85.64,0.6099075118823052,1.0229020270711804,-0.928
3,0.694932,625,0,351,939,79,28,60,183,1183,195,100,0,0,0,0,0,0.081,12.1,7.5,10.11,94.02,0.6844977789481274,1.141717843338255,-1.43
3,0.694932,625,0,351,939,79,28,60,183,1183,195,100,0,0,0,0,0,0.081,12.1,7.5,10.11,94.02,0.6844977789481274,1.141717843338255,-1.883
3,0.694932,625,0,351,939,79,28,60,183,1183,195,100,0,0,0,0,0,0.081,12.1,7.5,10.11,94.02,0.6844977789481274,1.141717843338255,-1.426
4,0.871958,1036,0,329,1013,154,94,51,184,1570,241,90,0,0,0,0,0,0.021,15.09,7.6,9.35,92.88,0.8489558147119354,1.2179350209736735,-1.204
4,0.871958,1036,0,329,1013,154,94,51,184,1570,241,90,0,0,0,0,0,0.021,15.09,7.6,9.35,92.88,0.8489558147119354,1.2179350209736735,-1.153
4,0.871958,1036,0,329,1013,154,94,51,184,1570,241,90,0,0,0,0,0,0.021,15.09,7.6,9.35,92.88,0.8489558147119354,1.2179350209736735,-1.119
4,0.871958,1036,0,329,1013,154,94,51,184,1570,241,90,0,0,0,0,0,0.021,19.35,7.26,8.33,90.49,0.8489558147119354,1.2179350209736735,-1.46
4,0.871958,1036,0,329,1013,154,94,51,184,1570,241,90,0,0,0,0,0,0.021,19.35,7.26,8.33,90.49,0.8489558147119354,1.2179350209736735,-1.362
4,0.871958,1036,0,329,1013,154,94,51,184,1570,241,90,0,0,0,0,0,0.021,19.35,7.26,8.33,90.49,0.8489558147119354,1.2179350209736735,-1.12
3,0.464302,233,0,267,731,44,112,71,210,430,64,52,1,89,0,0,0,0.922,16.69,7.74,8.23,84.59,0.5307354219022106,1.056062534477972,-12.36
3,0.464302,233,0,267,731,44,112,71,210,430,64,52,1,89,0,0,0,0.922,16.69,7.74,8.23,84.59,0.5307354219022106,1.056062534477972,-13.02
3,0.464302,233,0,267,731,44,112,71,210,430,64,52,1,89,0,0,0,0.922,16.69,7.74,8.23,84.59,0.5307354219022106,1.056062534477972,-15.344
1,0.170736,112,0,1043,1273,131,473,52,193,809,120,60,0,39,0,0,0,0.023,14.2,7.84,9.33,90.88,0.3966401275859077,1.121747860828895,-3.764
1,0.170736,112,0,1043,1273,131,473,52,193,809,120,60,0,39,0,0,0,0.023,14.2,7.84,9.33,90.88,0.3966401275859077,1.121747860828895,-5.515
1,0.170736,112,0,1043,1273,131,473,52,193,809,120,60,0,39,0,0,0,0.023,14.2,7.84,9.33,90.88,0.3966401275859077,1.121747860828895,-2.957
1,0.0979786,84,0,1231,953,107,248,70,202,523,80,88,1,34,0,0,0,0.0,15.2,7.27,5.21,51.85,0.11941754094404541,0.3582526228321362,-2.625
1,0.0979786,84,0,1231,953,107,248,70,202,523,80,88,1,34,0,0,0,0.0,15.2,7.27,5.21,51.85,0.11941754094404541,0.3582526228321362,-3.112
1,0.0979786,84,0,1231,953,107,248,70,202,523,80,88,1,34,0,0,0,0.0,15.2,7.27,5.21,51.85,0.11941754094404541,0.3582526228321362,-4.078
2,0.299733,71,0,1223,812,135,168,77,205,442,68,79,1,37,0,0,0,0.0,18.3,7.84,8.88,94.38,0.3421647033454026,1.0176924456414707,-2.104
2,0.299733,71,0,1223,812,135,168,77,205,442,68,79,1,37,0,0,0,0.0,18.3,7.84,8.88,94.38,0.3421647033454026,1.0176924456414707,-2.868
2,0.299733,71,0,1223,812,135,168,77,205,442,68,79,1,37,0,0,0,0.0,18.3,7.84,8.88,94.38,0.3421647033454026,1.0176924456414707,-1.91
4,0.805897,323,778,759,1026,183,100,57,194,815,127,83,0,75,0,0,0,0.314,11.9,7.42,10.21,94.49,0.7819250043200277,1.210471747019181,-2.494
4,0.805897,323,778,759,1026,183,100,57,194,815,127,83,0,75,0,0,0,0.314,11.9,7.42,10.21,94.49,0.7819250043200277,1.210471747019181,-1.668
4,0.805897,323,778,759,1026,183,100,57,194,815,127,83,0,75,0,0,0,0.314,11.9,7.42,10.21,94.49,0.7819250043200277,1.210471747019181,-1.474
4,0.893509,218,741,730,675,130,94,75,209,407,60,32,16,86,19,0,0,1.952,13.86,7.43,10.01,96.8,0.7866741953698475,1.238019951063429,-3.719
4,0.893509,218,741,730,675,130,94,75,209,407,60,32,16,86,19,0,0,1.952,13.86,7.43,10.01,96.8,0.7866741953698475,1.238019951063429,-4.562
4,0.893509,218,741,730,675,130,94,75,209,407,60,32,16,86,19,0,0,1.952,13.86,7.43,10.01,96.8,0.7866741953698475,1.238019951063429,-2.73
4,0.893509,218,741,730,675,130,94,75,209,407,60,32,16,86,19,0,0,1.952,15.94,8.09,9.93,100.42,0.7866741953698475,1.238019951063429,-1.372
4,0.893509,218,741,730,675,130,94,75,209,407,60,32,16,86,19,0,0,1.952,15.94,8.09,9.93,100.42,0.7866741953698475,1.238019951063429,-1.596
4,0.893509,218,741,730,675,130,94,75,209,407,60,32,16,86,19,0,0,1.952,15.94,8.09,9.93,100.42,0.7866741953698475,1.238019951063429,-1.036
3,0.569565,711,220,581,1292,180,99,42,176,1677,252,100,0,3,0,0,0,0.02,16.25,6.92,8.38,85.33,0.7289613453864006,1.1148035227063084,-1.866
3,0.569565,711,220,581,1292,180,99,42,176,1677,252,100,0,3,0,0,0,0.02,16.25,6.92,8.38,85.33,0.7289613453864006,1.1148035227063084,-2.046
3,0.569565,711,220,581,1292,180,99,42,176,1677,252,100,0,3,0,0,0,0.02,16.25,6.92,8.38,85.33,0.7289613453864006,1.1148035227063084,-1.334
3,0.675531,668,205,600,1120,155,114,50,181,1422,218,100,0,0,0,0,0,0.016,17.03,7.41,8.87,91.89,0.7604603152857365,1.1269315621146914,-2.289
3,0.675531,668,205,600,1120,155,114,50,181,1422,218,100,0,0,0,0,0,0.016,17.03,7.41,8.87,91.89,0.7604603152857365,1.1269315621146914,-1.993
3,0.675531,668,205,600,1120,155,114,50,181,1422,218,100,0,0,0,0,0,0.016,17.03,7.41,8.87,91.89,0.7604603152857365,1.1269315621146914,-1.696
3,0.675531,668,205,600,1120,155,114,50,181,1422,218,100,0,0,0,0,0,0.016,14.91,7.61,9.46,93.66,0.7604603152857365,1.1269315621146914,-1.764
3,0.675531,668,205,600,1120,155,114,50,181,1422,218,100,0,0,0,0,0,0.016,14.91,7.61,9.46,93.66,0.7604603152857365,1.1269315621146914,-2.348
3,0.675531,668,205,600,1120,155,114,50,181,1422,218,100,0,0,0,0,0,0.016,14.91,7.61,9.46,93.66,0.7604603152857365,1.1269315621146914,-1.905
5,1.29027,446,793,449,710,60,25,70,210,655,103,72,3,1,11,0,0,15.66,17.61,6.94,8.71,91.29,0.8471247673015158,1.4976167583822595,-5.709
5,1.29027,446,793,449,710,60,25,70,210,655,103,72,3,1,11,0,0,15.66,17.61,6.94,8.71,91.29,0.8471247673015158,1.4976167583822595,-13.72
5,1.29027,446,793,449,710,60,25,70,210,655,103,72,3,1,11,0,0,15.66,17.61,6.94,8.71,91.29,0.8471247673015158,1.4976167583822595,-6.421
1,0.145937,495,0,576,817,93,113,64,203,828,129,67,2,1,5,0,0,12.596,13.78,7.55,9.39,90.71,0.2805934937521182,0.4929642556899959,-15.28
1,0.145937,495,0,576,817,93,113,64,203,828,129,67,2,1,5,0,0,12.596,13.78,7.55,9.39,90.71,0.2805934937521182,0.4929642556899959,-38.28
1,0.145937,495,0,576,817,93,113,64,203,828,129,67,2,1,5,0,0,12.596,13.78,7.55,9.39,90.71,0.2805934937521182,0.4929642556899959,-15.44
2,0.615987,250,0,347,593,34,132,77,220,407,61,20,17,8,12,0,0,8.839,21.68,7.58,8.56,97.34,0.6035256769237266,1.1396665277351905,-3.007
2,0.615987,250,0,347,593,34,132,77,220,407,61,20,17,8,12,0,0,8.839,21.68,7.58,8.56,97.34,0.6035256769237266,1.1396665277351905,-2.828
2,0.615987,250,0,347,593,34,132,77,220,407,61,20,17,8,12,0,0,8.839,21.68,7.58,8.56,97.34,0.6035256769237266,1.1396665277351905,-2.345
