Sample_ID,Sample_Longitude_avg,Sample_Latitude_avg,Normalized_Respiration_Rate_mg_DO_per_H_per_L_sediment_avg,mean.error_avg,predict.error_avg,pca.dist_avg,mean.error.scaled_avg,pca.dist.scaled_avg,combined.metric_avg,Sample_Longitude_std,Sample_Latitude_std,Normalized_Respiration_Rate_mg_DO_per_H_per_L_sediment_std,mean.error_std,predict.error_std,pca.dist_std,mean.error.scaled_std,pca.dist.scaled_std,combined.metric_std,ensemble_spread_metric
SSS034-3,-121.0977,47.3966,-60.29323698494117,75.71298645986914,934.7275216235053,2.927109550078247,0.1773710057685066,0.2066432572969399,0.0366525223820384,0.0,0.0,35.208296636031804,17.586992761776628,210.35933551170407,0.0,0.0560156513941922,0.0,0.0115752566637057,0.002710278814243075
SSS034-1,-121.0977,47.3966,-60.23860729829456,75.71815206704417,934.7279517574614,2.927109550078247,0.1773789245866273,0.2066432572969399,0.0366541587524089,0.0,0.0,35.997519442727146,17.58243609968899,210.35889681168757,0.0,0.0559787270948774,0.0,0.0115676265062219,0.0027710319337369274
CM_014-3,-77.4402867,35.3667814,-122.6532071735424,73.9153343994972,934.5835609119638,2.993174263659772,0.1735539552866504,0.211307185097835,0.0366731977542175,0.0,0.0,21.13246912289788,17.23672564065366,210.3306784942113,0.0,0.0565904818125509,0.0,0.0119579754151403,0.0016634594727616898
CM_014-2,-77.4402867,35.3667814,-122.6532071735424,73.9153343994972,934.5835609119638,2.993174263659772,0.1735539552866504,0.211307185097835,0.0366731977542175,0.0,0.0,21.13246912289788,17.23672564065366,210.3306784942113,0.0,0.0565904818125509,0.0,0.0119579754151403,0.0016634594727616898
CM_014-1,-77.4402867,35.3667814,-122.6532071735424,73.9153343994972,934.5835609119638,2.993174263659772,0.1735539552866504,0.211307185097835,0.0366731977542175,0.0,0.0,21.13246912289788,17.23672564065366,210.3306784942113,0.0,0.0565904818125509,0.0,0.0119579754151403,0.0016634594727616898
CM_021-3,-111.0953268,32.3504894,-192.6317437780288,73.35738742046408,934.5416460496388,3.0365355096592297,0.1715828060624698,0.2143683309007115,0.0367819197468721,0.0,0.0,148.6310707284921,17.65219057790984,210.3550285931572,0.0,0.053785624271933,0.0,0.011529934501627,0.011869104394676921
CM_021-1,-111.0953268,32.3504894,-192.6317437780288,73.35738742046408,934.5416460496388,3.0365355096592297,0.1715828060624698,0.2143683309007115,0.0367819197468721,0.0,0.0,148.6310707284921,17.65219057790984,210.3550285931572,0.0,0.053785624271933,0.0,0.011529934501627,0.011869104394676921
CM_021-2,-111.0953268,32.3504894,-192.6317437780288,73.35738742046408,934.5416460496388,3.0365355096592297,0.1715828060624698,0.2143683309007115,0.0367819197468721,0.0,0.0,148.6310707284921,17.65219057790984,210.3550285931572,0.0,0.053785624271933,0.0,0.011529934501627,0.011869104394676921
S19S_0080-D,-106.681374,34.950811,-173.54963010839052,73.52486276668125,934.5537091794488,3.0384305086299284,0.1719016438515101,0.2145021109158356,0.036873265476051,0.0,0.0,138.86766799724805,17.463900602954716,210.3447314863405,0.0,0.0533299560749196,0.0,0.011439388153119,0.011096357228457495
S19S_0080-M,-106.681271,34.950833,-178.29325284761006,73.47222484755983,934.549622197996,3.0384305086299284,0.1717909124820394,0.2145021109158356,0.036849513363555,0.0,0.0,142.9291289526322,17.466705425047817,210.34470387706523,0.0,0.0533900364763751,0.0,0.0114522755260559,0.011420892250038386
S19S_0080-U,-106.681382,34.950903,-169.41811410310146,73.5770806219763,934.5578069529016,3.0384305086299284,0.1720159618578252,0.2145021109158356,0.0368977869297213,0.0,0.0,135.42045847132422,17.470360347346936,210.34532641416683,0.0,0.0533011629753815,0.0,0.0114332119724883,0.010820904569875008
SSS035-3,-121.104,47.3956,-61.72912161430037,75.66754863105831,934.7238394265304,3.0707647192634537,0.1772580397877394,0.2167847882441436,0.038426846619957,0.0,0.0,35.44840092822114,17.579268522204753,210.3587038295836,0.0,0.0559644631394364,0.0,0.0121322442908799,0.002862682415776645
SSS035-2,-121.104,47.3956,-62.01097165038563,75.6556187034768,934.722853896366,3.0707647192634537,0.1772325766757132,0.2167847882441436,0.0384213266046084,0.0,0.0,35.052628504228096,17.576666425227835,210.35858443149127,0.0,0.0559775119008539,0.0,0.0121350730638606,0.0028307212911801273
SSS035-1,-121.104,47.3956,-61.75555320209903,75.6689913533335,934.7239681712812,3.0707647192634537,0.1772574237248506,0.2167847882441436,0.0384267130668941,0.0,0.0,35.745551031818444,17.57914156341283,210.3586342069684,0.0,0.0559459040315184,0.0,0.0121282209585999,0.0028866791646888646
CM_010-1,-79.8466751,33.666607,-82.52160364892708,75.01556823519141,934.6715292658308,3.1062137589602195,0.1761391296331434,0.219287361142651,0.0386250849312153,0.0,0.0,21.573633684409373,17.549159971217737,210.35499065380523,0.0,0.0574947929342477,0.0,0.0126078814219943,0.0017623193850824668
CM_010-3,-79.8466751,33.666607,-82.52160364892708,75.01556823519141,934.6715292658308,3.1062137589602195,0.1761391296331434,0.219287361142651,0.0386250849312153,0.0,0.0,21.573633684409373,17.549159971217737,210.35499065380523,0.0,0.0574947929342477,0.0,0.0126078814219943,0.0017623193850824668
CM_010-2,-79.8466751,33.666607,-82.52160364892708,75.01556823519141,934.6715292658308,3.1062137589602195,0.1761391296331434,0.219287361142651,0.0386250849312153,0.0,0.0,21.573633684409373,17.549159971217737,210.35499065380523,0.0,0.0574947929342477,0.0,0.0126078814219943,0.0017623193850824668
CM_013-1,-83.1577589,41.309341,-177.10942242844277,72.88512725109192,934.5027365029988,3.122428240347575,0.1707629990325904,0.2204320443845796,0.0376416369819958,0.0,0.0,51.259701232295626,17.213630884506813,210.32834577879,0.0,0.0542969043337847,0.0,0.0119687776260501,0.004209189863277325
CM_013-3,-83.1577589,41.309341,-177.10942242844277,72.88512725109192,934.5027365029988,3.122428240347575,0.1707629990325904,0.2204320443845796,0.0376416369819958,0.0,0.0,51.259701232295626,17.213630884506813,210.32834577879,0.0,0.0542969043337847,0.0,0.0119687776260501,0.004209189863277325
CM_013-2,-83.1577589,41.309341,-177.10942242844277,72.88512725109192,934.5027365029988,3.122428240347575,0.1707629990325904,0.2204320443845796,0.0376416369819958,0.0,0.0,51.259701232295626,17.213630884506813,210.32834577879,0.0,0.0542969043337847,0.0,0.0119687776260501,0.004209189863277325
SSS015-2,-120.4704,46.5302,-204.06907643997175,73.05070256639246,934.5166251200336,3.142286389563798,0.1709337798446285,0.2218339572845663,0.0379189168165427,0.0,0.0,136.0869851454039,17.495622240253194,210.3468721198414,0.0,0.0538184781349972,0.0,0.0119387659797193,0.01124585128937336
SSS015-1,-120.4704,46.5302,-208.24315411586923,73.01757994103507,934.5140644556584,3.142286389563798,0.1708623495934985,0.2218339572845663,0.0379030711612647,0.0,0.0,137.37016643659572,17.49661261553426,210.34681661681728,0.0,0.053842863950792,0.0,0.0119441755817387,0.011351889834959706
SSS015-3,-120.4704,46.5302,-197.1844015915483,73.11909649841681,934.5219795993936,3.142286389563798,0.1710809885267659,0.2218339572845663,0.0379515727010479,0.0,0.0,132.43014644867185,17.505958130496882,210.3477040612468,0.0,0.0537740415177098,0.0,0.0119289084290581,0.010943660274349147
CM_016-2,-83.96496,43.40991,-3598.891186698568,311.1730731877675,983.4593181687252,3.167151560392465,0.7274400804991661,0.223589347646756,0.1626478530509121,0.0,0.0,206.553120643583,70.32116855742879,215.0391885959357,0.0,0.2148269218857884,0.0,0.048033011321404,0.017204045654389134
CM_016-1,-83.96496,43.40991,-3598.891186698568,311.1730731877675,983.4593181687252,3.167151560392465,0.7274400804991661,0.223589347646756,0.1626478530509121,0.0,0.0,206.553120643583,70.32116855742879,215.0391885959357,0.0,0.2148269218857884,0.0,0.048033011321404,0.017204045654389134
CM_016-3,-83.96496,43.40991,-3598.891186698568,311.1730731877675,983.4593181687252,3.167151560392465,0.7274400804991661,0.223589347646756,0.1626478530509121,0.0,0.0,206.553120643583,70.32116855742879,215.0391885959357,0.0,0.2148269218857884,0.0,0.048033011321404,0.017204045654389134
S19S_0042-M,-80.96423,25.40979,-94.743409374822,74.64573503196254,934.6421163987408,3.171189426138587,0.1753084820478607,0.2238744062398941,0.0392470823272819,0.0,0.0,28.899666209767915,17.464570605309714,210.3469790289577,0.0,0.0574858574482848,0.0,0.0128696122034259,0.0024101550943964566
S19S_0042-U,-80.96423,25.40982,-95.48366367579897,74.63372359325034,934.6412368303,3.171189426138587,0.1752669723954111,0.2238744062398941,0.0392377893784865,0.0,0.0,30.88926944777123,17.489693137557285,210.34867312045003,0.0,0.0574532028333909,0.0,0.0128623016709056,0.002576082698718773
S19S_0042-D,-80.96434,25.40976,-95.53085369656034,74.63318780186371,934.6411974711456,3.171189426138587,0.1752656932748225,0.2238744062398941,0.0392375030161242,0.0,0.0,30.93204749694453,17.49302548282192,210.3489333086511,0.0,0.0574609259429097,0.0,0.0128640306774634,0.00257965027394248
CM_068-6,-92.4631118,30.1982931,-362.6937303128785,72.34882263062201,934.4628093944656,3.1752800523223503,0.1689477495812391,0.2241631895274804,0.0378718664096205,0.0,0.0,156.7216465738437,16.72873575585934,210.2805846340896,0.0,0.0528820027003263,0.0,0.011854198393906,0.013087027048460742
CM_068-4,-92.4631118,30.1982931,-358.9412841813013,72.7581169957979,934.4938971001732,3.1752800523223503,0.1698311854363521,0.2241631895274804,0.0380699002086456,0.0,0.0,208.21814984754275,17.27056390439174,210.3277900039261,0.0,0.0530905907375719,0.0,0.0119009561536322,0.017387237938131957
CM_068-5,-92.4631118,30.1982931,-386.201890857762,72.14096591490299,934.4452254935708,3.1752800523223503,0.1689209681768303,0.2241631895274804,0.0378658630045882,0.0,0.0,103.90569126673002,16.17990293792189,210.2451113465113,0.0,0.0531017358298194,0.0,0.011903454473058,0.00867663543501626
S19S_0029-M,-111.79582,40.78466,-117.48677177159011,74.07849344653309,934.5965792764252,3.2958831013865235,0.1738510604312291,0.2326773248791611,0.0404511996685437,0.0,0.0,27.44380741480453,17.200597702030493,210.32722657090383,0.0,0.056189332476056,0.0,0.0130739835672744,0.0023787354333482274
S19S_0029-D,-111.80126,40.78319,-117.4928269200016,74.07788942959755,934.5965299660148,3.2958831013865235,0.1738517318350126,0.2326773248791611,0.04045135588898,0.0,0.0,27.400123823691143,17.199643521424278,210.3271556234453,0.0,0.0561948931279821,0.0,0.0130752774048892,0.0023749490889658055
S19S_0029-U,-111.79547,40.78464,-119.15578444532667,74.03883462033083,934.593442937284,3.2958831013865235,0.1737249305217059,0.2326773248791611,0.0404218520986086,0.0,0.0,29.553696892997685,17.20656857772294,210.327683929906,0.0,0.0561437997070646,0.0,0.0130633891243912,0.002561613442451266
S19S_0083-U,-88.3227,40.31083,-188.0932942196632,72.88620805303125,934.5032746361924,3.3248887797190974,0.1705883797177196,0.2347250199681919,0.0400413608355832,0.0,0.0,64.07288024643857,17.423073703808804,210.34335020564387,0.0,0.0540346730836058,0.0,0.0126832897185241,0.005602493335259688
S19S_0083-D,-88.3227,40.31083,-191.7207400681102,72.84851055339452,934.5004412452952,3.3248887797190974,0.170504603012049,0.2347250199681919,0.0400216963466718,0.0,0.0,64.24765037586467,17.453114481512692,210.3453171409369,0.0,0.0540972904961382,0.0,0.0126979875919311,0.005617775128142202
S19S_0083-M,-88.3227,40.31083,-194.85552015943605,72.80453184663006,934.4970410872478,3.3248887797190974,0.1703971688385042,0.2347250199681919,0.0399964788581412,0.0,0.0,65.99425336187396,17.452867934871584,210.34516265689817,0.0,0.0540606958703923,0.0,0.0126893979176721,0.005770497021567706
S19S_0086-U,-111.8054,40.7801,-95.28447285773812,74.61517458781331,934.6389874423212,3.405493464740524,0.1748743132791343,0.2404154167166758,0.0420424809000455,0.0,0.0,29.817152878294376,17.40102335375208,210.3451127075669,0.0,0.0558568292960107,0.0,0.0134288428916726,0.002670399280408807
S19S_0086-D,-111.80639999999998,40.7797,-98.83418362017156,74.52822996859784,934.6321153794656,3.405493464740524,0.1746743606018909,0.2404154167166758,0.0419944091938224,0.0,0.0,31.980503079022327,17.394886663741357,210.3442843145383,0.0,0.055833223447858,0.0,0.013423167681852,0.0028641471155182274
S19S_0086-M,-111.8054,40.7799,-98.80882836647258,74.52891613839682,934.6321702989668,3.405493464740524,0.174676090222341,0.2404154167166758,0.0419948250212437,0.0,0.0,31.95956146263777,17.39500795426059,210.34429333986213,0.0,0.0558341302833734,0.0,0.0134233856990903,0.0028622716018649897
CM_080-4,-92.590164,30.189567,-382.0842894589792,76.48863132602905,934.8607296979652,3.4370347869954587,0.175501812683645,0.2426421190175986,0.0425841317209892,0.0,0.0,449.9700115969422,24.47428781180337,210.70167111672177,0.0,0.0522558363946344,0.0,0.012679466873831,0.0406721825246442
CM_080-5,-92.590164,30.189567,-375.33977105682254,76.56611268690828,934.8665754676146,3.4370347869954587,0.1757058538082006,0.2426421190175986,0.0426336406918181,0.0,0.0,452.6105705396022,24.457585486958735,210.7021809108363,0.0,0.0522982372824136,0.0,0.01268975511509,0.04091085908644838
CM_080-6,-92.590164,30.189567,-375.2968986231705,76.5659035549704,934.8665477797874,3.4370347869954587,0.1757059662404367,0.2426421190175986,0.0426336679726141,0.0,0.0,452.6041848264538,24.456805836241315,210.7021424719697,0.0,0.0522985365845177,0.0,0.0126898277383867,0.04091028189044859
SSS037-2,-120.6496,46.0168,-84.68933751413255,74.8746080819495,934.6596158594637,3.4651638340299784,0.1756447900276324,0.2446279271345911,0.0429676208964501,0.0,0.0,25.598679332247613,17.319986531550814,210.33901067084773,0.0,0.056576406884955,0.0,0.0138401691409897,0.002332766726905035
SSS037-3,-120.6496,46.0168,-84.96503672744358,74.86670650033922,934.6589847409678,3.4651638340299784,0.1756246990991732,0.2446279271345911,0.042962706094267,0.0,0.0,25.93650333380345,17.317985683324867,210.3388368601824,0.0,0.0565643435423759,0.0,0.0138372181105003,0.0023635520881399256
SSS037-1,-120.6496,46.0168,-84.68933751413255,74.8746080819495,934.6596158594637,3.4651638340299784,0.1756447900276324,0.2446279271345911,0.0429676208964501,0.0,0.0,25.598679332247613,17.319986531550814,210.33901067084773,0.0,0.056576406884955,0.0,0.0138401691409897,0.002332766726905035
SSS007-3,-121.1237,46.6646,-65.04943064218325,75.4626437217222,934.7068999099272,3.471458768522747,0.1770085099282967,0.2450723265483479,0.043379887346984,0.0,0.0,25.58623310101413,17.354167919452248,210.34186089428127,0.0,0.0566967155131614,0.0,0.0138947959784603,0.002335868244700986
SSS007-1,-121.1237,46.6646,-65.04943064218325,75.4626437217222,934.7068999099272,3.471458768522747,0.1770085099282967,0.2450723265483479,0.043379887346984,0.0,0.0,25.58623310101413,17.354167919452248,210.34186089428127,0.0,0.0566967155131614,0.0,0.0138947959784603,0.002335868244700986
SSS007-2,-121.1237,46.6646,-65.44369311117784,75.45109204062109,934.7059778810192,3.471458768522747,0.1769801246872762,0.2450723265483479,0.0433729309099274,0.0,0.0,25.624476195319968,17.346216883779157,210.34115313458915,0.0,0.0566794812829746,0.0,0.0138905723455721,0.002339359607779538
CM_033-1,-111.3042085,32.4712725,-193.90410619615463,73.2690097709241,934.5345576217404,3.504736126500533,0.1714300044669546,0.247421586638932,0.042415483702733,0.0,0.0,143.40653191741416,17.592084944603815,210.3507600361216,0.0,0.0538111353382826,0.0,0.0133140364842401,0.013217649689492345
CM_033-2,-111.3042085,32.4712725,-193.90410619615463,73.2690097709241,934.5345576217404,3.504736126500533,0.1714300044669546,0.247421586638932,0.042415483702733,0.0,0.0,143.40653191741416,17.592084944603815,210.3507600361216,0.0,0.0538111353382826,0.0,0.0133140364842401,0.013217649689492345
CM_033-3,-111.3042085,32.4712725,-175.9625606971302,73.34423846385464,934.5400638919224,3.504736126500533,0.17173949142213,0.247421586638932,0.0424920574562266,0.0,0.0,118.22525471527132,17.470784283976762,210.3425990613368,0.0,0.0539698227002572,0.0,0.0133532991631194,0.010896714259691976
SSS043-3,-121.2466,46.9006,-60.19592403494926,75.68057279650972,934.7247110886232,3.5121401592705666,0.1774032226518256,0.2479442843455114,0.0439861150809943,0.0,0.0,30.31227825564219,17.48663152401254,210.35188493191117,0.0,0.0563459410664093,0.0,0.0139706540334852,0.0027997573731360368
SSS043-1,-121.2466,46.9006,-60.00509592227717,75.6902092478909,934.725510785352,3.5121401592705666,0.1774224209869398,0.2479442843455114,0.0439908751984548,0.0,0.0,30.64098464220917,17.49095730316765,210.35214866639916,0.0,0.0563311369763234,0.0,0.0139669834439634,0.002830117945892276
SSS043-2,-121.2466,46.9006,-60.02774504844858,75.69090181825658,934.7255763877248,3.5121401592705666,0.177424128489274,0.2479442843455114,0.043991298563899,0.0,0.0,30.76096101563367,17.48891601876972,210.35193193491304,0.0,0.0563251141667646,0.0,0.0139654901227576,0.0028411994203121293
S19S_0071-M,-105.45890260000002,40.0128376,-89.88458997247581,74.78591854862972,934.6530663374537,3.5128979846889985,0.1755022561185935,0.2479977840558052,0.0435241706142055,0.0,0.0,36.21285577106738,17.52891299888442,210.353596549046,0.0,0.0573178089180431,0.0,0.0142146895986087,0.003345478875791084
S19S_0071-U,-105.4588818,40.0129961,-92.25558675597024,74.7252267468937,934.6481901399214,3.5128979846889985,0.1753697939755712,0.2479977840558052,0.0434913202962647,0.0,0.0,33.02307998876245,17.50020145428491,210.35131417704508,0.0,0.0573080464607455,0.0,0.014212268530832,0.0030507954748001825
S19S_0071-D,-105.458575,40.012917,-92.25558675597024,74.7252267468937,934.6481901399214,3.5128979846889985,0.1753697939755712,0.2479977840558052,0.0434913202962647,0.0,0.0,33.02307998876245,17.50020145428491,210.35131417704508,0.0,0.0573080464607455,0.0,0.014212268530832,0.0030507954748001825
CM_104-2,-79.08539,33.56176,-92.72862343914676,74.7140667516788,934.6469922786182,3.5230389400565256,0.1751802962369467,0.248713698514556,0.0435697393839665,0.0,0.0,27.51280623746732,17.354455706609507,210.34074822300093,0.0,0.0560257653904838,0.0,0.013934375322376,0.0025490732301724217
CM_104-3,-79.08539,33.56176,-100.97668142838872,74.52253161585934,934.6319088070588,3.5230389400565256,0.1747084774509081,0.248713698514556,0.0434523915886622,0.0,0.0,31.43713926516128,17.249492401470786,210.3310870440715,0.0,0.0558013526998867,0.0,0.013878560812104,0.0029126643586394763
CM_104-1,-79.08539,33.56176,-87.1343522860825,74.88634128992017,934.660835914856,3.5230389400565256,0.1755918143216523,0.248713698514556,0.0436720895688193,0.0,0.0,29.20589831691161,17.399478710242356,210.3441885846496,0.0,0.056089674228969,0.0,0.0139502703259634,0.0027059389333172743
SSS026-2,-120.1991,46.3147,-1843.0853798620487,163.0596044658462,947.5386124144244,3.5583104615185333,0.3589623479691931,0.2512037392732059,0.0901726840681509,0.0,0.0,912.0295804066666,73.21751509486758,213.7350201880936,0.0,0.1347256522156597,0.0,0.0338435876125952,0.08534591538699988
SSS026-1,-120.1991,46.3147,-1736.034018050263,155.2662072394685,945.9582693168198,3.5583104615185333,0.3394970939012883,0.2512037392732059,0.0852829394603903,0.0,0.0,879.2697686015617,75.59494198964764,215.88150006337477,0.0,0.1316470506057569,0.0,0.0330702313764551,0.08228031731158897
SSS026-3,-120.1991,46.3147,-1907.5318021605449,165.8569395997079,948.4670448128812,3.5583104615185333,0.3701534251083746,0.2512037392732059,0.0929839244920082,0.0,0.0,963.3811016622682,69.32894438184955,210.22553472537027,0.0,0.1474720659277628,0.0,0.0370455343993987,0.09015128867995835
SSS030-2,-120.6704,46.3656,-333.78618032108875,72.37568360391359,934.4631602262576,3.5652791178381227,0.1692383626297759,0.2516957009904653,0.04259656831658,0.0,0.0,228.9894459418065,16.953722726429554,210.30714023902104,0.0,0.0526926094332936,0.0,0.0132625032683296,0.021470342914400545
SSS030-1,-120.6704,46.3656,-520.4311886714975,79.67838647946328,935.2671319765902,3.5652791178381227,0.1801950249580103,0.2516957009904653,0.0453543131218007,0.0,0.0,592.4866398635426,32.26040813107472,211.05911222471832,0.0,0.0551232394331962,0.0,0.0138742823900036,0.055552304071271395
SSS030-3,-120.6704,46.3656,-336.4372410360974,72.44142544785822,934.4683764372704,3.5652791178381227,0.1693608999251668,0.2516957009904653,0.0426274104270408,0.0,0.0,233.49059608744287,16.999415771348815,210.3102258689357,0.0,0.0527283152928589,0.0,0.0132714902796824,0.021892376500876738
CM_018-1,-102.126046,41.316592,-225.49273482897675,73.28013430626638,934.53527274598,3.584167987685298,0.171720579893995,0.2530291863025453,0.0434503186019787,0.0,0.0,190.4897616589301,17.521209368189535,210.34562005716745,0.0,0.0551341963077445,0.0,0.0139505608291934,0.017955188714855082
CM_018-2,-102.126046,41.316592,-225.49273482897675,73.28013430626638,934.53527274598,3.584167987685298,0.171720579893995,0.2530291863025453,0.0434503186019787,0.0,0.0,190.4897616589301,17.521209368189535,210.34562005716745,0.0,0.0551341963077445,0.0,0.0139505608291934,0.017955188714855082
CM_018-3,-102.126046,41.316592,-225.49273482897675,73.28013430626638,934.53527274598,3.584167987685298,0.171720579893995,0.2530291863025453,0.0434503186019787,0.0,0.0,190.4897616589301,17.521209368189535,210.34562005716745,0.0,0.0551341963077445,0.0,0.0139505608291934,0.017955188714855082
SSS008-2,-121.0893,46.6592,-3288.581672661587,282.5923402483647,974.6656822062628,3.589896237907644,0.6615449735562844,0.2534335798738504,0.1676577108959208,0.0,0.0,231.29775992515013,62.46774989941104,213.2497044630298,0.0,0.200553878076993,0.0,0.050827087278636,0.021836513664682703
SSS008-3,-121.0893,46.6592,-3288.581672661587,282.5923402483647,974.6656822062628,3.589896237907644,0.6615449735562844,0.2534335798738504,0.1676577108959208,0.0,0.0,231.29775992515013,62.46774989941104,213.2497044630298,0.0,0.200553878076993,0.0,0.050827087278636,0.021836513664682703
SSS008-1,-121.0893,46.6592,-3288.581672661587,282.5923402483647,974.6656822062628,3.589896237907644,0.6615449735562844,0.2534335798738504,0.1676577108959208,0.0,0.0,231.29775992515013,62.46774989941104,213.2497044630298,0.0,0.200553878076993,0.0,0.050827087278636,0.021836513664682703
CM_098-6,-83.23854,30.15526,-162.8126900400488,73.0188787103622,934.5131009967132,3.596018346267173,0.1711688642591324,0.2538657783930018,0.0434539169617906,0.0,0.0,40.46517005839839,16.931639428753964,210.3058339076025,0.0,0.0546455425535572,0.0,0.0138726331960666,0.003826777816492821
CM_098-4,-83.23854,30.15526,-162.30918547778725,73.02631069001923,934.5136735642924,3.596018346267173,0.1711896309583944,0.2538657783930018,0.0434591889160635,0.0,0.0,40.17505837478673,16.934291038334926,210.3060877178225,0.0,0.054664398764414,0.0,0.0138774201427134,0.0037993420500411217
CM_098-5,-83.23854,30.15526,-162.7261683441038,73.02026945684503,934.5132096814434,3.596018346267173,0.1711743970780681,0.2538657783930018,0.0434553215551765,0.0,0.0,40.36763946031746,16.930863412107804,210.3057713498424,0.0,0.0546544659207474,0.0,0.0138748985336243,0.003817554379926837
CM_103-2,-88.455436,33.487858,-71.67864490245171,75.34325501171088,934.69744744027,3.65633917785728,0.176530256207412,0.2581242090767139,0.0455667327616478,0.0,0.0,33.85294851679299,17.47994684807207,210.35139337164208,0.0,0.0558788789567098,0.0,0.0144236914347941,0.003255164614166577
CM_103-1,-88.455436,33.487858,-70.53262128254124,75.39407223728759,934.7016615154802,3.65633917785728,0.17664598458468,0.2581242090767139,0.0455966050574979,0.0,0.0,34.50424098908216,17.523727474537104,210.35446096445665,0.0,0.0559085343881698,0.0,0.0144313462195846,0.003317790302685765
CM_103-3,-88.455436,33.487858,-70.35923156481788,75.40229653818184,934.7023464120708,3.65633917785728,0.1766647791175511,0.2581242090767139,0.0456014563814302,0.0,0.0,34.70466582127761,17.530399120638425,210.3549108082053,0.0,0.0559096056301348,0.0,0.0144316227330695,0.0033370623557903638
CM_082-2,-81.606667,31.426667,-144.08337341311395,73.38019724066143,934.5411434842426,3.6673065745037583,0.1722937397659466,0.2588984672752276,0.0446065851465204,0.0,0.0,19.97916993425337,16.962980382450763,210.3096374062963,0.0,0.0557496102739969,0.0,0.014433488651129,0.001926879857694406
CM_082-1,-81.606667,31.426667,-144.12482238150344,73.37806929918324,934.540984293368,3.6673065745037583,0.1723115617162916,0.2588984672752276,0.0446111992221486,0.0,0.0,19.0264680432638,16.96728672114321,210.30994581777227,0.0,0.0558183891812062,0.0,0.0144512954047864,0.001834997057248934
CM_082-3,-81.606667,31.426667,-146.72668384500153,73.32181732349369,934.536535113518,3.6673065745037583,0.172128126221803,0.2588984672752276,0.0445637080537816,0.0,0.0,19.240274431478053,16.96019771894318,210.3095422933063,0.0,0.0556294964430322,0.0,0.0144023913643937,0.001855617494647092
CM_081-1,-81.830278,31.669166,-72.24522137365489,75.2787096641471,934.6922747668472,3.667697893109376,0.1765841072929019,0.2589260929414086,0.0457222329768975,0.0,0.0,25.740962440774403,17.430622304145196,210.34716242549823,0.0,0.056579925613377,0.0,0.0146500190779872,0.002482837611890463
CM_081-2,-81.830278,31.669166,-72.33727069040722,75.27377690578706,934.6918677459896,3.667697893109376,0.1765707109707768,0.2589260929414086,0.0457187643195499,0.0,0.0,25.73380882869481,17.42605612504213,210.3468322664048,0.0,0.0565772705668484,0.0,0.014649331617163,0.0024821476121605402
CM_081-3,-81.830278,31.669166,-72.32941188528453,75.27414908487486,934.6918983726268,3.667697893109376,0.1765716124354185,0.2589260929414086,0.0457189977322675,0.0,0.0,25.73587197100845,17.42626670028077,210.346846483622,0.0,0.0565773097528805,0.0,0.0146493417634492,0.0024823466119977366
CM_106-6,-79.543785,34.220658,-98.56970231998837,74.58520869377296,934.6368768714186,3.717083440095944,0.1750951872324103,0.2624125324197065,0.0459471714961594,0.0,0.0,21.909141830838895,17.341049542765447,210.3387713488069,0.0,0.0567136143727747,0.0,0.0148823631702344,0.0021416951639475277
CM_106-5,-79.543785,34.220658,-98.0194871900308,74.59505734536067,934.637633489531,3.717083440095944,0.1751288301115475,0.2624125324197065,0.0459559998092716,0.0,0.0,21.73579097095904,17.337196441291695,210.33859871873463,0.0,0.0567335029995105,0.0,0.0148875821951425,0.0021247495117107875
CM_106-4,-79.543785,34.220658,-96.98658307455229,74.5750594799192,934.6358039195288,3.717083440095944,0.175028277553753,0.2624125324197065,0.0459296135579395,0.0,0.0,21.2287144017714,17.3041854508267,210.33703428031032,0.0,0.0566948893254219,0.0,0.0148774494831389,0.0020751810053600893
SSS014-1,-119.9999,46.232,-2825.936890630726,242.61779366567072,963.2836081345924,3.764016509150532,0.5780260169344825,0.2657258359016766,0.153596446522832,0.0,0.0,499.2195403103081,70.6113107715575,218.4951102997435,0.0,0.224569238997739,0.0,0.0596738487504776,0.049416624269043634
SSS014-3,-119.9999,46.232,-2825.936890630726,242.61779366567072,963.2836081345924,3.764016509150532,0.5780260169344825,0.2657258359016766,0.153596446522832,0.0,0.0,499.2195403103081,70.6113107715575,218.4951102997435,0.0,0.224569238997739,0.0,0.0596738487504776,0.049416624269043634
SSS014-2,-119.9999,46.232,-2659.8571945062386,231.21772036387048,961.5488106878232,3.764016509150532,0.5236866201431394,0.2657258359016766,0.1391570648880595,0.0,0.0,706.9289548980848,77.35592338490018,215.5141660246597,0.0,0.1863748478954068,0.0,0.0495246122480548,0.06997731404382092
CM_076-1,-94.8625,39.76778,-95.21428721535764,74.69059093191909,934.6452202935194,3.7718039069043394,0.1748752817985017,0.2662755977777467,0.0465650201974479,0.0,0.0,39.23191197577064,17.573781180079767,210.35844243873387,0.0,0.0551330554403617,0.0,0.0146805872946959,0.0038915136593991218
CM_076-3,-94.8625,39.76778,-159.74069282237355,73.74712612584582,934.5714363609312,3.7718039069043394,0.1725952801611091,0.2662755977777467,0.0459579113985169,0.0,0.0,120.32198911556624,17.574400580750908,210.35287511518172,0.0,0.0552196827762111,0.0,0.0147036540403331,0.011935045746903107
CM_076-2,-94.8625,39.76778,-191.21236230183973,74.14076542207954,934.601908379664,3.7718039069043394,0.1737338292131839,0.2662755977777467,0.0462610792279574,0.0,0.0,179.46488183964323,17.41063653704104,210.3425763965988,0.0,0.0553737603240871,0.0,0.0147446811314979,0.01780158049632508
SSS038-2,-120.6364,46.029,-69.19634121731181,75.33178724039428,934.69673349277,3.773867576222568,0.1768157239134021,0.2664212853041637,0.0471074724269947,0.0,0.0,37.06426383519809,17.406179400581223,210.34423757257375,0.0,0.057552930345925,0.0,0.0153333256757823,0.0036785106231033674
SSS038-1,-120.6364,46.029,-68.46507121503878,75.35941636349449,934.6989112996569,3.773867576222568,0.1769298098094317,0.2664212853041637,0.04713786733805,0.0,0.0,31.68794086664291,17.398429641573838,210.3438401509277,0.0,0.0576909586587567,0.0,0.0153700993562953,0.0031449276214012335
SSS038-3,-120.6364,46.029,-80.14265780622208,75.08368689220025,934.6770006787858,3.773867576222568,0.1765296895972659,0.2664212853041637,0.0470312667968486,0.0,0.0,43.16073918138045,17.17697239541576,210.324258372794,0.0,0.058074381341718,0.0,0.0154722513203046,0.00428356646406473
CM_028-2,-96.57826799,28.83182444,-174.37202612023046,72.9341154665253,934.5064477892778,3.775203894407652,0.1709964893076196,0.2665156244936701,0.0455732361340453,0.0,0.0,57.29553726918402,16.984894627647382,210.3102959706329,0.0,0.0545153620075629,0.0,0.0145291957499441,0.005688413882541453
CM_028-1,-96.57826799,28.83182444,-174.441018407608,72.93287487757304,934.5063507668614,3.775203894407652,0.1709909110716396,0.2665156244936701,0.0455717494469996,0.0,0.0,57.17104328467628,16.9863792953965,210.310416870292,0.0,0.0545115588702807,0.0,0.0145281821544363,0.0056760538743537365
CM_028-3,-96.57826799,28.83182444,-175.65927970723942,72.9019639204013,934.5039576110794,3.775203894407652,0.170951726559904,0.2665156244936701,0.0455613061623839,0.0,0.0,56.43126961464442,16.98849406285222,210.3104950679964,0.0,0.0545596233936442,0.0,0.0145409921008965,0.005602607686131828
SSS032-1,-121.29009999999998,46.6399,-53.28275738450009,75.87210733460311,934.7402420269289,3.783556988258778,0.1780340107284133,0.2671053224507751,0.0475538318428175,0.0,0.0,23.116688119557764,17.49424913117398,210.3524999092084,0.0,0.0572521525458356,0.0,0.0152923546667564,0.0023001484846621174
SSS032-2,-121.29009999999998,46.6399,-53.28275738450009,75.87210733460311,934.7402420269289,3.783556988258778,0.1780340107284133,0.2671053224507751,0.0475538318428175,0.0,0.0,23.116688119557764,17.49424913117398,210.3524999092084,0.0,0.0572521525458356,0.0,0.0152923546667564,0.0023001484846621174
SSS032-3,-121.29009999999998,46.6399,-53.28275738450009,75.87210733460311,934.7402420269289,3.783556988258778,0.1780340107284133,0.2671053224507751,0.0475538318428175,0.0,0.0,23.116688119557764,17.49424913117398,210.3524999092084,0.0,0.0572521525458356,0.0,0.0152923546667564,0.0023001484846621174
S19S_0021-M,-87.79828,32.54082,-178.66971903661775,73.22057313052639,934.5291689610824,3.8123216690608777,0.1711221645764897,0.2691360039932182,0.0460551355687862,0.0,0.0,73.44768167322482,17.44367595940713,210.34626122543943,0.0,0.0540280459659836,0.0,0.0145408923948467,0.007363725805526451
S19S_0021-U,-87.79821,32.54108,-164.60566301623368,73.46076918055176,934.5481145784054,3.8123216690608777,0.1717074048693826,0.2691360039932182,0.0462126448025912,0.0,0.0,69.00731936268289,17.582644460664657,210.3573597111244,0.0,0.0542778576603007,0.0,0.014608125716006,0.0069185434691050075
S19S_0021-D,-87.79835,32.54069,-173.52762017905275,73.48193861981994,934.5497761081946,3.8123216690608777,0.1717722953085464,0.2691360039932182,0.0462301091560851,0.0,0.0,79.19181469196444,17.649084645355625,210.3629370646144,0.0,0.0544541923408518,0.0,0.0146555837272949,0.007939621730038513
S19S_0100-U,-106.95145,38.922389,-67.80080460076944,75.4266214571418,934.7046951623792,3.8149885387310873,0.1769647928908776,0.2693242752642485,0.0476609145926234,0.0,0.0,37.13250407886474,17.600702333920726,210.35887491048337,0.0,0.0575071988496691,0.0,0.0154880846526641,0.003725438977379542
S19S_0100-D,-106.950961,38.92352,-73.57515992034833,75.27134709137404,934.6922447810427,3.8149885387310873,0.1766249314615094,0.2693242752642485,0.0475693816594685,0.0,0.0,41.85196402674766,17.589544395151,210.35761195315317,0.0,0.0575351045664149,0.0,0.0154956003396024,0.004198934112657319
S19S_0100-M,-106.95074300000002,38.922712,-67.80080460076944,75.4266214571418,934.7046951623792,3.8149885387310873,0.1769647928908776,0.2693242752642485,0.0476609145926234,0.0,0.0,37.13250407886474,17.600702333920726,210.35887491048337,0.0,0.0575071988496691,0.0,0.0154880846526641,0.003725438977379542
S19S_0063-M,-97.70953,30.250384000000004,-75.98472515382467,75.30915846789,934.6952192148487,3.8180894756416976,0.1763181110152358,0.2695431900991455,0.0475253461153019,0.0,0.0,43.290076164618064,17.750331737430383,210.37146956746167,0.0,0.0555192582769695,0.0,0.0149648379879127,0.004346747677105854
S19S_0063-D,-97.709399,30.250335,-75.98472515382467,75.30915846789,934.6952192148487,3.8180894756416976,0.1763181110152358,0.2695431900991455,0.0475253461153019,0.0,0.0,43.290076164618064,17.750331737430383,210.37146956746167,0.0,0.0555192582769695,0.0,0.0149648379879127,0.004346747677105854
S19S_0063-U,-97.709566,30.250278,-75.98472515382467,75.30915846789,934.6952192148487,3.8180894756416976,0.1763181110152358,0.2695431900991455,0.0475253461153019,0.0,0.0,43.290076164618064,17.750331737430383,210.37146956746167,0.0,0.0555192582769695,0.0,0.0149648379879127,0.004346747677105854
CM_034-3,-84.37418,46.49794,-1309.597877440488,121.752152079912,940.2869573809824,3.833355063535029,0.270857753093915,0.2706208849215845,0.0732997648301473,0.0,0.0,689.6252823367307,49.35662671256517,211.8887275270324,0.0,0.0804112261336871,0.0,0.021760957173928,0.06952199103989179
CM_034-2,-84.37418,46.49794,-1317.365329772737,122.38401536552048,940.3585963336023,3.833355063535029,0.2703606451157108,0.2706208849215845,0.073165237029184,0.0,0.0,689.5549512710633,49.56616754122189,211.98883172562304,0.0,0.0759053908738843,0.0,0.0205415840486093,0.0695149008768099
CM_034-1,-84.37418,46.49794,-1253.5115394705797,119.11675686855509,940.0490455443498,3.833355063535029,0.264516679663806,0.2706208849215845,0.0715837379271384,0.0,0.0,725.988479842755,50.89437154673749,211.7610377542509,0.0,0.0832306204036351,0.0,0.0225239441462042,0.07318781066099038
CM_039-2,-97.69147,30.24565,-85.01697781136251,75.02567302675958,934.6723003787414,3.8402096848143272,0.1757275699917339,0.271104796180954,0.0476405870459833,0.0,0.0,43.37515227504171,17.608426327542926,210.36014049932916,0.0,0.0554110944428968,0.0,0.0150222134651051,0.004380522648377868
CM_039-3,-97.69147,30.24565,-85.18277022131822,75.02013503765036,934.6718431262224,3.8402096848143272,0.1757101409613276,0.271104796180954,0.0476358619522474,0.0,0.0,43.45545061446127,17.606830968435723,210.36006984636867,0.0,0.0553924155301821,0.0,0.0150171495222807,0.004388632099895735
CM_039-1,-97.69147,30.24565,-85.53347962882164,75.01199597513191,934.6712062292288,3.8402096848143272,0.1756894811360286,0.271104796180954,0.0476302609745205,0.0,0.0,43.60872848219012,17.604909795660483,210.3598283952004,0.0,0.0553831831060931,0.0,0.0150146465678298,0.004404111865057681
CM_015-3,-106.04683500000002,39.480297,-82.21057837906034,74.95141933345458,934.6663251843886,3.870625559134647,0.176067086531997,0.2732520459628821,0.0481106916215919,0.0,0.0,37.18668517474381,17.275814005709528,210.33264794667124,0.0,0.0575486148381845,0.0,0.0157252767468637,0.003785285195370851
CM_015-2,-106.04683500000002,39.480297,-82.21057837906034,74.95141933345458,934.6663251843886,3.870625559134647,0.176067086531997,0.2732520459628821,0.0481106916215919,0.0,0.0,37.18668517474381,17.275814005709528,210.33264794667124,0.0,0.0575486148381845,0.0,0.0157252767468637,0.003785285195370851
CM_015-1,-106.04683500000002,39.480297,-82.21057837906034,74.95141933345458,934.6663251843886,3.870625559134647,0.176067086531997,0.2732520459628821,0.0481106916215919,0.0,0.0,37.18668517474381,17.275814005709528,210.33264794667124,0.0,0.0575486148381845,0.0,0.0157252767468637,0.003785285195370851
S19S_0097-M,-111.886477,41.720805,-318.4412670723154,72.12713295499512,934.4434316072136,3.8822544662620806,0.1696093675775719,0.2740730043884226,0.0464853489444054,0.0,0.0,169.671458858722,16.04493407226603,210.2383532641672,0.0,0.0547312781641487,0.0,0.0150003658404667,0.017322986674475075
S19S_0097-D,-111.8865,41.720847,-278.7083332398571,72.26495078045131,934.4539740549624,3.8822544662620806,0.1695824771637463,0.2740730043884226,0.0464779790078989,0.0,0.0,152.13445994283958,16.414800072002897,210.26742467489373,0.0,0.0537425709414825,0.0,0.01472938788149,0.01553250758875524
S19S_0097-U,-111.88642,41.720744,-316.2737782681621,72.11980805723115,934.4428365605642,3.8822544662620806,0.1695582112595603,0.2740730043884226,0.0464713283786345,0.0,0.0,167.9498585123743,16.066983412308016,210.2401837773261,0.0,0.0546236390829057,0.0,0.0149708648740808,0.017147216040691665
CM_075-2,-82.927775,29.953092000000005,-127.2090124417557,73.80010811252446,934.5745950540476,3.953626088842512,0.1732759347028939,0.2791115806071342,0.0483633200161032,0.0,0.0,23.111849537701424,17.280316054652467,210.33356296779743,0.0,0.0566835705206562,0.0,0.0158210409624763,0.00240303598559548
CM_075-1,-82.927775,29.953092000000005,-122.62110295822204,73.92567921997141,934.5846054270507,3.953626088842512,0.1736724119229103,0.2791115806071342,0.0484739813996567,0.0,0.0,19.78587454734105,17.223904183760926,210.32851089747567,0.0,0.0567875208285617,0.0,0.0158500546972204,0.0020572204083527837
CM_075-3,-82.927775,29.953092000000005,-122.45567868092556,73.93305209194868,934.585227164942,3.953626088842512,0.1736126259689014,0.2791115806071342,0.0484572944475352,0.0,0.0,22.387716413091614,17.334592551079368,210.3374140061736,0.0,0.0568778656357692,0.0,0.0158752709791597,0.00232774482579624
CM_069-1,-111.84597,40.66522,-1073.8985863867124,107.6744755851872,938.30655744741,3.960911705072733,0.2505112330679545,0.2796259185379398,0.0700494336506986,0.0,0.0,435.4525071809077,42.37396402100817,211.66338790091112,0.0,0.1033850835985756,0.0,0.0289091489643734,0.045359257400811814
CM_069-2,-111.84597,40.66522,-1069.479399518718,109.8910417088482,938.832030440694,3.960911705072733,0.2545855586912681,0.2796259185379398,0.0711887206955404,0.0,0.0,516.6165695095887,51.86103257031288,212.4505851246132,0.0,0.116740510213665,0.0,0.0326436723990838,0.05381377662885862
CM_069-3,-111.84597,40.66522,-1571.521169066666,135.92467206981857,941.874901439668,3.960911705072733,0.3190881642255472,0.2796259185379398,0.0892253210161536,0.0,0.0,130.0975619900806,30.668317659880984,210.09081095934687,0.0,0.0967285958479941,0.0,0.0270478224628804,0.013551716212933705
S19S_0018-D,-83.504941,35.6922935,-54.208454997999546,75.87486834386901,934.7407091914152,3.979276652778025,0.1779096537857847,0.2809224168578635,0.0499788099238483,0.0,0.0,27.760740459295185,17.572940477025114,210.35785898177417,0.0,0.0567898724088972,0.0,0.015953548210157,0.0029051272410880835
S19S_0018-U,-83.5041467,35.6918387,-54.27995329502424,75.87253504926527,934.7405335446896,3.979276652778025,0.1779038240068696,0.2809224168578635,0.0499771722082657,0.0,0.0,27.512720070441677,17.57730561553364,210.35815580111463,0.0,0.0568042596643298,0.0,0.0159575899127252,0.002879172213373312
S19S_0018-M,-83.5044488,35.692083,-54.31295380579816,75.87254621776982,934.740520694411,3.979276652778025,0.1779030468606627,0.2809224168578635,0.049976953890475,0.0,0.0,27.874719957986468,17.57133861065008,210.3577252101784,0.0,0.0567791896584833,0.0,0.0159505471860921,0.0029170550550114594
CM_022-3,-123.24972440000002,44.550507,-74.2889678841351,75.28824123981153,934.693362264294,4.002614348709921,0.1764759374962139,0.2825699730639658,0.0498668009047432,0.0,0.0,29.621815897623435,17.63024518572972,210.3622196510096,0.0,0.0564180770766052,0.0,0.015942054519857,0.0031180667306720065
CM_022-2,-123.24972440000002,44.550507,-74.2889678841351,75.28824123981153,934.693362264294,4.002614348709921,0.1764759374962139,0.2825699730639658,0.0498668009047432,0.0,0.0,29.621815897623435,17.63024518572972,210.3622196510096,0.0,0.0564180770766052,0.0,0.015942054519857,0.0031180667306720065
CM_022-1,-123.24972440000002,44.550507,-74.2889678841351,75.28824123981153,934.693362264294,4.002614348709921,0.1764759374962139,0.2825699730639658,0.0498668009047432,0.0,0.0,29.621815897623435,17.63024518572972,210.3622196510096,0.0,0.0564180770766052,0.0,0.015942054519857,0.0031180667306720065
S19S_0034-M,-106.5232,35.8678,-77.89069649310326,75.14724937526049,934.6823187009644,4.009862654268631,0.176305170041802,0.2830816769974573,0.0499087631987551,0.0,0.0,41.57498960980906,17.647235984962823,210.3621505684192,0.0,0.0576461510620784,0.0,0.0163185691151019,0.004384212801781523
S19S_0034-D,-106.52330000000002,35.8677,-83.0727716506136,75.0399434630509,934.673760389169,4.009862654268631,0.1759803527642149,0.2830816769974573,0.049816813379098,0.0,0.0,43.679197249488965,17.743509721935133,210.3699386806597,0.0,0.0576691776157842,0.0,0.0163250875105404,0.00460610808445201
S19S_0034-U,-106.52330000000002,35.868,-77.89841530599158,75.147021259509,934.6823001901704,4.009862654268631,0.1763046186972071,0.2830816769974573,0.0499086071232026,0.0,0.0,41.56659640268949,17.64724472352588,210.36215214378035,0.0,0.0576463141839945,0.0,0.0163186152919274,0.0043833277118164515
S19S_0075-M,-119.465591,46.694842,-78.12571408846313,75.1967000240214,934.686056648992,4.020821137210183,0.1760924644116607,0.2838553059209169,0.0499847803559401,0.0,0.0,32.24938413719353,17.668929735497613,210.3651520641525,0.0,0.0557581449331068,0.0,0.0158272452875698,0.0034100924938623395
S19S_0075-U,-119.465706,46.694858,-80.38472903581143,75.1236971394223,934.6801794084488,4.020821137210183,0.1759227918792021,0.2838553059209169,0.0499366179073326,0.0,0.0,32.584709497089456,17.64560386603348,210.3632282165551,0.0,0.0557336292251154,0.0,0.015820286373778,0.0034455502405256
S19S_0075-D,-119.465555,46.694742,-80.25790972506499,75.12805444677231,934.6805311006544,4.020821137210183,0.1759324303944821,0.2838553059209169,0.0499393538510361,0.0,0.0,32.55838001698257,17.647783457242273,210.36340380196293,0.0,0.0557346742265788,0.0,0.0158205830029881,0.003442766126506621
CM_008-1,-117.611779,33.94849,-3438.119739140937,297.6310507586365,979.9779766551756,4.021937970883145,0.6838089781165634,0.2839341503044602,0.1941567211720876,0.0,0.0,456.5076578128122,81.99608229374695,215.5331521777449,0.0,0.1895911760651382,0.0,0.0538314094812783,0.04828513105706733
CM_008-2,-117.611779,33.94849,-3438.119739140937,297.6310507586365,979.9779766551756,4.021937970883145,0.6838089781165634,0.2839341503044602,0.1941567211720876,0.0,0.0,456.5076578128122,81.99608229374695,215.5331521777449,0.0,0.1895911760651382,0.0,0.0538314094812783,0.04828513105706733
CM_008-3,-117.611779,33.94849,-3438.119739140937,297.6310507586365,979.9779766551756,4.021937970883145,0.6838089781165634,0.2839341503044602,0.1941567211720876,0.0,0.0,456.5076578128122,81.99608229374695,215.5331521777449,0.0,0.1895911760651382,0.0,0.0538314094812783,0.04828513105706733
S19S_0036-D,-119.271902,46.372515,-143.98513228749073,73.6607046206038,934.564034426768,4.029285266562806,0.1722810967485924,0.284452842579414,0.0490058476928361,0.0,0.0,72.56675353683528,17.420535133562854,210.34297075937428,0.0,0.0536148731677419,0.0,0.0152509030770989,0.007689457290567654
S19S_0036-M,-119.271921,46.372735,-139.8175701716071,73.74377721339592,934.5705183849255,4.029285266562806,0.1724775860398522,0.284452842579414,0.0490617396302713,0.0,0.0,71.27999877244007,17.427234004294192,210.34385814128632,0.0,0.0536405321555505,0.0,0.0152582018491188,0.007553107718318581
S19S_0036-U,-119.271963,46.372753,-139.48389860105226,73.75039009681151,934.5710375877132,4.029285266562806,0.1724971295989993,0.284452842579414,0.0490672988512249,0.0,0.0,71.29709598911039,17.422760924538434,210.34350052575576,0.0,0.0536451074498865,0.0,0.0152595033045983,0.0075549194063295
S19S_0074-D,-119.272998,46.376172,-124.5434803268367,74.12142054814328,934.6006651864946,4.02979336506543,0.173388929828945,0.2844887124803567,0.0493271934053834,0.0,0.0,65.21353337877136,17.560367643217152,210.35358536849705,0.0,0.0540839518589148,0.0,0.0153862738301922,0.006911152692211017
S19S_0074-U,-119.272955,46.376327,-124.02186470107964,74.13257571611686,934.6015374483076,4.02979336506543,0.1734125793569269,0.2844887124803567,0.0493339214291497,0.0,0.0,65.06357656704904,17.561526885477033,210.35374385247832,0.0,0.0540803897723595,0.0,0.0153852604567743,0.00689526067763437
S19S_0074-M,-119.272953,46.376303,-209.36082526368205,73.10831813807634,934.521339398941,4.02979336506543,0.1711621963267327,0.2844887124803567,0.0486937128583022,0.0,0.0,170.4085233899497,17.106962929785478,210.3138714282349,0.0,0.0539578434753465,0.0,0.0153503974185179,0.01805943128954169
S19S_0015-D,-84.439009,31.184396,-78.68755553399987,75.13301742373373,934.6808356274952,4.045883390591036,0.176285762581156,0.2856246095924116,0.0503515521139432,0.0,0.0,28.300489686171623,17.549308999409277,210.3556315481581,0.0,0.0568305836418225,0.0,0.0162322132656044,0.0030111839769556875
S19S_0015-U,-84.437254,31.185895,-82.1747276371181,74.99764218612725,934.6697459438792,4.045883390591036,0.175972866477784,0.2856246095924116,0.0502621812865746,0.0,0.0,25.45998522589851,17.46083983307927,210.3493430188348,0.0,0.0568242281123863,0.0,0.0162303979699904,0.002708953110561
S19S_0015-M,-84.437802,31.184508,-79.43672809727492,75.0999207750001,934.6780953243648,4.045883390591036,0.1762099332177671,0.2856246095924116,0.0503298933816296,0.0,0.0,27.074981091200065,17.523800073490946,210.3539021780021,0.0,0.0568514347942413,0.0,0.0162381688678736,0.002880789348250624
S19S_0035-U,-110.75954299999998,32.327329,-75.10836900978757,75.21127802994859,934.6869555273196,4.059199015957795,0.1766197712853192,0.2865646441731669,0.0506129819123235,0.0,0.0,30.98557616335329,17.281932939472508,210.3343542170143,0.0,0.0574249880292215,0.0,0.0164559712612422,0.0033077288390099225
S19S_0010-D,-81.840062,31.667875,-68.7727461252483,75.46483185622458,934.7076954686772,4.07054260378745,0.1768980933479109,0.2873654600970162,0.0508344019852072,0.0,0.0,31.15882669317836,17.60638096402038,210.359764256715,0.0,0.0563882377738606,0.0,0.0162040318919454,0.0033355186963482156
S19S_0010-U,-81.8403,31.667905,-68.7727461252483,75.46483185622458,934.7076954686772,4.07054260378745,0.1768980933479109,0.2873654600970162,0.0508344019852072,0.0,0.0,31.15882669317836,17.60638096402038,210.359764256715,0.0,0.0563882377738606,0.0,0.0162040318919454,0.0033355186963482156
S19S_0010-M,-81.839976,31.667835000000004,-69.99495175654391,75.41064551188592,934.703216416687,4.07054260378745,0.1767681809941311,0.2873654600970162,0.050797069661891,0.0,0.0,30.40457173744769,17.55991542637794,210.35640273814943,0.0,0.0563641156209263,0.0,0.0161971000183689,0.00325477651913383
CM_083-1,-98.190709,28.461375,-162.02602528614676,73.21048250409648,934.5284127611924,4.108640320839809,0.1715789820126648,0.2900550199555006,0.0497673450516279,0.0,0.0,57.8505704374587,17.34824461368661,210.33819918990392,0.0,0.0545827887517726,0.0,0.0158320118806222,0.0062508020889425675
CM_083-2,-98.190709,28.461375,-163.3114402271565,73.20114618545685,934.5277375340108,4.108640320839809,0.1715317616096976,0.2900550199555006,0.0497536485367029,0.0,0.0,59.22549903196625,17.384335595204906,210.3409018873994,0.0,0.0545600259649438,0.0,0.0158254094200344,0.006399364263277321
CM_083-3,-98.190709,28.461375,-162.2307630250353,73.2073705803016,934.5281719608316,4.108640320839809,0.1715687067375329,0.2900550199555006,0.0497643646564945,0.0,0.0,57.794004407525634,17.35209142882294,210.33850178569355,0.0,0.0545817187009045,0.0,0.0158317015069963,0.006244690082519899
CM_102-1,-106.52276000000002,35.86754,-57.598007315506585,75.7294010864782,934.7292247167022,4.116518594421361,0.1777313031487746,0.2906111973335303,0.051650706811714,0.0,0.0,37.14461963046301,17.63762317934857,210.3617311461452,0.0,0.0579242911332811,0.0,0.0168334476009388,0.0040212027971338665
CM_102-3,-106.52276000000002,35.86754,-57.576536234123886,75.7311747270854,934.7293869616918,4.116518594421361,0.1777403880689796,0.2906111973335303,0.0516533469912524,0.0,0.0,37.5969029789277,17.638194284412716,210.3616874592579,0.0,0.0579470673583208,0.0,0.0168400666269683,0.004070166094753738
CM_102-2,-106.52276000000002,35.86754,-57.58064342571557,75.72949846837841,934.7292250311588,4.116518594421361,0.1777294391806905,0.2906111973335303,0.0516501651217173,0.0,0.0,36.94182459385026,17.637653432956007,210.3617710825785,0.0,0.0579150284328977,0.0,0.0168307557564898,0.003999248608974586
CM_032-1,-96.798,46.804,-3820.783778767144,326.1816200268449,990.1221095762209,4.166991666706777,0.7388527786786373,0.2941744121310644,0.2173515818191915,0.0,0.0,1364.1229419070405,116.27077313846644,225.46326899983973,0.0,0.2101027515772895,0.0,0.0618068534323682,0.14948792857334617
CM_032-2,-96.798,46.804,-3553.017988287048,304.237102664542,985.28203884841,4.166991666706777,0.6759136480419875,0.2941744121310644,0.1988365000641148,0.0,0.0,1511.658960084419,132.59054867534422,223.9355143058422,0.0,0.2323871018685045,0.0,0.0683623390790091,0.16565571893134956
CM_032-3,-96.798,46.804,-3563.0857248897737,309.0350678944945,989.5420848249807,4.166991666706777,0.6528309873805759,0.2941744121310644,0.1920461719336232,0.0,0.0,2113.07312684263,172.6865976379675,237.2958462065712,0.0,0.2331154596764932,0.0,0.0685766033089952,0.23156191788264358
S19S_0076-U,-119.462645,46.679398,-116.49434823830563,74.18528296592663,934.6052382670912,4.171489251388466,0.1736753278988125,0.2944919252041806,0.0511459816733885,0.0,0.0,41.79579813913238,17.498748480075673,210.3508886044112,0.0,0.0547865833105965,0.0,0.0161342063944967,0.004585151932867526
S19S_0076-D,-119.46260499999998,46.679191,-116.49434823830563,74.18528296592663,934.6052382670912,4.171489251388466,0.1736753278988125,0.2944919252041806,0.0511459816733885,0.0,0.0,41.79579813913238,17.498748480075673,210.3508886044112,0.0,0.0547865833105965,0.0,0.0161342063944967,0.004585151932867526
S19S_0076-M,-119.46257,46.679318,-113.38057554838966,74.26332515245937,934.6114544223632,4.171489251388466,0.1738650140140014,0.2944919252041806,0.0512018427026351,0.0,0.0,40.91974393419321,17.522783378772864,210.3527993655707,0.0,0.0548615910709934,0.0,0.0161562955742613,0.004489045582231463
S19S_0051-U,-147.80559,64.85568,-70.95792238297854,75.33401914054134,934.6970416802556,4.17699834594569,0.1771155234505424,0.2948808471849213,0.0522279756046967,0.0,0.0,32.735478792087434,17.243144839460495,210.33017553261772,0.0,0.0578323778374805,0.0,0.0170536605714347,0.003595944495934132
CM_072-4,-96.8252242,31.1355617,-375.1913621613702,71.25594746533486,934.375932101009,4.25024482587443,0.167307831048151,0.3000517814936851,0.0502010127638421,0.0,0.0,74.45749402108245,15.93230808241376,210.2330412458236,0.0,0.0528507002719965,0.0,0.0158579467698013,0.008322471980976864
CM_072-6,-96.8252242,31.1355617,-286.92828778283405,71.374908850837,934.3851679612476,4.25024482587443,0.1677390060649408,0.3000517814936851,0.0503303875957655,0.0,0.0,85.4987942443324,16.219711814164775,210.2542454736285,0.0,0.054140123052739,0.0,0.0162448403722616,0.009556611176093108
CM_072-5,-96.8252242,31.1355617,-292.64364258251555,71.4371064386076,934.3899713598476,4.25024482587443,0.1679311093829508,0.3000517814936851,0.0503880285385652,0.0,0.0,91.0811900789569,16.213885097321576,210.2535479247133,0.0,0.0542875791683153,0.0,0.0162890848424324,0.010180582389886974
CM_116-1,-107.305985,44.847593,-117.4597301748523,73.88489190125686,934.5804406519786,4.287465226697005,0.1735115902778239,0.3026794060264496,0.0525183850839963,0.0,0.0,37.54391236219249,16.718535527410488,210.2923679103176,0.0,0.0562030258293443,0.0,0.0170114984749151,0.004233212961992761
CM_116-3,-107.305985,44.847593,-139.86197063245083,73.46445886674499,934.5478351429448,4.287465226697005,0.1725187997091747,0.3026794060264496,0.052217887824369,0.0,0.0,52.12991559127972,16.607762573859752,210.28093076267712,0.0,0.0559654805615117,0.0,0.0169395984143431,0.005877837990342748
CM_116-2,-107.305985,44.847593,-121.84103125191044,73.77207616284517,934.5715456974506,4.287465226697005,0.1732849743568157,0.3026794060264496,0.0524497931116295,0.0,0.0,36.96144380616839,16.7374609902456,210.29378879831,0.0,0.0562798546733883,0.0,0.017034752983796,0.004167537509271496
CM_114-2,-96.78201,46.9316,-555.1623111249465,74.92859009762526,934.6881870199052,4.30868650818576,0.1741304543340921,0.3041775510927093,0.0529665751700049,0.0,0.0,296.6603526415444,18.35718922197685,210.3072639100475,0.0,0.0508313366899685,0.0,0.0154617515131236,0.0336150982163334
CM_114-1,-96.78201,46.9316,-553.1922219847886,75.2252041179806,934.7187380846902,4.30868650818576,0.1743535787466049,0.3041775510927093,0.0530344446073921,0.0,0.0,313.58148485006376,19.01696703767445,210.33266997189463,0.0,0.0497102500131168,0.0,0.0151207421131962,0.035532461005314604
CM_114-3,-96.78201,46.9316,-551.4782272153553,75.16876405152684,934.7135909275992,4.30868650818576,0.1742320619396156,0.3041775510927093,0.0529974819226255,0.0,0.0,311.80752078659646,18.965826538954055,210.33104767633088,0.0,0.0496534760379451,0.0,0.0151034727444626,0.03533145006571745
CM_092-1,-85.013591,29.945472,-71.5084611566999,75.39411923172926,934.7017529147946,4.328331147103755,0.1766906239698713,0.3055643909444423,0.0539903628989471,0.0,0.0,34.27445513384566,17.564614361318995,210.35743848837876,0.0,0.0560063014019059,0.0,0.0171135313769242,0.003901404840175687
CM_092-2,-85.013591,29.945472,-71.48947324800842,75.39200189295465,934.7015657390054,4.328331147103755,0.176689401745627,0.3055643909444423,0.0539899894307403,0.0,0.0,33.97077256861989,17.56021747117355,210.3571523237162,0.0,0.0560161433295191,0.0,0.0171165387195411,0.003866837153389068
CM_092-3,-85.013591,29.945472,-71.52374708919277,75.39527070702584,934.701857455065,4.328331147103755,0.1766899248605694,0.3055643909444423,0.0539901492760391,0.0,0.0,34.5731650415636,17.56491349424072,210.35740589796717,0.0,0.0559913600173207,0.0,0.0171089658218436,0.003935406497539114
S19S_0020-D,-88.15755,31.85294,-122.62387249747913,73.95613217919724,934.5865169007902,4.334060135642965,0.1734450742346741,0.305968836638225,0.0530687875842137,0.0,0.0,35.67831123713503,17.293452353952677,210.3366755441299,0.0,0.055338492093628,0.0,0.016931854047201,0.0040665788885793095
S19S_0020-M,-88.1575,31.853020000000004,-128.91349664619247,73.84512730797745,934.5778177453988,4.334060135642965,0.1731279819858635,0.305968836638225,0.0529717672377382,0.0,0.0,36.60864028067033,17.36281843986375,210.34200308375028,0.0,0.055297349929629,0.0,0.0169192658271454,0.004172616879635767
S19S_0020-U,-88.15748,31.8531,-144.72381461462584,73.38361642054932,934.5411471474883,4.334060135642965,0.1720259845565073,0.305968836638225,0.0526345903662997,0.0,0.0,40.79979749338587,17.053080055859876,210.3182312187512,0.0,0.0549282111121852,0.0,0.0168063208526141,0.004650320864184407
CM_110-2,-111.79637599999998,41.739155,-123.49257896891612,73.73005217629725,934.568202324989,4.345816263607608,0.1731600943829833,0.306798776390821,0.0531253050764183,0.0,0.0,36.620791431747165,16.67938546303525,210.28930817238577,0.0,0.0560831734186,0.0,0.0172062489809407,0.004185323826162258
CM_110-1,-111.79637599999998,41.739155,-124.15029519766794,73.711405638465,934.5667179382316,4.345816263607608,0.1731436300184934,0.306798776390821,0.0531202538295387,0.0,0.0,35.72077344388428,16.671100803780643,210.28871792315337,0.0,0.0561287269159707,0.0,0.0172202247381943,0.004082462402874951
CM_110-3,-111.79637599999998,41.739155,-124.17641093665476,73.71050715781003,934.5666469795708,4.345816263607608,0.1731404036392086,0.306798776390821,0.053119263980322,0.0,0.0,35.78024783958939,16.671241790101696,210.2887295637541,0.0,0.056125287037939,0.0,0.0172191693878232,0.004089259623679289
SSS025-2,-120.1377,46.2752,-3429.72821778964,293.76256341139936,980.8830189888369,4.417667744532429,0.6855086409360196,0.3118712288583131,0.2137904222417085,0.0,0.0,1312.58070813637,95.49774998329842,210.56390230913505,0.0,0.2552173017553963,0.0,0.0795949335243583,0.15249269688747225
SSS025-1,-120.1377,46.2752,-3429.72821778964,293.76256341139936,980.8830189888369,4.417667744532429,0.6855086409360196,0.3118712288583131,0.2137904222417085,0.0,0.0,1312.58070813637,95.49774998329842,210.56390230913505,0.0,0.2552173017553963,0.0,0.0795949335243583,0.15249269688747225
SSS025-3,-120.1377,46.2752,-3217.897419034859,277.89712958840687,976.2911052029144,4.417667744532429,0.6368907532128218,0.3118712288583131,0.1986279018529793,0.0,0.0,1267.6827351650795,98.2832401909236,211.6254149286488,0.0,0.2320356710983112,0.0,0.0723652498843936,0.14727655060348951
S19S_0087-U,-116.7745057,43.1231912,-171.53052956408084,72.87118192935736,934.5015954433692,4.426397791785693,0.1714244965991381,0.312487538350632,0.0535680189552609,0.0,0.0,54.2018473480142,16.58178906120756,210.2778419594753,0.0,0.056543986590037,0.0,0.0176692911780518,0.00630949366099361
S19S_0087-M,-116.7744702,43.1233625,-318.8518012620072,76.27639140943563,934.8259231727518,4.426397791785693,0.1755389213256946,0.312487538350632,0.0548537254097915,0.0,0.0,435.65456496713017,22.92952739799172,210.6139819846883,0.0,0.0527942927817932,0.0,0.016497558590345,0.05071339540134223
S19S_0087-D,-116.77434309999998,43.1233451,-196.9732059034432,72.39325290225649,934.4640433958514,4.426397791785693,0.1699189011259673,0.312487538350632,0.0530975391320979,0.0,0.0,58.36039570107503,16.4570880387449,210.27004634281468,0.0,0.0548652256306251,0.0,0.017144699298366,0.006793579273502424
CM_091-1,-85.032366,30.423663,-79.21650204036442,75.14384454968601,934.681566296272,4.442847358201675,0.1761166106806117,0.3136488177380844,0.0552387667240123,0.0,0.0,34.23993897112603,17.504747278071083,210.35260839102196,0.0,0.0558756744055667,0.0,0.0175253392176241,0.0040005928418864155
CM_091-2,-85.032366,30.423663,-79.9483711922633,75.13012549318809,934.6805119382086,4.442847358201675,0.1760730695640261,0.3136488177380844,0.0552251101042722,0.0,0.0,35.2759410645798,17.51293373103389,210.3530504087772,0.0,0.0558257459232499,0.0,0.017509679208174,0.004121639277242085
CM_091-3,-85.032366,30.423663,-87.56997257176035,74.87551188653505,934.6598165124268,4.442847358201675,0.1755581071523404,0.3136488177380844,0.0550635927526674,0.0,0.0,28.55558207812395,17.353490388814503,210.34113893348817,0.0,0.055968357927948,0.0,0.0175544092948428,0.003336432852698095
S19S_0098-D,-111.58053300000002,41.950204,-86.35719988666303,74.84448283584004,934.6574844470229,4.575526358927654,0.1757326602517833,0.3230154712287904,0.0567643680615186,0.0,0.0,28.50249417319333,17.301231429800342,210.33607773760303,0.0,0.0572955576730337,0.0,0.0185073515610713,0.0034296824114088335
S19S_0098-U,-111.580465,41.950373,-85.19670939860038,74.88598714188399,934.660873717072,4.575526358927654,0.1757592490143634,0.3230154712287904,0.0567729566431928,0.0,0.0,29.3457987999008,17.417036906964405,210.345314983162,0.0,0.0572697160850488,0.0,0.018499004328351,0.003531156585146179
S19S_0098-M,-111.580451,41.950345,-86.3192116316613,74.84543129612528,934.6575600602312,4.575526358927654,0.1757339689499722,0.3230154712287904,0.0567647907912808,0.0,0.0,28.49595294254505,17.302191433275965,210.3361583691192,0.0,0.0572943102860719,0.0,0.018506948635784,0.0034288953103373604
CM_115-4,-92.161779,34.675166,-138.5984837181847,73.55682844350099,934.5549400176894,4.579329492365794,0.172533624903757,0.3232839585771956,0.0557773532465595,0.0,0.0,30.372024738244026,17.102249887979646,210.32135641369155,0.0,0.0552778642973406,0.0,0.0178704467917373,0.0036576792373923398
CM_115-6,-92.161779,34.675166,-138.51603643886375,73.56088046226735,934.5552665614816,4.579329492365794,0.1725393691571276,0.3232839585771956,0.0557792102715282,0.0,0.0,30.61703656572861,17.109047731226497,210.32187172005013,0.0,0.0552685798087517,0.0,0.0178674452655129,0.0036871858205730613
CM_115-5,-92.161779,34.675166,-138.51603643886375,73.56088046226735,934.5552665614816,4.579329492365794,0.1725393691571276,0.3232839585771956,0.0557792102715282,0.0,0.0,30.61703656572861,17.109047731226497,210.32187172005013,0.0,0.0552685798087517,0.0,0.0178674452655129,0.0036871858205730613
CM_109-2,-111.580198,41.950688,-85.02558482617795,74.88218021182033,934.6606106333232,4.582994580684242,0.175851026154358,0.3235427004436846,0.0568953158777739,0.0,0.0,26.86165459597514,17.407093697931813,210.344284912314,0.0,0.0575247479390388,0.0,0.0186117122905389,0.0032375171908124376
CM_109-3,-111.580198,41.950688,-82.6837726383296,74.94099419333708,934.6652228844156,4.582994580684242,0.1760108360038616,0.3235427004436846,0.0569470211880398,0.0,0.0,26.52798552587712,17.32472648237742,210.33798617687887,0.0,0.0575042475714487,0.0,0.0186050795462487,0.0031973015240289553
CM_109-1,-111.580198,41.950688,-84.56118957971452,74.8975009277764,934.6618637840088,4.582994580684242,0.1758761099778604,0.3235427004436846,0.0569034315657674,0.0,0.0,28.67744243888708,17.44144220833756,210.34700394222693,0.0,0.0575374809706955,0.0,0.0186158319699859,0.0034563661204378105
CM_112-2,-90.3068491,38.9329146,-136.6370470117944,74.02610413370667,934.5937033574372,4.620471364073208,0.1733931745329024,0.326188424650454,0.0565588464460286,0.0,0.0,63.33071190170725,17.77138956186579,210.3683808838593,0.0,0.0555298338132249,0.0,0.0181131890126373,0.007695389953955602
CM_112-1,-90.3068491,38.9329146,-140.78815912732006,73.97297766168171,934.5894893255304,4.620471364073208,0.1733042172661738,0.326188424650454,0.0565298296153332,0.0,0.0,66.37337019553048,17.740069853785773,210.36577470093977,0.0,0.0555899259094561,0.0,0.0181327903588409,0.008065106973779216
CM_112-3,-90.3068491,38.9329146,-140.78815912732006,73.97297766168171,934.5894893255304,4.620471364073208,0.1733042172661738,0.326188424650454,0.0565298296153332,0.0,0.0,66.37337019553048,17.740069853785773,210.36577470093977,0.0,0.0555899259094561,0.0,0.0181327903588409,0.008065106973779216
CM_007-1,-121.580361,39.007299,-70.4584352102422,75.4492574684173,934.7064734682826,4.695430474260951,0.1766442212275452,0.3314802644085052,0.0585540731587411,0.0,0.0,39.500529071520496,17.734643921504027,210.3703640317374,0.0,0.0556715047275125,0.0,0.0184540051070952,0.004877623854530105
CM_007-3,-121.580361,39.007299,-70.4584352102422,75.4492574684173,934.7064734682826,4.695430474260951,0.1766442212275452,0.3314802644085052,0.0585540731587411,0.0,0.0,39.500529071520496,17.734643921504027,210.3703640317374,0.0,0.0556715047275125,0.0,0.0184540051070952,0.004877623854530105
CM_007-2,-121.580361,39.007299,-70.4584352102422,75.4492574684173,934.7064734682826,4.695430474260951,0.1766442212275452,0.3314802644085052,0.0585540731587411,0.0,0.0,39.500529071520496,17.734643921504027,210.3703640317374,0.0,0.0556715047275125,0.0,0.0184540051070952,0.004877623854530105
CM_079-2,-81.64963,26.72027,-153.44509387899538,73.20151818414874,934.5274935699048,4.703912666881634,0.1722129638416612,0.3320790762678397,0.0571883219538857,0.0,0.0,32.27596672556336,16.899248983258445,210.30271434031297,0.0,0.0570581313336025,0.0,0.0189478115468317,0.003992716625287343
CM_079-3,-81.64963,26.72027,-144.2362896947882,73.39197560898228,934.5424519034624,4.703912666881634,0.1724698088747034,0.3320790762678397,0.0572736148152023,0.0,0.0,29.6518126665148,17.079945379293292,210.31721033507745,0.0,0.0568206197814649,0.0,0.018868938929995,0.003668094170816289
CM_079-1,-81.64963,26.72027,-154.36494725755057,73.18480932821,934.5262017421752,4.703912666881634,0.1721802199138066,0.3320790762678397,0.0571774483805703,0.0,0.0,32.482597215152296,16.89865042264236,210.30258315437956,0.0,0.0570707350247499,0.0,0.0189519969689456,0.004018277966271735
CM_090-6,-121.2992935,38.1490173,-161.61346342469406,73.13538603564402,934.5219804921604,4.725810223181642,0.1711895518511444,0.3336249638689907,0.0571131080510867,0.0,0.0,54.468768879925385,17.174305189463443,210.32665087767683,0.0,0.0540828544166148,0.0,0.018043390350675,0.006769456718439936
CM_090-4,-121.2992935,38.1490173,-157.9693402122401,73.20524180066315,934.5274755779934,4.725810223181642,0.1713876076073598,0.3336249638689907,0.0571791843955981,0.0,0.0,51.90875152312744,17.192761467843123,210.32803234507548,0.0,0.0542348199196158,0.0,0.018094089836123,0.006451294089622275
CM_090-5,-121.2992935,38.1490173,-162.88687702367469,73.10503976780942,934.5195716630008,4.725810223181642,0.1711223375068813,0.3336249638689907,0.0570906836679105,0.0,0.0,55.23894320754225,17.157339555532,210.3254361983781,0.0,0.0540421860752029,0.0,0.0180298223767408,0.006865175088501674
CM_105-1,-107.05596,38.85626,-49.85031845725443,75.93016070577771,934.7451956568784,4.734411605208903,0.1783386582653069,0.3342321900656738,0.0596065203253872,0.0,0.0,26.89984234645447,17.50925480543357,210.35256493342848,0.0,0.0582927691227435,0.0,0.0194833198888872,0.0033492358110380625
CM_105-2,-107.05596,38.85626,-49.58535826474871,75.9364614894332,934.745701046228,4.734411605208903,0.1783555905464992,0.3342321900656738,0.0596121796388129,0.0,0.0,26.919925643263152,17.499572714852206,210.3517910861416,0.0,0.0582732489417235,0.0,0.0194767956160344,0.0033517363348704713
CM_105-3,-107.05596,38.85626,-49.83739647925348,75.93049793973334,934.7452229636574,4.734411605208903,0.1783394794769064,0.3342321900656738,0.0596067948007386,0.0,0.0,26.900740581177327,17.509078689744907,210.3525507040348,0.0,0.0582921948543083,0.0,0.0194831279498904,0.0033493476481210377
CM_111-1,-90.13425,38.86168,-133.18971679898613,74.06361204673645,934.5966267524752,4.792924594443787,0.1735419653814153,0.3383629936734014,0.0587201789344214,0.0,0.0,56.43812894495865,17.800784243553565,210.37110419457275,0.0,0.0558386591104739,0.0,0.0188937358593284,0.007113825091901622
CM_111-3,-90.13425,38.86168,-132.14100756254948,74.07191628446132,934.5972563815352,4.792924594443787,0.1735512726529741,0.3383629936734014,0.058723328170689,0.0,0.0,55.368798159135714,17.798733225868183,210.37107129012384,0.0,0.0557984776571188,0.0,0.0188801399424811,0.00697903975585427
CM_111-2,-90.13425,38.86168,-135.32532009294042,74.04276312147755,934.5950007835568,4.792924594443787,0.173511744619648,0.3383629936734014,0.0587099533469987,0.0,0.0,58.45700341754453,17.795246630209526,210.3705073209649,0.0,0.0558978697878928,0.0,0.0189137705613974,0.0073682970269030035
CM_077-3,-105.658917,35.776694,-47.91226689722327,75.95684255609007,934.7470628005264,4.891932397657476,0.1785291564318952,0.3453525834389583,0.0616555053929329,0.0,0.0,25.95049208303793,17.323791566634277,210.33869303186523,0.0,0.0584284326050786,0.0,0.0201784101464529,0.003338535690607407
CM_077-2,-105.658917,35.776694,-47.24577822423922,75.97338620232111,934.7483938982856,4.891932397657476,0.1785589890886468,0.3453525834389583,0.0616658081780129,0.0,0.0,26.56298897376794,17.32622967994697,210.3389598800277,0.0,0.0583988320549423,0.0,0.0201681875199922,0.0034173335308774486
CM_077-1,-105.658917,35.776694,-47.2755115915913,75.97231358289375,934.7483063179392,4.891932397657476,0.1785572646949085,0.3453525834389583,0.0616652126541805,0.0,0.0,26.56326110641235,17.325631174542497,210.33891256450624,0.0,0.058399544945073,0.0,0.0201684337184405,0.0034173685407933698
S19S_0051-M,-147.50249,65.15298,-64.71025103537228,75.49758877549203,934.7101581891104,4.956002097237157,0.1773323365522634,0.3498756705283458,0.0620442701575814,0.0,0.0,25.208134442056554,17.36117545146708,210.3402845464432,0.0,0.0576897409711422,0.0,0.020184236804885,0.00328550526094924
S19S_0051-D,-147.50267,65.1531,-93.51212546559854,74.88460001890216,934.6618365130388,4.956002097237157,0.176564925788566,0.3498756705283458,0.0617757718020621,0.0,0.0,80.79256473851525,16.96431171281651,210.3030091262067,0.0,0.0588535261952349,0.0,0.0205914169405154,0.010530108727566679
CM_009-3,-121.10824,37.7323106,-89.29628168841421,74.8794337180126,934.6604280716527,5.014339049851456,0.1752404792278973,0.3539940465927721,0.0620340863687399,0.0,0.0,39.5932280467112,17.646994308559524,210.36408879785571,0.0,0.0551992770640189,0.0,0.0195402154568876,0.005221130956323917
CM_009-2,-121.10824,37.7323106,-89.29628168841421,74.8794337180126,934.6604280716527,5.014339049851456,0.1752404792278973,0.3539940465927721,0.0620340863687399,0.0,0.0,39.5932280467112,17.646994308559524,210.36408879785571,0.0,0.0551992770640189,0.0,0.0195402154568876,0.005221130956323917
CM_009-1,-121.10824,37.7323106,-89.29628168841421,74.8794337180126,934.6604280716527,5.014339049851456,0.1752404792278973,0.3539940465927721,0.0620340863687399,0.0,0.0,39.5932280467112,17.646994308559524,210.36408879785571,0.0,0.0551992770640189,0.0,0.0195402154568876,0.005221130956323917
CM_086-5,-121.433908,38.257823,-689.9690397221597,78.39958844198485,934.9598462676722,5.045818414636911,0.1822793300229289,0.356216374922346,0.0649308821640416,0.0,0.0,187.36676305883685,17.95822331295972,210.3369932410688,0.0,0.0509392914874972,0.0,0.018145409754789,0.0248630355220495
CM_086-4,-121.433908,38.257823,-688.4017488749622,78.36065987429896,934.9565874193372,5.045818414636911,0.1821742726136239,0.356216374922346,0.0648934589945403,0.0,0.0,187.7166902874029,17.957975548456083,210.3369491669145,0.0,0.050880885481091,0.0,0.0181246045789132,0.02490946986809858
CM_086-6,-121.433908,38.257823,-527.8586780814677,75.46121911087027,934.7216132985714,5.045818414636911,0.1750349718524381,0.356216374922346,0.0623503231579103,0.0,0.0,262.0936186085786,18.536966392537277,210.3695551086964,0.0,0.0512616928924721,0.0,0.018260254414539,0.034779076305658824
S19S_0068-U,-122.257915,44.207269,-57.94441678597102,75.7821047933093,934.7331133072912,5.081597725400527,0.1776896132281718,0.3587422637534748,0.0637447740949537,0.0,0.0,31.326656439399997,17.481569826759152,210.35059454007867,0.0,0.0565180574522379,0.0,0.0202754158733647,0.00418643454382077
S19S_0027-M,-105.91152,39.89078,-44.95607004622802,76.09392200075195,934.7586102819184,5.194581166132229,0.178699992365144,0.3667184825502023,0.0655325900318783,0.0,0.0,28.33750100291889,17.559405264920837,210.35626188609768,0.0,0.0583515772690725,0.0,0.0213986018705251,0.0038711684013149495
S19S_0027-U,-105.91164,39.89071,-44.7048356214245,76.10146195966112,934.7592205739196,5.194581166132229,0.1787235267177677,0.3667184825502023,0.0655412205139603,0.0,0.0,28.324233494937737,17.55854799081173,210.3562077451961,0.0,0.0583703083764798,0.0,0.02140547091381,0.003869355935294902
S19S_0027-D,-105.91125,39.89064,-45.05461454169361,76.09085374706352,934.7583581325588,5.194581166132229,0.178690448140605,0.3667184825502023,0.0655290899883382,0.0,0.0,28.366199549543268,17.560035802551596,210.356326289324,0.0,0.0583441613743172,0.0,0.0213958823248537,0.003875088891934235
S19S_0050-U,-149.5972,68.62722,-703.0084930828077,97.38317275447812,937.8335718871192,5.261200526956688,0.2217181741091343,0.3714215664233147,0.0823509115321318,0.0,0.0,861.1946140426033,63.74634873291758,213.80044529705063,0.0,0.1333699093673696,0.0,0.0495364606509639,0.11915606126845422
CM_006-3,-119.8217832,38.9745676,-2799.954230016036,235.5057692457792,962.0436530187802,5.300289259968263,0.5609848314254658,0.3741810883936852,0.2099099147951288,0.0,0.0,402.0334083436354,46.07196673485077,209.167654322452,0.0,0.17628103215964,0.0,0.0659610284766563,0.05603917001901517
CM_006-1,-119.8217832,38.9745676,-2799.954230016036,235.5057692457792,962.0436530187802,5.300289259968263,0.5609848314254658,0.3741810883936852,0.2099099147951288,0.0,0.0,402.0334083436354,46.07196673485077,209.167654322452,0.0,0.17628103215964,0.0,0.0659610284766563,0.05603917001901517
CM_006-2,-119.8217832,38.9745676,-2799.954230016036,235.5057692457792,962.0436530187802,5.300289259968263,0.5609848314254658,0.3741810883936852,0.2099099147951288,0.0,0.0,402.0334083436354,46.07196673485077,209.167654322452,0.0,0.17628103215964,0.0,0.0659610284766563,0.05603917001901517
S19S_0047-D,-149.40333,68.64278,-1993.0019326095407,187.31553998692243,957.217452420556,5.308493188703372,0.388227180113992,0.3747602558376948,0.1454921173426664,0.0,0.0,1862.673004600873,150.93691092222838,228.1721391722145,0.0,0.2759702982277914,0.0,0.103422699567452,0.2600386268071257
S19S_0047-U,-149.40346,68.6427,-1227.230961214879,129.63932758232627,944.0096469662336,5.308493188703372,0.2821923250853499,0.3747602558376948,0.1057544679444196,0.0,0.0,1441.6058988827965,103.95148053095022,218.34762619075036,0.0,0.1896478354634398,0.0,0.0710724713373437,0.20125551689243545
S19S_0047-M,-149.40339,68.64274,-1931.872522870463,183.86785705784533,956.751344394916,5.308493188703372,0.3784804014168586,0.3747602558376948,0.1418394120645353,0.0,0.0,1889.378247020513,153.12462111741007,228.68548222564644,0.0,0.280808062669417,0.0,0.1052357014072781,0.26376681449771966
S19S_0050-D,-149.14198,68.66953,-765.9948047965842,105.37845311736535,939.8988387325368,5.408688720092886,0.239037348536408,0.3818336948801022,0.0912725140059994,0.0,0.0,1081.4592620629664,87.66806064932113,216.39102367619267,0.0,0.1841246425808444,0.0,0.070304992595122,0.15382684448222733
S19S_0050-M,-149.14041,68.66967,-772.3755476646536,106.78891951600656,940.3213344672232,5.408688720092886,0.2419548151143697,0.3818336948801022,0.0923865010491517,0.0,0.0,1124.2799414616825,92.08065814224844,216.9518134740567,0.0,0.193425222560921,0.0,0.0738562674134426,0.1599176610497645
CM_089-3,-116.83179300000002,34.16866,-53.14809909786159,75.84458923529749,934.7383258385264,5.469602201350573,0.1780173531675742,0.3861339644685937,0.0687385463228011,0.0,0.0,30.942472883629065,17.585975971273477,210.35858309260087,0.0,0.0578726315893613,0.0,0.0223465886698304,0.004450827264794061
CM_089-1,-116.83179300000002,34.16866,-51.4008973451834,75.89940199496137,934.7427451580304,5.469602201350573,0.1781475888737918,0.3861339644685937,0.0687888347523583,0.0,0.0,29.61793185116036,17.59583981157085,210.3595549699712,0.0,0.0578992580610535,0.0,0.0223568700549048,0.004260302630165739
CM_089-2,-116.83179300000002,34.16866,-53.05482079751465,75.8472878223095,934.7385414341146,5.469602201350573,0.1780263239469613,0.3861339644685937,0.0687420102454103,0.0,0.0,30.688924371628,17.586376681653043,210.3586332379194,0.0,0.057879729770578,0.0,0.0223493295186841,0.00441435633907308
CM_053-1,-121.92839,45.79222,-99.29927027384396,75.11680428171526,934.6807881091032,5.668326657731654,0.1763956986756186,0.4001631862208347,0.0705870648176858,0.0,0.0,117.6951973034555,17.212350250603233,210.32158825711565,0.0,0.0564893826277992,0.0,0.022604971339988,0.01754460481839149
CM_053-2,-121.92839,45.79222,-110.57898151594608,75.13522912829174,934.6821241354172,5.668326657731654,0.1764088621536095,0.4001631862208347,0.0705923323569804,0.0,0.0,150.51156707735225,17.231819154981483,210.32389789226187,0.0,0.0564431184275619,0.0,0.022586458110213,0.02243648020879301
CM_053-3,-121.92839,45.79222,-69.75658576048122,75.51345136479156,934.7117536028352,5.668326657731654,0.1770106521432987,0.4001631862208347,0.0708331465566902,0.0,0.0,48.394816672716566,17.458041878244483,210.3467513663885,0.0,0.0559486902910395,0.0,0.022388606171745,0.0072141255823051946
S19S_0031-D,-122.1650676,44.2602628,-52.75259112160334,75.94849858578432,934.746765022562,5.67996510636298,0.1781102944618553,0.4009848182417463,0.0714195240517709,0.0,0.0,29.66487345491505,17.558590766295747,210.35628434749844,0.0,0.056837063309264,0.0,0.0227907995004598,0.004431167295906292
S19S_0031-U,-122.1642723,44.2605576,-52.8232393978369,75.94134950655135,934.746157085767,5.67996510636298,0.178098118348991,0.4009848182417463,0.0714146416153671,0.0,0.0,29.236812249800497,17.551663669648242,210.35584004808197,0.0,0.0568563520200753,0.0,0.0227985339806586,0.00436722598782579
S19S_0031-M,-122.1647132,44.2602364,-52.89529544740334,75.94624036418182,934.7465914093724,5.67996510636298,0.1781025037343353,0.4009848182417463,0.0714164000883123,0.0,0.0,29.96544037105245,17.556662771172082,210.3560747159889,0.0,0.0568189744760409,0.0,0.0227835461529576,0.004476064244178923
CM_054-1,-121.9284984,45.7922792,-65.74822380867185,75.63372731662083,934.7215061367066,5.814005625683078,0.1772781323937538,0.4104475899789154,0.0727633821969793,0.0,0.0,47.07177147590948,17.4958006778311,210.3497503433878,0.0,0.0559916378941075,0.0,0.0229816328326085,0.007197239741671769
CM_054-3,-121.9284984,45.7922792,-65.89495993160571,75.63287869587462,934.7214621321548,5.814005625683078,0.17727244684614,0.4104475899789154,0.0727610485776635,0.0,0.0,47.60519279816077,17.49462569643927,210.349530852296,0.0,0.0559782634564754,0.0,0.0229761433269151,0.007278799475227301
CM_054-2,-121.9284984,45.7922792,-66.62316883411533,75.60506428126742,934.7191717184764,5.814005625683078,0.1772241199788873,0.4104475899789154,0.0727412129314684,0.0,0.0,46.790996359521166,17.48202992872353,210.34868225112027,0.0,0.0560251555472706,0.0,0.0229953900725711,0.007154309429878071
CM_084-2,-105.751041,39.844312,-46.38273823291829,76.02914901940046,934.753173514336,5.864873487681288,0.1786846505411049,0.414038675490136,0.0739823560404568,0.0,0.0,25.72775908245668,17.423160819570093,210.3457531915828,0.0,0.0586089402772319,0.0,0.0242663680042656,0.003968172907712459
CM_084-3,-105.751041,39.844312,-47.56036583679348,75.99613665903169,934.7504988645372,5.864873487681288,0.1786163685502251,0.414038675490136,0.0739540846553931,0.0,0.0,25.03471052801113,17.4092252308319,210.34455063178757,0.0,0.0586102763215212,0.0,0.0242669211782734,0.0038612791635404147
CM_084-1,-105.751041,39.844312,-46.39876424165073,76.02732521110705,934.7530200845932,5.864873487681288,0.1786887383890432,0.414038675490136,0.0739840485676028,0.0,0.0,25.68625035689369,17.413727086657765,210.3449971289225,0.0,0.0586201340739578,0.0,0.0242710026690356,0.003961770725552528
S19S_0026-U,-105.54393,40.03497,-47.47421610444465,75.9893387896071,934.7499439479474,5.869861461501938,0.1785301460484884,0.4143908082477171,0.0739812515176161,0.0,0.0,28.207594334634717,17.458723062106202,210.3486643141509,0.0,0.05846924952242,0.0,0.024229119567233,0.004354355465955561
S19S_0026-M,-105.54371,40.03496,-46.8222294540714,76.01279032308089,934.7518479592076,5.869861461501938,0.1785590752652835,0.4143908082477171,0.0739932395191457,0.0,0.0,28.406760978710388,17.46839522683902,210.34948086507703,0.0,0.0584183115876127,0.0,0.0242080113552578,0.004385100461610936
S19S_0026-D,-105.54327,40.03489,-48.41482752084353,75.9627521620254,934.747766725622,5.869861461501938,0.1784374747394879,0.4143908082477171,0.073942849378978,0.0,0.0,28.513615750902183,17.45711219938956,210.3486109591992,0.0,0.0584042636991881,0.0,0.0242021900394193,0.004401595440085066
CM_052-1,-121.92897,45.792488,-70.06668346911195,75.526842047864,934.7131016664172,5.907333923305616,0.1772091161362461,0.4170362273663286,0.0739026212483816,0.0,0.0,52.158406861168274,17.39134378883081,210.33991196735465,0.0,0.0565336278685879,0.0,0.0235765708856478,0.008102999603966415
CM_052-2,-121.92897,45.792488,-203.98800246524632,78.90737159551395,935.028664038867,5.907333923305616,0.1819495031938178,0.4170362273663286,0.0758795343831275,0.0,0.0,460.8122766134084,22.50691585747255,210.6453896562673,0.0,0.0534108369922947,0.0,0.0222742539597445,0.0715888754969092
CM_052-3,-121.92897,45.792488,-204.2665121738987,78.88009961253114,935.0261911971756,5.907333923305616,0.1818989492968333,0.4170362273663286,0.0758584515766504,0.0,0.0,460.1784983928718,22.481315924821352,210.64350297585344,0.0,0.0534200438981292,0.0,0.0222780935730194,0.07149041572831082
CM_051-2,-121.928947,45.792427,-204.1035390185259,78.93590229906243,935.0313949803884,5.908487141198253,0.1819956065891319,0.4171176403430657,0.0759135779732636,0.0,0.0,461.5633681090663,22.55177061209597,210.6485949706057,0.0,0.0533886742878377,0.0,0.0222693578399873,0.07171955852842603
CM_051-3,-121.928947,45.792427,-204.10522960616933,78.96460159928937,935.0341656848336,5.908487141198253,0.1820434422200574,0.4171176403430657,0.0759335310587595,0.0,0.0,462.4961034765086,22.592791888944003,210.6512769711636,0.0,0.053375493438564,0.0,0.0222638598752406,0.07186449067295664
CM_051-1,-121.928947,45.792427,-204.1163692644944,78.92874875647014,935.0307122628656,5.908487141198253,0.1819831334667963,0.4171176403430657,0.0759083752139072,0.0,0.0,461.3440409575074,22.542181626521423,210.64795743586996,0.0,0.0533910875287593,0.0,0.0222703644453461,0.07168547860014328
CM_050-2,-121.92941,45.79232,-205.0968801707477,78.95252445346033,935.0335169143656,5.90886216689472,0.1820040113588658,0.4171441157892907,0.0759219023883981,0.0,0.0,462.8537539714024,22.61401654629888,210.65172427562865,0.0,0.0533464837544423,0.0,0.0222531717962146,0.07192462877154143
CM_050-3,-121.92941,45.79232,-204.6625438850984,78.95468355098251,935.0335037363332,5.90886216689472,0.1820183193745559,0.4171441157892907,0.0759278708929518,0.0,0.0,462.6232566367792,22.600123039394614,210.65119738158825,0.0,0.053361611021045,0.0,0.0222594820464659,0.07188881090232604
CM_050-1,-121.92941,45.79232,-76.6353884373561,75.38309629635923,934.7017179487448,5.90886216689472,0.176977348604755,0.4171441157892907,0.0738250595984636,0.0,0.0,64.94278925588338,17.28969346138036,210.3304440712796,0.0,0.0566534834603553,0.0,0.0236326672644531,0.010091710326511601
CM_055-3,-121.9284934,45.7922551,-63.535018583457145,75.69722716359324,934.72666013417,5.965968557880727,0.1774251974926827,0.4211756186913621,0.0747271673254177,0.0,0.0,45.85363627881035,17.510435098123242,210.3509003501001,0.0,0.0560541467299857,0.0,0.0236086399292181,0.007194236673741501
CM_055-2,-121.9284934,45.7922551,-63.51361327798206,75.69388847614574,934.7263668401024,5.965968557880727,0.177418437362165,0.4211756186913621,0.0747243201232645,0.0,0.0,45.13715405877988,17.510520950350926,210.35102067237165,0.0,0.0560685515816746,0.0,0.0236147069015403,0.0070818237206643425
CM_055-1,-121.9284934,45.7922551,-63.42740903161906,75.69670406654365,934.7265969718176,5.965968557880727,0.1774257996681359,0.4211756186913621,0.0747274209470368,0.0,0.0,45.155063679222245,17.511145393465025,210.3510621786918,0.0,0.0560717773590883,0.0,0.0236160655203383,0.007084633662441171
S19S_0030-U,-121.929928,45.792233,-66.91265627258464,75.5713640312102,934.7164074330384,6.094964006118125,0.1772232001635326,0.4302822268125177,0.0762559932092053,0.0,0.0,43.008555178235405,17.441094251544285,210.34547677796013,0.0,0.0563064483772772,0.0,0.0242276639916789,0.006893757106674466
CM_087-5,-121.166009,37.580748,-207.3838193750516,72.36762582505733,934.4622985997285,6.612073664279828,0.1695707807801801,0.4667882824671087,0.0791536535169868,0.0,0.0,72.20106921453007,17.028005283870428,210.3143143615681,0.0,0.0536917731035107,0.0,0.0250626905496014,0.012554843152235306
CM_087-6,-121.166009,37.580748,-215.49725204108557,72.17993918275555,934.4474529398182,6.612073664279828,0.1691465034823278,0.4667882824671087,0.0789556058458326,0.0,0.0,69.48921174889735,16.835171589143094,210.3004156199298,0.0,0.0535539710945276,0.0,0.0249983661865077,0.012083285798547455
CM_087-4,-121.166009,37.580748,-206.4263461809272,72.39096096009044,934.4641572000728,6.612073664279828,0.1696237495499436,0.4667882824671087,0.0791783787180491,0.0,0.0,72.74735906613026,17.05281583085851,210.31607199135763,0.0,0.0537005246399413,0.0,0.0250667756642608,0.012649835975431864
CM_117-3,-123.76292119999998,45.7124168,-193.8720976614308,76.57731761992622,934.8214200728656,6.690298069088352,0.1816682827412594,0.4723106401148831,0.0858038629100958,0.0,0.0,306.0585721271681,15.596412443902963,210.08616679787167,0.0,0.0606404020043622,0.0,0.0286411070875041,0.05384929153860861
CM_117-2,-123.76292119999998,45.7124168,-75.01637563458524,75.37393592164786,934.7005613375562,6.690298069088352,0.1765466186498981,0.4723106401148831,0.0833848464646515,0.0,0.0,44.70342348270506,17.655530600414384,210.36289583136127,0.0,0.0562490323776326,0.0,0.0265670164881224,0.00786531697891425
CM_117-1,-123.76292119999998,45.7124168,-59.76286947807024,75.77670030241704,934.7329256836211,6.690298069088352,0.1776196179405782,0.4723106401148831,0.0838916354464754,0.0,0.0,40.50047950716812,17.476990526363593,210.3489770773835,0.0,0.0561152315022027,0.0,0.0265038209110002,0.007125832527013037
SSS022-2,-121.10729999999998,47.4636,-62.373317361034495,75.67276779206038,934.7243695871554,6.910655851194446,0.1773402363922784,0.4878670957534891,0.086518466088938,0.0,0.0,34.7368052793913,17.565273706883026,210.3570032998999,0.0,0.0561882403295434,0.0,0.0274123936250734,0.006313048401176164
SSS022-3,-121.10729999999998,47.4636,-65.02559499493734,75.56822319992793,934.7157413568518,6.910655851194446,0.1770935733387565,0.4878670957534891,0.0863981273013866,0.0,0.0,31.81663766312939,17.562885016082284,210.35764509890947,0.0,0.0562346096026532,0.0,0.0274350156676777,0.005782338701400005
SSS022-1,-121.10729999999998,47.4636,-61.86306745547743,75.69089387417333,934.7258448214764,6.910655851194446,0.1773862466176862,0.4878670957534891,0.0865409129639827,0.0,0.0,35.447792094697775,17.558782155725716,210.3564237140272,0.0,0.0561810737269129,0.0,0.0274088972754616,0.006442262764486967
S19S_0035-M,-110.75882099999998,32.42728,-168.36282206405397,77.13846518487738,934.8669418996806,7.16224171250568,0.1831604298091172,0.5056281398762894,0.0926110674233256,0.0,0.0,310.46143917693723,15.510284714391116,210.08281992523737,0.0,0.0615380826128629,0.0,0.0311153862430953,0.05847720665327979
S19S_0035-D,-110.75783800000002,32.42735,-73.41779856638959,75.34542953773396,934.6981826672388,7.16224171250568,0.1765986947466456,0.5056281398762894,0.089293269529327,0.0,0.0,48.17825559318274,17.751540682547976,210.3713723124192,0.0,0.0574481004099919,0.0,0.0290473761497304,0.00907465292947842
CM_040-2,-91.191226,30.438365,-2657.4554582088795,227.8456703109578,961.9454768168712,7.325662939914674,0.5256511127234698,0.5171650824353254,0.2718484010438537,0.0,0.0,776.2250186133914,85.68462556758038,212.688804949656,0.0,0.2250043580132598,0.0,0.116364397360235,0.14954246944879182
CM_040-1,-91.191226,30.438365,-2741.305068780028,231.9728619285468,962.4934665984788,7.325662939914674,0.5445885570332315,0.5171650824353254,0.2816421859914261,0.0,0.0,697.4115461796205,75.48309862841722,211.0195359552031,0.0,0.2200045108302392,0.0,0.1137786509796641,0.13435877785040168
CM_040-3,-91.191226,30.438365,-2129.4812353054167,184.30313389145243,953.0768917676492,7.325662939914674,0.4128467710272053,0.5171650824353254,0.2135099343714425,0.0,0.0,922.9974779105472,87.34703186188261,210.8429995947967,0.0,0.2029458825758667,0.0,0.104956524092258,0.17781869797022887
S19S_0032-U,-119.02375000000002,36.95497,-71.03304301010567,75.39768561905214,934.7025421851636,8.196439530627936,0.1767850064647096,0.5786387334908872,0.1022946522409179,0.0,0.0,33.98715912586327,17.7913433820633,210.37401521714477,0.0,0.0575961945837473,0.0,0.0333273890878342,0.007326053454196046
S19S_0032-M,-119.02367,36.95503,-63.97250510781255,75.54480855814828,934.7143995412508,8.196439530627936,0.1772408943000377,0.5786387334908872,0.102558446600566,0.0,0.0,34.283219134080895,17.61533336110728,210.3593107963003,0.0,0.0575178295877521,0.0,0.0332820440658016,0.007389870245644247
S19S_0008-D,-119.027785,36.961112,-57.14483397462625,75.71634578280333,934.7280422585756,8.214588337477513,0.1776885105727786,0.579919973054794,0.1030451162635122,0.0,0.0,40.00723675849217,17.508835340385055,210.3515885623901,0.0,0.0576319069963678,0.0,0.03342189395243,0.008642797540311033
S19S_0008-M,-119.02828100000002,36.961369,-164.5700461826467,77.2408677622399,934.8746960092492,8.214588337477513,0.1831995654222838,0.579919973054794,0.1062410870433407,0.0,0.0,310.7542549336991,15.805380832162104,210.10827839003312,0.0,0.061397950996468,0.0,0.0356058980874912,0.06713250721101255
S19S_0008-U,-119.02825400000002,36.961273,-169.10135185868452,77.13133584531894,934.8661171268602,8.214588337477513,0.1829434918662939,0.579919973054794,0.106092584873651,0.0,0.0,310.6001816122225,15.792901442320144,210.105043812268,0.0,0.0613979859363249,0.0,0.0356059183498121,0.06709922261972914
